project,commit_hash,author,date,lines_added,lines_deleted,files_changed,total_impact,branch
t5,e081111ccd,Hana Joo,2025-04-29,1,1,1,2,origin/HEAD
t5,2c2c0d52f0,Yang Chen,2025-02-28,1,3,1,4,origin/HEAD
Qwen,528817ac8e,Yang An,2025-06-16,0,0,1,0,origin/HEAD
Qwen,1c282d421c,Yang An,2025-06-16,0,0,1,0,origin/HEAD
Qwen,df5866f1be,Yang An,2025-04-29,0,0,1,0,origin/HEAD
Qwen,1ac436a15d,Yang An,2025-04-29,0,0,1,0,origin/HEAD
Qwen,ee455c98bf,Yang An,2025-03-28,0,0,1,0,origin/HEAD
Qwen,698e35f0c1,Yang An,2025-03-28,0,0,1,0,origin/HEAD
Qwen,f7e3e7cb77,Yang An,2025-02-26,0,0,1,0,origin/HEAD
Qwen,319cde1bf4,Yang An,2025-02-26,0,0,1,0,origin/HEAD
Qwen,83d715b4ef,Yang An,2025-02-01,0,0,1,0,origin/HEAD
Qwen,e20ed5801e,Yang An,2025-02-01,0,0,1,0,origin/HEAD
Qwen3,83fbf07d6e,Bihan Rana,2025-06-13,162,0,2,162,origin/HEAD
Qwen3,ac8c783d12,Ren Xuancheng,2025-06-13,1644,2166,19,3810,origin/HEAD
Qwen3,70d9deae58,Yang Fan,2025-06-13,105,0,1,105,origin/HEAD
Qwen3,0eea76c126,Jianhong Tu,2025-06-09,73,754,1,827,origin/HEAD
Qwen3,8b3807a089,THU-LIJX,2025-06-05,105,0,1,105,origin/HEAD
Qwen3,7302765080,NanoCode012,2025-05-29,131,0,2,131,origin/HEAD
Qwen3,52fa975d80,Ren Xuancheng,2025-05-29,50,148,5,198,origin/HEAD
Qwen3,2a23ce01c8,Bo Li,2025-05-22,10,1,1,11,origin/HEAD
Qwen3,c7f51a1a1c,Ren Xuancheng,2025-05-20,100,127,8,227,origin/HEAD
Qwen3,ac7272455d,Ren Xuancheng,2025-05-16,2120,3558,6,5678,origin/HEAD
Qwen3,728493158d,Ren Xuancheng,2025-05-14,0,0,1,0,origin/HEAD
Qwen3,72e3c9fe33,Ren Xuancheng,2025-05-14,5,2,1,7,origin/HEAD
Qwen3,c3132b7711,Jack,2025-05-14,5,0,1,5,origin/HEAD
Qwen3,8dd7dfd880,Ren Xuancheng,2025-05-14,0,0,1,0,origin/HEAD
Qwen3,714df5bce8,Ren Xuancheng,2025-05-09,1,6,1,7,origin/HEAD
Qwen3,1d87faccb5,renxuancheng.rxc,2025-05-07,251,197,14,448,origin/HEAD
Qwen3,0263b5c84e,Jianhong Tu,2025-05-07,38,19,1,57,origin/HEAD
Qwen3,91ff7a4281,BearBiscuit,2025-05-07,296,84,5,380,origin/HEAD
Qwen3,8925421aba,donghee choi,2025-05-06,7,7,1,14,origin/HEAD
Qwen3,d0a53038f2,Jintao,2025-05-06,457,513,2,970,origin/HEAD
Qwen3,644d4c1765,Jianhong Tu,2025-05-06,72,74,1,146,origin/HEAD
Qwen3,2af51e0e5c,Ren Xuancheng,2025-04-30,1,1,1,2,origin/HEAD
Qwen3,8e4e4f5a94,Ren Xuancheng,2025-04-29,9,1,1,10,origin/HEAD
Qwen3,2b4515c1c7,Ren Xuancheng,2025-04-29,0,4,1,4,origin/HEAD
Qwen3,9a7f8e7524,Ren Xuancheng,2025-04-29,1,1,1,2,origin/HEAD
Qwen3,2b567c638f,Ren Xuancheng,2025-04-29,743,831,27,1574,origin/HEAD
Qwen3,320861c7c7,jojomanar,2025-04-29,1,1,1,2,origin/HEAD
Qwen3,a7048e574d,Kaiyu Shi,2025-04-29,1,1,1,2,origin/HEAD
Qwen3,e5cde02890,Ren Xuancheng,2025-04-29,13,1,1,14,origin/HEAD
Qwen3,4a65ffa4f3,Ren Xuancheng,2025-04-29,1,1,1,2,origin/HEAD
Qwen3,e5a1d3263e,Binyuan Hui,2025-04-29,9439,8120,66,17559,origin/HEAD
Qwen3,7091d4aae2,renxuancheng.rxc,2025-04-29,4,0,1,4,origin/HEAD
Qwen3,c5d7280d48,renxuancheng.rxc,2025-04-29,4,4,2,8,origin/HEAD
Qwen3,a905f63066,renxuancheng.rxc,2025-04-29,3,2,1,5,origin/HEAD
Qwen3,f4d356cb55,renxuancheng.rxc,2025-04-29,9433,8119,66,17552,origin/HEAD
Qwen3,2abc0f3243,jinghanhu,2025-04-22,762,0,8,762,origin/HEAD
Qwen3,905ca20800,Peter Schneider,2025-03-14,1,1,1,2,origin/HEAD
Qwen3,2253481205,Ren Xuancheng,2025-03-13,1,1,1,2,origin/HEAD
Qwen3,5b3920817a,Ren Xuancheng,2025-03-13,4,41,2,45,origin/HEAD
Qwen3,31f2eaad56,Ren Xuancheng,2025-02-20,21,4,1,25,origin/HEAD
Qwen3,d803b5a351,Ren Xuancheng,2025-02-08,2,2,1,4,origin/HEAD
Qwen3,ede72b12e9,Ren Xuancheng,2025-01-23,24,2,1,26,origin/HEAD
Qwen3,aa2e8d8adc,Yarx,2025-01-23,3,3,2,6,origin/HEAD
Qwen3,486bf7575c,Junyang Lin,2025-01-12,2,2,1,4,origin/HEAD
Qwen3,a9370f3261,Ren Xuancheng,2024-12-24,10,15,1,25,origin/HEAD
RWKV-LM,49cfc1e5dd,PENG Bo,2025-06-18,3,1,1,4,origin/HEAD
RWKV-LM,247ce631e3,PENG Bo,2025-06-11,7,1,1,8,origin/HEAD
RWKV-LM,ad3a763020,PENG Bo,2025-06-11,80,0,1,80,origin/HEAD
RWKV-LM,c718c5dd2a,PENG Bo,2025-06-06,2,0,1,2,origin/HEAD
RWKV-LM,8ca1efff00,Bo,2025-05-26,477,0,1,477,origin/HEAD
RWKV-LM,a08ab8e5da,PENG Bo,2025-05-23,1,1,1,2,origin/HEAD
RWKV-LM,8fb8a703b4,PENG Bo,2025-05-23,2,0,1,2,origin/HEAD
RWKV-LM,b9b5e645b9,Bo,2025-05-22,8,4,1,12,origin/HEAD
RWKV-LM,768ba99261,PENG Bo,2025-05-17,2,0,1,2,origin/HEAD
RWKV-LM,150be29143,Bo,2025-05-17,37,0,1,37,origin/HEAD
RWKV-LM,7c583e96a2,PENG Bo,2025-05-14,0,182,1,182,origin/HEAD
RWKV-LM,c7aedaa943,PENG Bo,2025-05-14,0,159,1,159,origin/HEAD
RWKV-LM,6bf7ac334f,PENG Bo,2025-05-08,2,2,1,4,origin/HEAD
RWKV-LM,b3b4d056d0,Bo,2025-05-07,34,22,2,56,origin/HEAD
RWKV-LM,f42cff34e2,PENG Bo,2025-04-30,2,1,1,3,origin/HEAD
RWKV-LM,63bc8d0f9a,PENG Bo,2025-04-30,29,32,1,61,origin/HEAD
RWKV-LM,1bd0951f34,PENG Bo,2025-04-30,14,0,1,14,origin/HEAD
RWKV-LM,58d7405763,PENG Bo,2025-04-30,5,4,1,9,origin/HEAD
RWKV-LM,38d86384ce,PENG Bo,2025-04-23,2,2,1,4,origin/HEAD
RWKV-LM,4091ba141b,PENG Bo,2025-04-23,1,1,1,2,origin/HEAD
RWKV-LM,59ed0d2b32,PENG Bo,2025-04-23,6,1,1,7,origin/HEAD
RWKV-LM,d6a1efc06c,PENG Bo,2025-04-07,2,2,1,4,origin/HEAD
RWKV-LM,6d0e322434,PENG Bo,2025-04-07,8,8,1,16,origin/HEAD
RWKV-LM,f8214aa017,Bo,2025-04-07,60,176,9,236,origin/HEAD
RWKV-LM,082f2689e4,PENG Bo,2025-04-07,2,0,1,2,origin/HEAD
RWKV-LM,d07df1ccf1,Bo,2025-04-07,2033,0,16,2033,origin/HEAD
RWKV-LM,c199da8564,PENG Bo,2025-03-21,46,0,1,46,origin/HEAD
RWKV-LM,05e0a9d627,PENG Bo,2025-03-17,1,1,1,2,origin/HEAD
RWKV-LM,2148350664,Bo,2025-02-27,103,0,1,103,origin/HEAD
RWKV-LM,17d463d45c,Bo,2025-02-27,2,2,2,4,origin/HEAD
RWKV-LM,a963e4ad84,Bo,2025-02-19,65806,59,4,65865,origin/HEAD
RWKV-LM,a841f114f0,Bo,2025-02-08,207,1,7,208,origin/HEAD
RWKV-LM,2471a9ff67,PENG Bo,2025-02-07,7,1,1,8,origin/HEAD
RWKV-LM,3f913155b7,PENG Bo,2025-02-07,7,1,1,8,origin/HEAD
RWKV-LM,012e2a6096,PENG Bo,2025-01-31,120,0,1,120,origin/HEAD
RWKV-LM,d8baebb9ae,PENG Bo,2025-01-26,1,1,1,2,origin/HEAD
RWKV-LM,7500c69cda,PENG Bo,2025-01-26,1,1,1,2,origin/HEAD
RWKV-LM,b8c5a47241,PENG Bo,2025-01-21,4,1,1,5,origin/HEAD
RWKV-LM,5380050e0f,PENG Bo,2025-01-21,0,0,1,0,origin/HEAD
RWKV-LM,ad9a81c1df,PENG Bo,2025-01-21,16,6,1,22,origin/HEAD
RWKV-LM,d7aa206c99,Bo,2025-01-21,74,1,3,75,origin/HEAD
RWKV-LM,5ce34bc1c2,PENG Bo,2025-01-10,1,1,1,2,origin/HEAD
RWKV-LM,47ef1f057a,PENG Bo,2025-01-09,1,1,1,2,origin/HEAD
RWKV-LM,dd86f1de3e,PENG Bo,2025-01-04,1,1,1,2,origin/HEAD
RWKV-LM,fd7c883073,PENG Bo,2025-01-04,2,0,1,2,origin/HEAD
RWKV-LM,2c88daa7de,PENG Bo,2024-12-31,2,0,1,2,origin/HEAD
RWKV-LM,7c1fbb25a6,Bo,2024-12-30,8,8,1,16,origin/HEAD
RWKV-LM,d4c42b2cac,PENG Bo,2024-12-27,2,2,1,4,origin/HEAD
RWKV-LM,e5cd13bc77,PENG Bo,2024-12-26,3,3,1,6,origin/HEAD
RWKV-LM,d918546bc9,PENG Bo,2024-12-26,1,1,1,2,origin/HEAD
RWKV-LM,64000d4099,PENG Bo,2024-12-26,3,3,1,6,origin/HEAD
RWKV-LM,4c712ccdf4,PENG Bo,2024-12-26,6,6,1,12,origin/HEAD
RWKV-LM,78d9146f74,PENG Bo,2024-12-26,1,1,1,2,origin/HEAD
RWKV-LM,1c953c0691,PENG Bo,2024-12-26,2,0,1,2,origin/HEAD
RWKV-LM,2ca423b0df,PENG Bo,2024-12-24,3,1,1,4,origin/HEAD
RWKV-LM,c09c4640ee,PENG Bo,2024-12-24,9,5,1,14,origin/HEAD
RWKV-LM,35b796d7e5,PENG Bo,2024-12-20,2,0,1,2,origin/HEAD
RWKV-LM,0897b345e6,PENG Bo,2024-12-20,1,1,1,2,origin/HEAD
RWKV-LM,557ccc8705,PENG Bo,2024-12-20,4,2,1,6,origin/HEAD
RWKV-LM,c1a6a24a62,PENG Bo,2024-12-20,0,0,1,0,origin/HEAD
RWKV-LM,9922280aab,PENG Bo,2024-12-20,18,14,1,32,origin/HEAD
gpt-neox,d12c771198,Quentin Anthony,2025-06-10,126,127,96,253,origin/HEAD
gpt-neox,f543cbd13b,Emmanuel Ferdman,2025-05-15,1,1,1,2,origin/HEAD
gpt-neox,d11df96140,DayOfThePenguin,2025-05-10,1317,703,21,2020,origin/HEAD
gpt-neox,4c9f10816d,Aurelion,2025-05-10,36,84,3,120,origin/HEAD
gpt-neox,ce65b363b0,Aurelion,2025-05-10,65,19,2,84,origin/HEAD
gpt-neox,21fa24f9c7,Aurelion,2025-05-10,0,16,1,16,origin/HEAD
gpt-neox,facb280d99,Quentin Anthony,2025-04-18,260,146,8,406,origin/HEAD
gpt-neox,f84b54e203,Aurelion,2025-03-12,2,2,1,4,origin/HEAD
gpt-neox,deddf29e1b,Quentin Anthony,2025-03-08,1,1,1,2,origin/HEAD
gpt-neox,62aded2ee8,Quentin Anthony,2025-03-07,1,1,1,2,origin/HEAD
gpt-neox,9107b255cc,Quentin Anthony,2025-02-19,0,13,2,13,origin/HEAD
gpt-neox,9eaec64d8c,Aurelion,2025-02-19,22,2,2,24,origin/HEAD
gpt-neox,d7cc7aa289,Aurelion,2025-02-08,10,2,1,12,origin/HEAD
gpt-neox,5f138138de,Quentin Anthony,2025-01-30,2386,276,48,2662,origin/add-context-parallel-support
gpt-neox,fffe167f32,Nora Belrose,2025-04-04,831,2,5,833,origin/expert-choice
gpt-neox,99d09b85d9,root,2025-06-19,595,0,6,595,origin/filtering_training
gpt-neox,f576e25fe7,root,2025-06-18,1105,46,9,1151,origin/filtering_training
gpt-neox,f324f7fa16,root,2025-06-12,552,20,9,572,origin/filtering_training
gpt-neox,beb55a959e,Kyle1668,2025-05-03,1,2,1,3,origin/filtering_training
gpt-neox,88fe769045,Kyle1668,2025-05-03,8838,8567,2,17405,origin/filtering_training
gpt-neox,cd0fba085f,Kyle1668,2025-05-03,64,18,2,82,origin/filtering_training
gpt-neox,7780003b4c,Kyle1668,2025-04-24,8192,7946,1,16138,origin/filtering_training
gpt-neox,10e50a5a4d,Kyle1668,2025-04-24,43,27,1,70,origin/filtering_training
gpt-neox,6a574770ed,aurelion-source,2025-04-20,1,0,1,1,origin/filtering_training
gpt-neox,0baf1d3a4b,aurelion-source,2025-04-20,63,18,2,81,origin/filtering_training
gpt-neox,ded2d0b231,Kyle1668,2025-04-15,8192,7946,1,16138,origin/filtering_training
gpt-neox,f0e50cdb3e,Kyle1668,2025-04-12,29990,4,3,29994,origin/filtering_training
gpt-neox,39ef716caf,Kyle1668,2025-04-12,57,40,4,97,origin/filtering_training
gpt-neox,c884a264e7,Kyle1668,2025-04-11,1332,0,2,1332,origin/filtering_training
gpt-neox,00400bc0cc,Kyle1668,2025-04-03,334,103,12,437,origin/filtering_training
gpt-neox,5acc27f389,Kyle1668,2025-03-25,2,2,1,4,origin/filtering_training
gpt-neox,25880c7889,Kyle1668,2025-03-25,12,6,3,18,origin/filtering_training
gpt-neox,cd2ed3ef89,Kyle1668,2025-03-24,1,6,1,7,origin/filtering_training
gpt-neox,05a995fb1b,Kyle1668,2025-03-24,50,44,1,94,origin/filtering_training
gpt-neox,3fa495b2b8,Kyle1668,2025-03-23,9,7,1,16,origin/filtering_training
gpt-neox,bd992e6ba6,Kyle1668,2025-03-23,213,24,1,237,origin/filtering_training
gpt-neox,bb881f3b31,Kyle1668,2025-03-23,41,22,1,63,origin/filtering_training
gpt-neox,f0c3ca735d,Kyle1668,2025-03-22,1,1,1,2,origin/filtering_training
gpt-neox,89b9f654f8,Kyle1668,2025-03-22,7,1,2,8,origin/filtering_training
gpt-neox,69f4c82c54,Kyle1668,2025-03-22,4,1,2,5,origin/filtering_training
gpt-neox,60753736b2,Kyle1668,2025-03-22,1,1,1,2,origin/filtering_training
gpt-neox,851811c88f,Kyle1668,2025-03-22,12,7,1,19,origin/filtering_training
gpt-neox,286e84e9b0,Kyle1668,2025-03-15,371,15,7,386,origin/filtering_training
gpt-neox,beb61c04bf,Kyle1668,2025-03-12,561,347,13,908,origin/filtering_training
gpt-neox,36cd0faf8e,Kyle1668,2025-03-12,1,1,1,2,origin/filtering_training
gpt-neox,2ed84de18e,Kyle1668,2025-03-12,356,11,8,367,origin/filtering_training
gpt-neox,c0879df6c3,Adam Scherlis,2025-01-22,495,2,6,497,origin/old-pythia-chkpt
gpt-neox,56b6e3a50d,Kyle1668,2025-05-31,150,108,10,258,origin/polypythia_kyle
gpt-neox,054061553d,Kyle1668,2025-05-29,1,1,1,2,origin/polypythia_kyle
gpt-neox,2b5c971206,Kyle1668,2025-05-29,3,3,3,6,origin/polypythia_kyle
gpt-neox,9bf0dc8d2c,Kyle1668,2025-05-29,11,11,3,22,origin/polypythia_kyle
gpt-neox,64180c376b,Kyle1668,2025-05-29,2,2,1,4,origin/polypythia_kyle
gpt-neox,6567932b7a,Kyle1668,2025-05-29,1,1,1,2,origin/polypythia_kyle
gpt-neox,6a42fd27fc,Kyle1668,2025-05-29,1,1,1,2,origin/polypythia_kyle
gpt-neox,9c18c38617,Kyle1668,2025-05-29,223,0,2,223,origin/polypythia_kyle
gpt-neox,717049e1bb,Quentin Anthony,2025-06-10,10,13,1,23,origin/qanthony/all_ranks_logging
gpt-neox,2ef6ac4a7f,Quentin Anthony,2025-06-10,1,1,1,2,origin/qanthony/all_ranks_logging
gpt-neox,83e03a23b4,Quentin Anthony,2025-06-10,64,27,2,91,origin/qanthony/all_ranks_logging
gpt-neox,8343bca286,Quentin Anthony,2025-06-10,42,0,2,42,origin/qanthony/l1-norm
gpt-neox,8b8bd2fd8c,Quentin Anthony,2025-06-07,263,0,3,263,origin/qanthony/unit-tests
gpt-neox,c97a2abe04,Quentin Anthony,2025-06-10,39,3,2,42,origin/qanthony/verbosity
gpt-neox,27c35e2767,jahatef,2025-01-30,11,8,2,19,origin/rwkv-tp-frontier
gpt-neox,a001467b83,jahatef,2025-01-16,4256,581,56,4837,origin/rwkv-tp-frontier
gpt-neox,300470f153,aurelion-source,2025-05-09,1,1,1,2,origin/te_disable_fused_qkv
gpt-neox,11668f4266,aurelion-source,2025-04-26,1,1,1,2,origin/te_disable_fused_qkv
gpt-neox,732c57dd56,Kyle1668,2025-03-23,8261,0,4,8261,origin/test_ci
gpt-neox,58ef45d897,Quentin Anthony,2025-01-30,1,1,1,2,origin/update-deepspeed
gpt-neox,2841bb0a2b,Kyle1668,2025-05-10,2,2,1,4,origin/update_lm_eval
gpt-neox,c60d5954c8,Kyle1668,2025-05-10,12,6,3,18,origin/update_lm_eval
gpt-neox,a4c8e00e13,Kyle1668,2025-05-10,1,6,1,7,origin/update_lm_eval
gpt-neox,6133de9f51,Kyle1668,2025-05-10,50,44,1,94,origin/update_lm_eval
gpt-neox,e8c33e5b03,Kyle1668,2025-05-10,9,7,1,16,origin/update_lm_eval
gpt-neox,04eabe728b,Kyle1668,2025-05-10,213,24,1,237,origin/update_lm_eval
gpt-neox,6207d7bc8b,Kyle1668,2025-05-10,41,22,1,63,origin/update_lm_eval
gpt-neox,a2a5084fd1,Kyle1668,2025-05-10,1,1,1,2,origin/update_lm_eval
gpt-neox,0cc037c6fa,Kyle1668,2025-05-10,7,1,2,8,origin/update_lm_eval
gpt-neox,438321213e,Kyle1668,2025-05-10,4,1,2,5,origin/update_lm_eval
gpt-neox,c918e04399,Kyle1668,2025-05-10,1,1,1,2,origin/update_lm_eval
gpt-neox,6065d05608,Kyle1668,2025-05-10,12,7,1,19,origin/update_lm_eval
OpenAI-CLIP,dcba3cb2e2,tminer,2024-06-05,5,4,2,9,origin/HEAD
Yalm,14fa94df2e,Vasilev Ruslan,2023-01-25,14,0,1,14,origin/HEAD
Dbrx,a3200393e6,Tess,2024-04-20,13,4,3,17,origin/HEAD
Dbrx,ac732b3d87,Denny Lee,2024-04-20,12,0,1,12,origin/HEAD
Dbrx,c94b65ea34,Hanlin Tang,2024-04-02,4,4,2,8,origin/HEAD
Dbrx,8c8ff96911,Ikko Eltociear Ashimine,2024-03-31,3,3,1,6,origin/HEAD
Dbrx,c145ef8397,Hanlin Tang,2024-03-30,12,1,1,13,origin/HEAD
Dbrx,c55c7c381f,bandish-shah,2024-03-28,2,3,1,5,origin/HEAD
Dbrx,8ddfd58efa,Addison Snelling,2024-03-28,1,1,1,2,origin/HEAD
Dbrx,5d4bb8fd7a,Megha Agarwal,2024-03-28,2,2,1,4,origin/HEAD
Dbrx,7cbcf4ece5,Bandish Shah,2024-03-28,3054,0,18,3054,origin/HEAD
Yi,a2b8497d7b,Yu,2024-06-07,1,11,1,12,origin/Anonymitaet-patch-1
Yi,f73194cc16,Haijian Wang,2024-11-27,1,1,1,2,origin/HEAD
Yi,8cb87023ef,Mia-xia,2024-11-27,1,1,1,2,origin/HEAD
Yi,c86f355fef,Haijian Wang,2024-11-11,1,1,1,2,origin/HEAD
Yi,899869be5b,Yu,2024-11-11,1,1,1,2,origin/HEAD
Yi,d4f0881d32,nlmlml,2024-11-05,1,1,1,2,origin/HEAD
Yi,8673eeaf48,Haijian Wang,2024-11-05,1,1,1,2,origin/HEAD
Yi,292dc81960,Mia-xia,2024-09-24,1,1,1,2,origin/HEAD
Yi,18afd95985,Haijian Wang,2024-09-24,1,1,1,2,origin/HEAD
Yi,12ea6c3bc3,Mia-xia,2024-09-24,1,1,1,2,origin/HEAD
Yi,47d888bfbd,nlmlml,2024-09-24,1,1,1,2,origin/HEAD
Yi,88578fc2c8,nlmlml,2024-09-24,1,1,1,2,origin/HEAD
Yi,9a3cebabe9,Haijian Wang,2024-09-24,1,1,1,2,origin/HEAD
Yi,2d76a3e388,Mia-xia,2024-09-24,1,1,1,2,origin/HEAD
Yi,988e439477,Haijian Wang,2024-09-24,1,1,1,2,origin/HEAD
Yi,cda532c88f,Mia-xia,2024-09-24,1,1,1,2,origin/HEAD
Yi,a9cc28834d,Haijian Wang,2024-09-24,1,1,1,2,origin/HEAD
Yi,09ff2895e4,nlmlml,2024-09-24,1,1,1,2,origin/HEAD
Yi,bfb13b9e97,Haijian Wang,2024-09-24,1,1,1,2,origin/HEAD
Yi,0c9a61ce07,Mia-xia,2024-09-24,1,1,1,2,origin/HEAD
Yi,b4fb7d5bd7,Mia-xia,2024-09-24,5,5,1,10,origin/HEAD
Yi,211e9f4634,Haijian Wang,2024-09-23,1,1,1,2,origin/HEAD
Yi,99233f4f9e,Haijian Wang,2024-09-23,5,5,1,10,origin/HEAD
Yi,8c724806ce,Mia-xia,2024-09-23,5,5,1,10,origin/HEAD
Yi,1753148be6,Haijian Wang,2024-09-23,5,5,1,10,origin/HEAD
Yi,42eebb7fc0,nlmlml,2024-09-23,1,1,1,2,origin/HEAD
Yi,f27c5980ac,nlmlml,2024-09-23,2,1,1,3,origin/HEAD
Yi,8b372f2f61,Haijian Wang,2024-09-23,2,1,1,3,origin/HEAD
Yi,bd247ccdd3,Haijian Wang,2024-09-23,1,1,1,2,origin/HEAD
Yi,da6fc58795,Mia-xia,2024-09-19,1,0,1,1,origin/HEAD
Yi,f0571c883e,Haijian Wang,2024-09-19,1,0,1,1,origin/HEAD
Yi,4df8e9d46d,nlmlml,2024-09-06,0,0,1,0,origin/HEAD
Yi,3623a24e21,Haijian Wang,2024-09-06,0,0,1,0,origin/HEAD
Yi,0212bf7622,Mia-xia,2024-09-05,0,0,1,0,origin/HEAD
Yi,aab988f405,nlmlml,2024-09-05,0,0,1,0,origin/HEAD
Yi,a7591ce8d6,nlmlml,2024-09-04,0,0,1,0,origin/HEAD
Yi,8350bdb8b7,nlmlml,2024-09-04,0,0,1,0,origin/HEAD
Yi,461545b79b,Mia-xia,2024-09-04,0,0,1,0,origin/HEAD
Yi,90a93603f0,Mia-xia,2024-09-04,0,0,1,0,origin/HEAD
Yi,5b76f0708f,nlmlml,2024-09-04,0,0,1,0,origin/HEAD
Yi,ffd96437b7,Mia-xia,2024-09-04,0,0,1,0,origin/HEAD
Yi,48c127b842,nlmlml,2024-09-04,0,0,1,0,origin/HEAD
Yi,8900424b8f,Mia-xia,2024-09-04,0,0,1,0,origin/HEAD
Yi,764e80bf20,nlmlml,2024-09-04,0,0,7,0,origin/HEAD
Yi,ca7bede54c,Mia-xia,2024-09-04,0,0,7,0,origin/HEAD
Yi,29b4646a8f,nlmlml,2024-09-04,0,0,1,0,origin/HEAD
Yi,357022ddbc,nlmlml,2024-09-04,0,0,1,0,origin/HEAD
Yi,90183b52c4,Mia-xia,2024-09-04,0,0,1,0,origin/HEAD
Yi,3f59ec04ad,Mia-xia,2024-09-04,0,0,1,0,origin/HEAD
Yi,04e2b82347,nlmlml,2024-09-04,0,0,1,0,origin/HEAD
Yi,288a36ae5d,Mia-xia,2024-09-04,0,0,1,0,origin/HEAD
Yi,f9096f3643,Mia-xia,2024-09-04,0,0,1,0,origin/HEAD
Yi,8f42b6a2d8,nlmlml,2024-09-04,0,0,1,0,origin/HEAD
Yi,d99343eb02,Mia-xia,2024-09-04,0,0,1,0,origin/HEAD
Yi,e3ade17b09,nlmlml,2024-09-04,0,0,1,0,origin/HEAD
Yi,a71e035e65,Mia-xia,2024-09-04,0,0,1,0,origin/HEAD
Yi,012460328d,Haijian Wang,2024-09-03,0,0,3,0,origin/HEAD
Yi,398349dc5a,Mia-xia,2024-09-03,0,0,3,0,origin/HEAD
Yi,3c941e1801,Haijian Wang,2024-09-03,1,0,1,1,origin/HEAD
Yi,34a47cf39d,Mia-xia,2024-09-03,1,0,1,1,origin/HEAD
Yi,7ac8158a79,nlmlml,2024-08-22,0,0,1,0,origin/HEAD
Yi,c132118756,Mia-xia,2024-08-22,0,0,1,0,origin/HEAD
Yi,2058c9b525,Mia-xia,2024-08-15,1,1,1,2,origin/HEAD
Yi,4fb7bde7cb,nlmlml,2024-08-15,1,1,1,2,origin/HEAD
Yi,55f1c68819,Mia-xia,2024-08-15,1,1,1,2,origin/HEAD
Yi,fde558fff0,nlmlml,2024-08-15,1,1,1,2,origin/HEAD
Yi,a3936d4c54,Haijian Wang,2024-08-09,26708,42,50,26750,origin/HEAD
Yi,0253f4cde4,nlmlml,2024-08-05,1,3,1,4,origin/HEAD
Yi,3356b48ae3,Mia-xia,2024-08-05,1,3,1,4,origin/HEAD
Yi,2b78c8a52b,nlmlml,2024-08-05,4,0,1,4,origin/HEAD
Yi,4f2f363982,Mia-xia,2024-08-05,4,0,1,4,origin/HEAD
Yi,5cf37aef70,nlmlml,2024-08-05,0,0,2,0,origin/HEAD
Yi,10e965f86f,Mia-xia,2024-08-05,0,0,2,0,origin/HEAD
Yi,648badf755,nlmlml,2024-08-05,0,0,3,0,origin/HEAD
Yi,4de7879388,Mia-xia,2024-08-05,0,0,3,0,origin/HEAD
Yi,789366ac7a,nlmlml,2024-08-05,1,0,1,1,origin/HEAD
Yi,8cc78b5a53,Mia-xia,2024-08-05,1,0,1,1,origin/HEAD
Yi,9777a5101e,nlmlml,2024-08-05,7,2,1,9,origin/HEAD
Yi,da8d6136e5,Mia-xia,2024-08-03,7,2,1,9,origin/HEAD
Yi,fea1ec55c5,nlmlml,2024-08-02,4,1,1,5,origin/HEAD
Yi,a6aa508e89,Mia-xia,2024-08-02,4,1,1,5,origin/HEAD
Yi,7aa5193183,Haijian Wang,2024-08-01,3,0,1,3,origin/HEAD
Yi,99889dddd1,Mia-xia,2024-08-01,3,0,1,3,origin/HEAD
Yi,782d764719,Haijian Wang,2024-08-01,4,0,1,4,origin/HEAD
Yi,88329a68cd,Mia-xia,2024-08-01,4,0,1,4,origin/HEAD
Yi,aaad23cc3b,nlmlml,2024-08-01,2,1,1,3,origin/HEAD
Yi,8eff597f59,Mia-xia,2024-08-01,2,1,1,3,origin/HEAD
Yi,d5703e086b,nlmlml,2024-08-01,57,10,2,67,origin/HEAD
Yi,740f9597fa,Mia-xia,2024-08-01,57,10,2,67,origin/HEAD
Yi,26a249359c,nlmlml,2024-08-01,0,0,1,0,origin/HEAD
Yi,5f46e7357f,Mia-xia,2024-08-01,0,0,1,0,origin/HEAD
Yi,330960f4ab,nlmlml,2024-08-01,10,0,1,10,origin/HEAD
Yi,b69c0ff51a,Mia-xia,2024-08-01,10,0,1,10,origin/HEAD
Yi,c498272df6,Mia-xia,2024-07-29,1,1,1,2,origin/HEAD
Yi,cae449f929,Haijian Wang,2024-07-29,1,1,1,2,origin/HEAD
Yi,09d246c971,Mia-xia,2024-07-29,1,1,1,2,origin/HEAD
Yi,864b0acb1f,Haijian Wang,2024-07-29,1,1,1,2,origin/HEAD
Yi,289531b022,nlmlml,2024-07-29,2,2,1,4,origin/HEAD
Yi,546f3497c7,Haijian Wang,2024-07-29,2,2,1,4,origin/HEAD
Yi,b245eac897,nlmlml,2024-07-29,15,5,1,20,origin/HEAD
Yi,dbe2f5dc95,Haijian Wang,2024-07-29,15,5,1,20,origin/HEAD
Yi,5b67d556aa,Mia-xia,2024-07-29,9399,0,1,9399,origin/HEAD
Yi,ef2c083f3a,Haijian Wang,2024-07-29,9399,0,1,9399,origin/HEAD
Yi,4a0b7cf497,Mia-xia,2024-07-29,86,0,1,86,origin/HEAD
Yi,897cb221e3,Haijian Wang,2024-07-29,86,0,1,86,origin/HEAD
Yi,eb2afcc742,nlmlml,2024-07-29,137,0,2,137,origin/HEAD
Yi,54afb76455,Haijian Wang,2024-07-29,112,0,1,112,origin/HEAD
Yi,5698490f14,Haijian Wang,2024-07-29,25,0,1,25,origin/HEAD
Yi,07ddfb6f67,Mia-xia,2024-07-29,19,0,1,19,origin/HEAD
Yi,197e28c18d,Haijian Wang,2024-07-29,19,0,1,19,origin/HEAD
Yi,0b05e3fc17,nlmlml,2024-07-29,178,0,1,178,origin/HEAD
Yi,a886ebcaf2,Haijian Wang,2024-07-27,0,25,1,25,origin/HEAD
Yi,c4dd6f4cea,Haijian Wang,2024-07-27,0,19,1,19,origin/HEAD
Yi,180f905ed3,Haijian Wang,2024-07-27,19,0,1,19,origin/HEAD
Yi,fbe013e0cd,Haijian Wang,2024-07-27,25,0,1,25,origin/HEAD
Yi,0eedb7072c,Haijian Wang,2024-07-27,178,0,1,178,origin/HEAD
Yi,b4ffef4e07,Mia-xia,2024-07-27,1,0,1,1,origin/HEAD
Yi,deadab5252,Haijian Wang,2024-07-27,1,0,1,1,origin/HEAD
Yi,fd4f7fbe8a,Mia-xia,2024-07-27,108,0,1,108,origin/HEAD
Yi,447a49fc87,Haijian Wang,2024-07-27,108,0,1,108,origin/HEAD
Yi,6174d0dfe3,Mia-xia,2024-07-27,150,0,1,150,origin/HEAD
Yi,9798f1dcb7,Haijian Wang,2024-07-27,150,0,1,150,origin/HEAD
Yi,a00ea04557,Mia-xia,2024-07-27,181,0,1,181,origin/HEAD
Yi,a2579afeb4,Haijian Wang,2024-07-27,181,0,1,181,origin/HEAD
Yi,0844970413,Mia-xia,2024-07-27,98,0,1,98,origin/HEAD
Yi,94e2150f00,Haijian Wang,2024-07-27,98,0,1,98,origin/HEAD
Yi,6c8cf736e2,Mia-xia,2024-07-27,136,0,1,136,origin/HEAD
Yi,bbd77fb36d,Haijian Wang,2024-07-27,136,0,1,136,origin/HEAD
Yi,15b62778f6,Mia-xia,2024-07-27,635,0,2,635,origin/HEAD
Yi,20870f626f,Haijian Wang,2024-07-27,489,0,1,489,origin/HEAD
Yi,4502ca6771,Haijian Wang,2024-07-27,146,0,1,146,origin/HEAD
Yi,71c0b872fd,Mia-xia,2024-07-27,177,0,1,177,origin/HEAD
Yi,9ad87eb67a,Haijian Wang,2024-07-27,177,0,1,177,origin/HEAD
Yi,ad78c67827,Mia-xia,2024-07-27,4625,0,1,4625,origin/HEAD
Yi,cc029d3bed,Haijian Wang,2024-07-27,0,177,1,177,origin/HEAD
Yi,99515e67a5,Haijian Wang,2024-07-27,177,0,1,177,origin/HEAD
Yi,c065f05c40,Haijian Wang,2024-07-27,4625,0,1,4625,origin/HEAD
Yi,50bf141201,Mia-xia,2024-07-27,6348,0,52,6348,origin/HEAD
Yi,b7a7d9dd1d,Haijian Wang,2024-07-27,0,1,1,1,origin/HEAD
Yi,7aebbe2757,Haijian Wang,2024-07-27,6342,0,50,6342,origin/HEAD
Yi,d539bfb6c3,Haijian Wang,2024-07-27,0,20121,57,20121,origin/HEAD
Yi,472bf1f867,Haijian Wang,2024-07-27,0,150,1,150,origin/HEAD
Yi,5679b7bfa0,Haijian Wang,2024-07-27,0,750,1,750,origin/HEAD
Yi,b38adf51f1,Haijian Wang,2024-07-27,0,181,1,181,origin/HEAD
Yi,620b5c2737,Haijian Wang,2024-07-27,0,98,1,98,origin/HEAD
Yi,8b4053de69,Haijian Wang,2024-07-27,0,136,1,136,origin/HEAD
Yi,284ffc8ea4,Haijian Wang,2024-07-27,0,146,1,146,origin/HEAD
Yi,6ba628ce47,Haijian Wang,2024-07-27,0,489,1,489,origin/HEAD
Yi,c7ca9a198d,Haijian Wang,2024-07-27,0,200,1,200,origin/HEAD
Yi,7a00f9ec9a,Haijian Wang,2024-07-27,0,1,1,1,origin/HEAD
Yi,f386ec8225,Haijian Wang,2024-07-27,59,59,2,118,origin/HEAD
Yi,551ecc397d,Haijian Wang,2024-07-27,0,61,1,61,origin/HEAD
Yi,f0dd265bf9,Haijian Wang,2024-07-27,0,26605,47,26605,origin/HEAD
Yi,e1bf5194a3,Haijian Wang,2024-07-27,3,3,1,6,origin/HEAD
Yi,ddf1399b1d,Haijian Wang,2024-07-27,0,0,2,0,origin/HEAD
Yi,071151aceb,Haijian Wang,2024-07-27,0,0,2,0,origin/HEAD
Yi,b8ec50ebe4,Haijian Wang,2024-07-27,0,0,2,0,origin/HEAD
Yi,e9f70fdb6a,Haijian Wang,2024-07-27,3,3,1,6,origin/HEAD
Yi,91117afbe2,Haijian Wang,2024-07-27,6,0,1,6,origin/HEAD
Yi,716f1954c1,Haijian Wang,2024-07-27,13,7,1,20,origin/HEAD
Yi,0495c7a4ee,Haijian Wang,2024-07-26,7,13,1,20,origin/HEAD
Yi,5075cd0e3a,Haijian Wang,2024-07-26,13,8,1,21,origin/HEAD
Yi,f4a853b4e9,Haijian Wang,2024-07-26,2,1,1,3,origin/HEAD
Yi,76bae033a9,Haijian Wang,2024-07-26,3,3,1,6,origin/HEAD
Yi,2c6c346d95,Haijian Wang,2024-07-26,3,3,1,6,origin/HEAD
Yi,1d9a613ee0,Haijian Wang,2024-07-26,2,2,1,4,origin/HEAD
Yi,8c6fe603bb,Haijian Wang,2024-07-26,3,3,1,6,origin/HEAD
Yi,6459f5b2ff,Haijian Wang,2024-07-26,171,171,2,342,origin/HEAD
Yi,eb39ea177e,Haijian Wang,2024-07-26,144,144,2,288,origin/HEAD
Yi,a9ff30b091,Haijian Wang,2024-07-26,134,134,2,268,origin/HEAD
Yi,7f6938756a,Haijian Wang,2024-07-26,1,1,1,2,origin/HEAD
Yi,9347e03457,Haijian Wang,2024-07-26,489,489,2,978,origin/HEAD
Yi,cd3217019e,Haijian Wang,2024-07-26,8,7,1,15,origin/HEAD
Yi,20c408a087,Haijian Wang,2024-07-26,2,2,1,4,origin/HEAD
Yi,472621c72c,Haijian Wang,2024-07-26,1,1,1,2,origin/HEAD
Yi,9cc8e70dc2,Haijian Wang,2024-07-26,1,1,1,2,origin/HEAD
Yi,7ff50fce01,Haijian Wang,2024-07-26,1,1,1,2,origin/HEAD
Yi,f6b36f5602,Haijian Wang,2024-07-26,227,0,1,227,origin/HEAD
Yi,a85f122477,Haijian Wang,2024-07-26,0,227,1,227,origin/HEAD
Yi,d73092a376,Haijian Wang,2024-07-26,227,0,1,227,origin/HEAD
Yi,9aa64b680f,Haijian Wang,2024-07-26,0,227,1,227,origin/HEAD
Yi,8a363ebdd0,Haijian Wang,2024-07-26,227,0,1,227,origin/HEAD
Yi,8cb2bfe920,Haijian Wang,2024-07-26,0,227,1,227,origin/HEAD
Yi,b0e6d5eb23,Haijian Wang,2024-07-26,1,0,1,1,origin/HEAD
Yi,66e7fafda6,Haijian Wang,2024-07-26,0,181,1,181,origin/HEAD
Yi,2905be3647,Haijian Wang,2024-07-26,181,0,1,181,origin/HEAD
Yi,ee6d99f83e,Haijian Wang,2024-07-26,0,150,1,150,origin/HEAD
Yi,303ddda75f,Haijian Wang,2024-07-26,19,19,1,38,origin/HEAD
Yi,4f52fca195,Haijian Wang,2024-07-26,19,19,1,38,origin/HEAD
Yi,fb36c5c9f5,Haijian Wang,2024-07-26,1,1,1,2,origin/HEAD
Yi,2248260745,Haijian Wang,2024-07-26,1,1,1,2,origin/HEAD
Yi,475b779d52,Haijian Wang,2024-07-26,60,60,2,120,origin/HEAD
Yi,073a720011,Haijian Wang,2024-07-26,59,59,2,118,origin/HEAD
Yi,f0b36590cc,Haijian Wang,2024-07-26,3,0,1,3,origin/HEAD
Yi,6f8c144171,Haijian Wang,2024-07-26,1,1,1,2,origin/HEAD
Yi,af2bbebda6,Haijian Wang,2024-07-26,4,0,1,4,origin/HEAD
Yi,b5ca541794,Haijian Wang,2024-07-26,1,1,1,2,origin/HEAD
Yi,7244506a43,Haijian Wang,2024-07-26,1,1,1,2,origin/HEAD
Yi,321a4638f5,Haijian Wang,2024-07-26,0,1,1,1,origin/HEAD
Yi,ab076137dd,Haijian Wang,2024-07-26,0,1,1,1,origin/HEAD
Yi,e95848db4a,Haijian Wang,2024-07-26,1,1,1,2,origin/HEAD
Yi,3dcea17c44,Haijian Wang,2024-07-26,2,2,1,4,origin/HEAD
Yi,fc28ce8ef5,Haijian Wang,2024-07-26,1,1,1,2,origin/HEAD
Yi,9a8654c7f2,Haijian Wang,2024-07-26,1,1,1,2,origin/HEAD
Yi,59ea166577,Haijian Wang,2024-07-26,1,1,1,2,origin/HEAD
Yi,175d83a4ac,Haijian Wang,2024-07-26,49076,0,114,49076,origin/HEAD
Yi,11d140d641,nlmlml,2024-06-26,37,0,2,37,origin/HEAD
Yi,0bba5e25fd,nlmlml,2024-06-19,0,0,3,0,origin/HEAD
Yi,f6f75ece5e,Mia-xia,2024-06-19,0,0,3,0,origin/HEAD
Yi,1f698ef6eb,nlmlml,2024-06-11,1,1,1,2,origin/HEAD
Yi,394cb670dc,Mia-xia,2024-06-11,1,1,1,2,origin/HEAD
Yi,d688b73ddb,nlmlml,2024-06-11,1,1,1,2,origin/HEAD
Yi,0e69a5017f,Mia-xia,2024-06-11,1,1,1,2,origin/HEAD
Yi,3fceb848f1,Yu,2024-06-11,1,11,1,12,origin/HEAD
Yi,54f78333bd,Haijian Wang,2024-11-05,1,1,1,2,origin/Haijian06-patch-1
Yi,98a1bc1181,Mia-xia,2024-07-18,1,0,1,1,origin/Mia-xia-patch-1
Yi,bcc9c7a6cb,Mia-xia,2024-09-03,0,0,1,0,origin/Mia-xia-patch-2
Yi,4e5dfce557,Mia-xia,2024-09-04,0,0,2,0,origin/Mia-xia-patch-5
Yi,eba16cf644,nlmlml,2024-06-05,1,1,1,2,origin/nlmlml-patch-2
Deepseek-V3,f6e34dd267,Liyue Zhang,2025-06-16,1,1,1,2,origin/HEAD
Deepseek-V3,e975062c42,yixing1992,2025-06-16,1,1,1,2,origin/HEAD
Deepseek-V3,4cc6253d5c,Xingkai Yu,2025-04-09,1,1,1,2,origin/HEAD
Deepseek-V3,57d7bd45df,Huang Panpan,2025-04-09,9,4,1,13,origin/HEAD
Deepseek-V3,88d6547df2,Xingkai Yu,2025-04-08,1,1,1,2,origin/HEAD
Deepseek-V3,741b06ebca,Xingkai Yu,2025-04-08,2,2,1,4,origin/HEAD
Deepseek-V3,a5d2ad229e,Shixian Sheng,2025-03-27,1,1,1,2,origin/HEAD
Deepseek-V3,a878eada08,DeepSeekDDM,2025-03-17,0,0,1,0,origin/HEAD
Deepseek-V3,98e67a71f4,DeepSeekDDM,2025-03-17,1,1,1,2,origin/HEAD
Deepseek-V3,408e6e188a,shihaobai,2025-03-04,1,1,1,2,origin/HEAD
Deepseek-V3,73f2954fa8,shihaobai,2025-03-04,2,2,1,4,origin/HEAD
Deepseek-V3,1ab09c8780,shihaobai,2025-03-04,9,4,1,13,origin/HEAD
Deepseek-V3,d29a967601,huxuedan,2025-02-26,2,2,1,4,origin/HEAD
Deepseek-V3,592fd5daf8,DeepSeekDDM,2025-02-24,0,215,1,215,origin/HEAD
Deepseek-V3,c9353aba6c,DeepSeekDDM,2025-02-24,1,1,1,2,origin/HEAD
Deepseek-V3,f09f5fa321,Huang Panpan,2025-02-18,20,35,1,55,origin/HEAD
Deepseek-V3,4a65fd9221,oyzh,2025-02-15,1,1,1,2,origin/HEAD
Deepseek-V3,1398800ebf,Xingkai Yu,2025-02-15,2,2,1,4,origin/HEAD
Deepseek-V3,f07bccc49e,Konano,2025-02-14,1,1,1,2,origin/HEAD
Deepseek-V3,0866cab5f9,Konano,2025-02-14,21,52,1,73,origin/HEAD
Deepseek-V3,e15f67af1c,Konano,2025-02-08,40,24,1,64,origin/HEAD
Deepseek-V3,2f7b80eece,Huang Panpan,2025-02-08,30,0,1,30,origin/HEAD
Deepseek-V3,76d8d39560,Konano,2025-02-08,30,0,1,30,origin/HEAD
Deepseek-V3,5ee97a83f0,Xingkai Yu,2025-02-07,1,1,1,2,origin/HEAD
Deepseek-V3,1d7d440461,Xingkai Yu,2025-02-05,2,2,1,4,origin/HEAD
Deepseek-V3,09d108620a,Xingkai Yu,2025-02-05,1,1,1,2,origin/HEAD
Deepseek-V3,d0f8c4fca3,Xingkai Yu,2025-02-05,1,1,1,2,origin/HEAD
Deepseek-V3,87a01053e4,Xingkai Yu,2025-02-05,1,1,1,2,origin/HEAD
Deepseek-V3,a157077c61,Huang Panpan,2025-02-05,16,16,4,32,origin/HEAD
Deepseek-V3,c32c957fb0,Huang Panpan,2025-02-05,12,0,1,12,origin/HEAD
Deepseek-V3,6a30b43249,XxAlonexX,2025-02-04,1,1,1,2,origin/HEAD
Deepseek-V3,97b35f1fca,luislopez-developer,2025-02-04,2,2,1,4,origin/HEAD
Deepseek-V3,d5c08b384b,wangsl,2025-02-02,1,1,1,2,origin/HEAD
Deepseek-V3,760d22821f,Spenser Black,2025-01-29,1,1,1,2,origin/HEAD
Deepseek-V3,6784e1976d,Dhieu,2025-01-29,10,9,1,19,origin/HEAD
Deepseek-V3,2756e130c2,Roman Fitzjalen,2025-01-29,16,16,4,32,origin/HEAD
Deepseek-V3,ddc501b80e,Dhieu,2025-01-28,11,0,1,11,origin/HEAD
Deepseek-V3,b5d872ead0,Huang Panpan,2025-01-26,13,1,1,14,origin/HEAD
Deepseek-V3,53d8dc9966,enoch kan,2025-01-26,2,1,1,3,origin/HEAD
Deepseek-V3,722e6885ef,enoch kan,2025-01-26,8,7,1,15,origin/HEAD
Deepseek-V3,53b055bc1e,enoch kan,2025-01-26,11,1,1,12,origin/HEAD
Deepseek-V3,ee4c4ea32b,Xingkai Yu,2025-01-07,2,2,1,4,origin/HEAD
Deepseek-V3,25109d2ccd,Huang Panpan,2025-01-07,215,0,1,215,origin/HEAD
Deepseek-V3,fdbd5be754,Huang Panpan,2025-01-07,563,1,6,564,origin/HEAD
Deepseek-V3,3779a89770,wangfuchun-fc,2025-01-07,2,2,1,4,origin/HEAD
Deepseek-V3,c070549279,Jackson Antonio do Prado Lima,2025-01-06,215,0,1,215,origin/HEAD
Deepseek-V3,bc77f22afc,enoch kan,2025-01-06,384,0,1,384,origin/HEAD
Deepseek-V3,a1296f099e,enoch kan,2025-01-06,179,1,5,180,origin/HEAD
Deepseek-V3,fd011c11aa,GeeeekExplorer,2025-01-05,2,3,1,5,origin/HEAD
Deepseek-V3,9b288b86cc,Xingkai Yu,2025-01-03,1,1,1,2,origin/HEAD
Deepseek-V3,0d16ea24c8,Huang Panpan,2025-01-03,13,7,1,20,origin/HEAD
Deepseek-V3,21bc231f32,kutt,2025-01-03,13,7,1,20,origin/HEAD
Deepseek-V3,8710ec2ecb,Xingkai Yu,2024-12-31,1,1,1,2,origin/HEAD
Deepseek-V3,7c2466b310,Huang Panpan,2024-12-31,43,0,2,43,origin/HEAD
Deepseek-V3,1b8e18cc29,Huang Panpan,2024-12-30,6,6,1,12,origin/HEAD
Deepseek-V3,94410f8d58,Haswell Iris,2024-12-30,6,2,1,8,origin/HEAD
Deepseek-V3,68d0061937,zhyncs,2024-12-30,1,1,1,2,origin/HEAD
Deepseek-V3,2fc98d1cdf,zhyncs,2024-12-30,2,0,1,2,origin/HEAD
Deepseek-V3,a1edf4138e,zhyncs,2024-12-30,1,1,1,2,origin/HEAD
Deepseek-V3,8638950ec2,zhyncs,2024-12-30,3,1,1,4,origin/HEAD
Deepseek-V3,83dd18eda4,DeepSeekDDM,2024-12-30,9,1,1,10,origin/HEAD
Deepseek-V3,710c8b8b6e,Ikko Eltociear Ashimine,2024-12-29,6,6,1,12,origin/HEAD
Deepseek-V3,8f1c9488b5,Yang Wang,2024-12-27,37,11,1,48,origin/HEAD
Deepseek-V3,c8087bd8b8,Huang Panpan,2024-12-27,10,4,1,14,origin/HEAD
Deepseek-V3,e2c15caf04,simon-mo,2024-12-27,1,1,1,2,origin/HEAD
Deepseek-V3,cf47874d8e,simon-mo,2024-12-27,10,4,1,14,origin/HEAD
Deepseek-V3,4c2fdb8f55,stack-heap-overflow,2024-12-27,1567,1,17,1568,origin/HEAD
Deepseek-V3,4b58dc6bfc,stack-heap-overflow,2024-12-26,1,0,1,1,origin/HEAD
Deepseek-Janus,1daa72fa40,charlescxk,2025-02-01,5,4,1,9,origin/HEAD
Deepseek-Janus,a74a59f8a9,charlescxk,2025-01-28,0,0,1,0,origin/HEAD
Deepseek-Janus,a42ad6dab3,charlescxk,2025-01-28,0,0,1,0,origin/HEAD
Deepseek-Janus,481f4213b9,charlescxk,2025-01-28,1,1,1,2,origin/HEAD
Deepseek-Janus,95bde087ba,charlescxk,2025-01-28,475,6,5,481,origin/HEAD
Deepseek-Janus,146668eafe,Xingchao Liu,2024-11-13,0,1,1,1,origin/HEAD
Deepseek-Janus,f887e7270e,Xingchao Liu,2024-11-13,1,0,2,1,origin/HEAD
Deepseek-Janus,b01013575f,Xingchao Liu,2024-11-13,2982,24,10,3006,origin/HEAD
Deepseek-Janus,7a388c4f8b,Huang Panpan,2024-10-31,150,0,1,150,origin/HEAD
Deepseek-Janus,e922b2b4a7,Chong Ruan,2024-10-31,272,0,3,272,origin/HEAD
Deepseek-Janus,78aa8ad49d,Xiaokang Chen,2024-10-23,2,0,1,2,origin/HEAD
Deepseek-Janus,a573c6a3c2,learningpro,2024-10-22,16,0,1,16,origin/HEAD
Deepseek-Janus,d93eaeee96,learningpro,2024-10-22,78,0,1,78,origin/HEAD
Deepseek-Janus,4ff169a19a,learningpro,2024-10-22,178,0,1,178,origin/HEAD
Deepseek-Janus,b5a50686d6,wuchengyue,2024-10-21,3105,2862,6,5967,origin/HEAD
Deepseek-Janus,a4a40b6f53,Hiiva,2024-10-20,150,0,1,150,origin/HEAD
Deepseek-Janus,0214867df2,Wu Chengyue,2024-10-19,1,1,1,2,origin/HEAD
Deepseek-Janus,67a359230a,Wu Chengyue,2024-10-19,2851,0,1,2851,origin/HEAD
Deepseek-Janus,1a42fa6d0a,Ikko Eltociear Ashimine,2024-10-19,1,1,1,2,origin/HEAD
Deepseek-Janus,d37575a69f,Guy Giesbrecht,2024-10-19,2851,0,1,2851,origin/HEAD
Deepseek-Janus,659982f413,wuchengyue,2024-10-18,4023,0,29,4023,origin/HEAD
YuE,9f1394bae1,Ruibin Yuan,2025-06-05,3,2,1,5,origin/HEAD
YuE,fa72c55eec,Ruibin Yuan,2025-06-04,1,1,1,2,origin/HEAD
YuE,8dfeb29415,Ruibin Yuan,2025-06-04,1,0,1,1,origin/HEAD
YuE,d71f3c09dc,Ruibin Yuan,2025-06-04,8190,0,32,8190,origin/HEAD
YuE,905395f8c3,Ruibin Yuan,2025-06-04,30,13,5,43,origin/HEAD
YuE,6586fdda31,Skrill2001,2025-05-19,3,3,1,6,origin/HEAD
YuE,0b4fae4d01,Skrill2001,2025-05-19,27,10,5,37,origin/HEAD
YuE,4aa5bc46b5,hf-lin,2025-05-15,8173,0,32,8173,origin/HEAD
YuE,5cef082e80,Ruibin Yuan,2025-05-15,2,2,1,4,origin/HEAD
YuE,a6f51cf9e5,Ruibin Yuan,2025-03-30,5499185,0,333,5499185,origin/HEAD
YuE,7700f05c28,yongyizang,2025-03-29,101,0,1,101,origin/HEAD
YuE,135b48596b,yongyizang,2025-03-29,5499084,0,332,5499084,origin/HEAD
YuE,652dcd2175,Ruibin Yuan,2025-03-18,170,1,3,171,origin/HEAD
YuE,04acb89ef7,DJ Magar,2025-03-14,4,1,1,5,origin/HEAD
YuE,e65f8f75a8,DJ Magar,2025-03-14,166,0,2,166,origin/HEAD
YuE,6be769e0ff,Ruibin Yuan,2025-03-12,1,1,1,2,origin/HEAD
YuE,87ee6392f6,Ruibin Yuan,2025-03-12,1,1,1,2,origin/HEAD
YuE,f2286a8ac6,Ruibin Yuan,2025-03-12,1,1,1,2,origin/HEAD
YuE,58db1cdc69,Ruibin Yuan,2025-03-12,1,1,1,2,origin/HEAD
YuE,ba87f247d4,Ruibin Yuan,2025-03-12,12,1,1,13,origin/HEAD
YuE,f5769852c0,Ruibin Yuan,2025-03-11,1,1,1,2,origin/HEAD
YuE,98f540a9b4,Ruibin Yuan,2025-03-11,1,0,1,1,origin/HEAD
YuE,416782dc5a,Ruibin Yuan,2025-03-08,1,1,1,2,origin/HEAD
YuE,6607ec8542,Ruibin Yuan,2025-03-01,1,1,1,2,origin/HEAD
YuE,d1a4ee666e,Manal ML,2025-03-01,1,1,1,2,origin/HEAD
YuE,e5983a9ad2,Ruibin Yuan,2025-02-17,3,2,1,5,origin/HEAD
YuE,30b10e5165,Ruibin Yuan,2025-02-17,1,1,1,2,origin/HEAD
YuE,37f8677aad,Ruibin Yuan,2025-02-17,1,1,1,2,origin/HEAD
YuE,466a28087c,Ruibin Yuan,2025-02-17,1,1,1,2,origin/HEAD
YuE,abbdd976ed,Ruibin Yuan,2025-02-17,1,1,1,2,origin/HEAD
YuE,861f9c1f7d,Ruibin Yuan,2025-02-17,2,1,1,3,origin/HEAD
YuE,cd5dce1963,Ruibin Yuan,2025-02-17,1,0,1,1,origin/HEAD
YuE,ecff88d892,Ruibin Yuan,2025-02-17,1,1,1,2,origin/HEAD
YuE,05e600d6cc,Ruibin Yuan,2025-02-17,2,0,1,2,origin/HEAD
YuE,5d4ec8d7d7,Ruibin Yuan,2025-02-08,2,2,1,4,origin/HEAD
YuE,f0c5f9474a,Ruibin Yuan,2025-02-08,1,1,1,2,origin/HEAD
YuE,b228db77bb,Ruibin Yuan,2025-02-08,5,6,1,11,origin/HEAD
YuE,6070ffbc60,Ruibin Yuan,2025-02-08,12,7,1,19,origin/HEAD
YuE,6bf46fdb4f,Ruibin Yuan,2025-02-08,6,2,1,8,origin/HEAD
YuE,125dda2810,Ruibin Yuan,2025-02-08,2,3,1,5,origin/HEAD
YuE,c2c75d2bbe,Ruibin Yuan,2025-02-08,1,1,1,2,origin/HEAD
YuE,b98d8c16a0,Ruibin Yuan,2025-02-08,1,0,1,1,origin/HEAD
YuE,4b871b0025,Ruibin Yuan,2025-02-08,1,1,1,2,origin/HEAD
YuE,2c44faad3b,Ruibin Yuan,2025-02-07,1,0,1,1,origin/HEAD
YuE,d9fa887949,Ruibin Yuan,2025-02-07,1,1,1,2,origin/HEAD
YuE,407083f5fd,Ruibin Yuan,2025-02-07,2,1,1,3,origin/HEAD
YuE,e64e9b1993,Ruibin Yuan,2025-02-06,1,1,1,2,origin/HEAD
YuE,9f8ce5b982,Ruibin Yuan,2025-02-06,1,0,1,1,origin/HEAD
YuE,711874f77a,hf-lin,2025-02-06,1,1,1,2,origin/HEAD
YuE,c7ec753260,hf-lin,2025-02-06,8,3,3,11,origin/HEAD
YuE,ecd5436e0b,Ruibin Yuan,2025-02-05,0,2,1,2,origin/HEAD
YuE,133e2a73c2,Ruibin Yuan,2025-02-05,2,0,1,2,origin/HEAD
YuE,37b5a0a213,Ruibin Yuan,2025-02-05,1,1,1,2,origin/HEAD
YuE,7e338f369f,Ruibin Yuan,2025-02-05,2,0,1,2,origin/HEAD
YuE,6dd2ff04f0,Ruibin Yuan,2025-02-05,1,0,1,1,origin/HEAD
YuE,888a205364,Ruibin Yuan,2025-02-05,1,0,1,1,origin/HEAD
YuE,e0e7b2a1a2,Ruibin Yuan,2025-02-04,1,1,1,2,origin/HEAD
YuE,cad6f4a732,Ruibin Yuan,2025-02-04,1,1,1,2,origin/HEAD
YuE,8d6284c556,Ruibin Yuan,2025-02-04,1,1,1,2,origin/HEAD
YuE,267e102441,Ruibin Yuan,2025-02-04,1,1,1,2,origin/HEAD
YuE,c8e59c4124,hf-lin,2025-02-04,1,1,1,2,origin/HEAD
YuE,cba691d0ca,Ruibin Yuan,2025-02-04,1,1,1,2,origin/HEAD
YuE,b361075449,hf-lin,2025-02-04,1,2,1,3,origin/HEAD
YuE,0ec527c852,hf-lin,2025-02-03,2,2,1,4,origin/HEAD
YuE,454a2031e5,Ruibin Yuan,2025-02-03,4,3,1,7,origin/HEAD
YuE,9e2b227af3,hf-lin,2025-02-03,1,1,1,2,origin/HEAD
YuE,ac7a7fb075,Ruibin Yuan,2025-02-02,1,1,1,2,origin/HEAD
YuE,226a1844af,Ruibin Yuan,2025-02-02,1,1,1,2,origin/HEAD
YuE,0a97d78e5f,Ruibin Yuan,2025-02-02,1,1,1,2,origin/HEAD
YuE,4a49077ca4,Ruibin Yuan,2025-02-02,1,1,1,2,origin/HEAD
YuE,5cc93674d3,Ruibin Yuan,2025-02-02,2,2,1,4,origin/HEAD
YuE,997ba1c05d,askmyteapot,2025-02-02,2,2,1,4,origin/HEAD
YuE,42f64e91ad,Ruibin Yuan,2025-02-02,0,1,1,1,origin/HEAD
YuE,cbe6ff2708,a43992899,2025-02-02,2,2,1,4,origin/HEAD
YuE,3bb5a0d14d,a43992899,2025-02-02,74,103,16,177,origin/HEAD
YuE,fc0756832a,a43992899,2025-02-02,0,1,1,1,origin/HEAD
YuE,7758172de1,a43992899,2025-02-02,3,3,1,6,origin/HEAD
YuE,e6641f5fbe,a43992899,2025-02-02,6,6,2,12,origin/HEAD
YuE,cf8acecd0b,hf-lin,2025-02-02,0,1,1,1,origin/HEAD
YuE,5206c546eb,a43992899,2025-02-02,27,13,8,40,origin/HEAD
YuE,dad6919af0,hf-lin,2025-02-02,92,42,5,134,origin/HEAD
YuE,493478202e,a43992899,2025-02-01,2,0,1,2,origin/HEAD
YuE,715f4de738,a43992899,2025-02-01,8,5,1,13,origin/HEAD
YuE,48fb62bc68,a43992899,2025-01-31,261,0,2,261,origin/HEAD
YuE,8271e71368,a43992899,2025-01-31,12,4,1,16,origin/HEAD
YuE,6690eb2bbc,a43992899,2025-01-30,1,1,1,2,origin/HEAD
YuE,43aaa61615,a43992899,2025-01-30,0,1,1,1,origin/HEAD
YuE,57491d2630,a43992899,2025-01-30,1,0,1,1,origin/HEAD
YuE,45ec788c11,a43992899,2025-01-30,1,1,1,2,origin/HEAD
YuE,94bbce296d,a43992899,2025-01-30,2,2,1,4,origin/HEAD
YuE,9b0c4d308e,a43992899,2025-01-30,1,1,1,2,origin/HEAD
YuE,2d137c4262,a43992899,2025-01-30,10,2,1,12,origin/HEAD
YuE,09e1df9e70,a43992899,2025-01-30,1,1,1,2,origin/HEAD
YuE,a58215ab6a,a43992899,2025-01-30,5,2,1,7,origin/HEAD
YuE,f2a911d8bd,a43992899,2025-01-29,3,1,1,4,origin/HEAD
YuE,e8fdec59a0,a43992899,2025-01-29,1,1,1,2,origin/HEAD
YuE,1d78a9a17c,a43992899,2025-01-29,8,0,1,8,origin/HEAD
YuE,3d3aacfcbb,a43992899,2025-01-29,2,1,1,3,origin/HEAD
YuE,9beb1592ef,a43992899,2025-01-29,6,4,1,10,origin/HEAD
YuE,91268291bd,a43992899,2025-01-29,1,1,1,2,origin/HEAD
YuE,4f02a803ae,a43992899,2025-01-29,1,1,1,2,origin/HEAD
YuE,396a9a1ea6,a43992899,2025-01-29,3,1,1,4,origin/HEAD
YuE,146262a799,a43992899,2025-01-29,20,9,1,29,origin/HEAD
YuE,1a0ed1df28,a43992899,2025-01-29,4,0,1,4,origin/HEAD
YuE,29055d3930,a43992899,2025-01-29,934,890,5,1824,origin/HEAD
YuE,092fc2a851,Ruibin Yuan,2025-01-29,1,1,1,2,origin/HEAD
YuE,f4a675dc15,Ruibin Yuan,2025-01-29,2,2,1,4,origin/HEAD
YuE,3b03a50c04,Ruibin Yuan,2025-01-29,5,4,1,9,origin/HEAD
YuE,a28f5fc43b,Ruibin Yuan,2025-01-29,2,2,1,4,origin/HEAD
YuE,7e3d9eadb0,Ruibin Yuan,2025-01-29,1,1,1,2,origin/HEAD
YuE,d012a6a9fe,Ruibin Yuan,2025-01-29,1,1,1,2,origin/HEAD
YuE,a8673c22ea,Ruibin Yuan,2025-01-29,1,7,1,8,origin/HEAD
YuE,f7fc6b26ac,Ruibin Yuan,2025-01-29,6,0,1,6,origin/HEAD
YuE,b82664fd18,Ruibin Yuan,2025-01-29,1,0,1,1,origin/HEAD
YuE,f7f27e96bc,hf-lin,2025-01-28,6,4,1,10,origin/HEAD
YuE,ad44cac781,hf-lin,2025-01-28,1,1,1,2,origin/HEAD
YuE,b4525679e9,hf-lin,2025-01-28,96,44,3,140,origin/HEAD
YuE,201d6d345f,Liang Yiming,2025-01-28,10,1,1,11,origin/HEAD
YuE,18636d0fcf,Liang Yiming,2025-01-28,830,0,1,830,origin/HEAD
YuE,b888f4a504,hf-lin,2025-01-28,64,16,2,80,origin/HEAD
YuE,7b764be08f,hf-lin,2025-01-28,0,26732,84,26732,origin/HEAD
YuE,64e6cf273e,Yizhi Li,2025-01-28,0,0,1,0,origin/HEAD
YuE,fb1951f3e9,hf-lin,2025-01-28,10,1,1,11,origin/HEAD
YuE,14153f7f9e,hf-lin,2025-01-28,2366,24,20,2390,origin/HEAD
YuE,6da613813a,Liang Yiming,2025-01-28,1,10,1,11,origin/HEAD
YuE,821cf6243f,Liang Yiming,2025-01-28,9,1,1,10,origin/HEAD
YuE,dc7874a895,hf-lin,2025-01-27,3,2,1,5,origin/HEAD
YuE,c00e998161,hf-lin,2025-01-27,19,16,1,35,origin/HEAD
YuE,4cf46c5e1e,hf-lin,2025-01-27,2,2,1,4,origin/HEAD
YuE,ccc93e5059,hf-lin,2025-01-27,24496,44,72,24540,origin/HEAD
YuE,4674c6bb1a,hf-lin,2025-01-27,455,238,5,693,origin/HEAD
YuE,6acea2a33f,hf-lin,2025-01-26,87,87,2,174,origin/HEAD
YuE,3533a51d20,hf-lin,2025-01-26,49,23,2,72,origin/HEAD
YuE,7936bf731c,hf-lin,2025-01-26,977,0,13,977,origin/HEAD
YuE,c7530a76de,glgjss960,2025-05-10,131,352,11,483,origin/batching
YuE,4dadff976f,glgjss960,2025-05-09,607,481467,2199,482074,origin/batching
YuE,9b14203c43,glgjss960,2025-05-04,0,536,4,536,origin/batching
YuE,c4d85ec2c6,glgjss960,2025-05-04,1315,0,6,1315,origin/batching
YuE,7a85290c69,chengq,2025-04-07,23,23,1,46,origin/batching
YuE,fcc51a5d24,chengq,2025-04-07,70,27,5,97,origin/batching
YuE,29d24031ae,MSLDCherryPick,2025-04-05,321,1,6,322,origin/batching
YuE,c5a2701de8,MSLDCherryPick,2025-04-01,482317,2,2195,482319,origin/batching
YuE,a4078ebcd9,Guojian Pang,2025-02-21,9,4,1,13,origin/batching
YuE,9a079e4c40,hf-lin,2025-02-14,2,3,1,5,origin/batching
YuE,94baed4d87,hf-lin,2025-02-14,168,0,1,168,origin/batching
YuE,751e40dee8,hf-lin,2025-02-14,0,168,1,168,origin/batching
YuE,744a5aaee9,hf-lin,2025-02-14,168,0,1,168,origin/batching
YuE,0484296b26,hf-lin,2025-02-28,9,4,1,13,origin/vllm
YuE,9dec8ece32,hf-lin,2025-02-28,976,0,2,976,origin/vllm
YuE,e9214d2268,hf-lin,2025-02-28,2,3,1,5,origin/vllm
YuE,2d6fbc5d29,hf-lin,2025-02-28,168,0,1,168,origin/vllm
YuE,05f1fef453,hf-lin,2025-02-28,0,168,1,168,origin/vllm
YuE,14a2530000,hf-lin,2025-02-28,168,0,1,168,origin/vllm
ChronosForecasting,6a9c8dadac,Abdul Fatir,2025-05-06,1,1,1,2,origin/HEAD
ChronosForecasting,c5880604df,Tyler,2025-05-06,1,1,1,2,origin/HEAD
ChronosForecasting,f40a266a55,Lorenzo Stella,2025-04-11,10,6,3,16,origin/HEAD
ChronosForecasting,eec771e339,Abdul Fatir,2025-04-07,1,1,1,2,origin/HEAD
ChronosForecasting,94e20ea7e5,Lorenzo Stella,2025-02-19,1,1,1,2,origin/HEAD
ChronosForecasting,a996ca79ad,Oleksandr Shchur,2025-02-17,1015,6,2,1021,origin/HEAD
ChronosForecasting,8178798f4e,Lorenzo Stella,2025-02-14,1,1,1,2,origin/HEAD
ChronosForecasting,73d6c9aa1a,Lorenzo Stella,2025-02-07,1,1,1,2,origin/HEAD
ChronosForecasting,75803f241f,Lorenzo Stella,2025-02-07,1,1,1,2,origin/HEAD
ChronosForecasting,39515ff0fc,Lorenzo Stella,2025-01-19,2,6,1,8,origin/HEAD
ChronosForecasting,ad410c9c0a,Abdul Fatir,2024-12-23,106,17,3,123,origin/HEAD
ChronosForecasting,28e7b3281f,Caner Turkmen,2024-12-17,0,61,1,61,origin/HEAD
ChronosForecasting,751f5f5f34,Abdul Fatir,2024-12-15,3,3,1,6,origin/HEAD
ChronosForecasting,133761a901,Lorenzo Stella,2024-12-05,1,1,1,2,origin/HEAD
ChronosForecasting,67f008432a,Lorenzo Stella,2024-12-05,32,3,4,35,origin/HEAD
ChronosForecasting,47cac082c1,Abdul Fatir,2024-12-03,1,1,1,2,origin/HEAD
ChronosForecasting,60bcded58f,Abdul Fatir,2024-12-02,3,4,1,7,origin/HEAD
ChronosForecasting,86f755c179,Abdul Fatir,2024-12-02,18,4,2,22,origin/HEAD
ChronosForecasting,eac768ce28,Abdul Fatir,2024-12-02,126,0,3,126,origin/HEAD
ChronosForecasting,e3bbda7207,Abdul Fatir,2024-11-30,8,9,1,17,origin/HEAD
ChronosForecasting,4c43cfbdac,Abdul Fatir,2024-11-30,85,56,7,141,origin/HEAD
ChronosForecasting,ccb656cc2b,Pedro Mercado,2025-03-07,2,225,1,227,origin/chronosx
ChronosForecasting,c5c9492401,Abdul Fatir,2025-05-29,1,1,1,2,origin/wavetoken
ChronosForecasting,81929a9927,Abdul Fatir,2025-05-29,10,207,1,217,origin/wavetoken
InternVideo,4b0b701512,Yi Wang,2025-06-16,1,1,1,2,origin/HEAD
InternVideo,d2481a52dd,Yi Wang,2025-06-16,1,0,1,1,origin/HEAD
InternVideo,421f6d2361,Yi Wang,2025-05-25,1,1,1,2,origin/HEAD
InternVideo,5ac72a7cbf,Xinhao Li,2025-05-24,7,7,2,14,origin/HEAD
InternVideo,3eb479cd2f,qingy1337,2025-05-15,6,6,1,12,origin/HEAD
InternVideo,961ba75378,qingy1337,2025-05-15,1,1,1,2,origin/HEAD
InternVideo,20b9aee465,Xinhao Li,2025-04-26,2,1,1,3,origin/HEAD
InternVideo,fd5dbe7357,Chenting Wang,2025-04-09,190,0,1,190,origin/HEAD
InternVideo,8ecd7b4ee1,Xinhao Li,2025-04-09,1,1,1,2,origin/HEAD
InternVideo,4b091c2dc1,Yi Wang,2025-02-28,3,3,1,6,origin/HEAD
InternVideo,b88fe8d8a3,Yi Wang,2025-02-28,1,1,1,2,origin/HEAD
InternVideo,2d03c226b6,Xinhao Li,2025-02-28,3,0,1,3,origin/HEAD
InternVideo,6bb85060ca,Xinhao Li,2025-02-27,1,1,1,2,origin/HEAD
InternVideo,3b5709829b,Xinhao Li,2025-02-27,2,1,1,3,origin/HEAD
InternVideo,5c357ddb57,Xinhao Li,2025-02-27,1,1,1,2,origin/HEAD
InternVideo,01aa912fe0,Yi Wang,2025-02-14,1,1,1,2,origin/HEAD
InternVideo,ba47d33f1c,Ikko Eltociear Ashimine,2025-02-14,1,1,1,2,origin/HEAD
InternVideo,3c58a8712d,Yi Wang,2025-01-24,1,1,1,2,origin/HEAD
InternVideo,2e77d162b7,Yi Wang,2025-01-24,10,4,2,14,origin/HEAD
InternVideo,86f0a0f45e,Yinan He,2025-01-23,11,0,1,11,origin/HEAD
InternVideo,a55306f2b4,Yi Wang,2025-01-22,16,2,1,18,origin/HEAD
InternVideo,f98122d042,Yi Wang,2025-01-22,10,0,1,10,origin/HEAD
InternVideo,406c8f47b8,Yinan He,2025-01-17,1,1,1,2,origin/HEAD
InternVideo,fa52869d84,Xinhao Li,2025-01-14,3,9,1,12,origin/HEAD
InternVideo,e12c1d1f8e,Xinhao Li,2025-01-14,12,10,1,22,origin/HEAD
lag-llama,df7531a83a,Arjun Ashok,2025-06-07,1,5,1,6,origin/HEAD
lag-llama,013ff0c786,Arjun Ashok,2025-02-08,1,1,1,2,origin/HEAD
lag-llama,16069c4756,Kashif Rasul,2025-05-05,0,2,1,2,origin/update-gluonts
lag-llama,4253ec7541,Kashif Rasul,2025-05-02,2,2,1,4,origin/update-gluonts
lag-llama,a069520b80,Kashif Rasul,2025-05-02,0,1,1,1,origin/update-gluonts
lag-llama,8d47bc9336,Kashif Rasul,2025-05-02,2,2,1,4,origin/update-gluonts
lag-llama,60957d1070,Kashif Rasul,2025-05-01,2,2,1,4,origin/update-gluonts
Otter,1e7eb9a6fb,Li Bo,2024-03-06,0,1,1,1,origin/HEAD
Otter,ec89e38869,Li Bo,2024-03-06,1,1,1,2,origin/HEAD
Otter,a79def30a6,Li Bo,2024-03-06,1,2,1,3,origin/HEAD
Otter,a87e8f0574,Li Bo,2024-01-18,1,0,1,1,origin/HEAD
Otter,366a09d18c,Li Bo,2023-12-30,4,1,1,5,origin/HEAD
Otter,488c59a5c7,Li Bo,2023-12-24,0,2,1,2,origin/HEAD
Otter,e5c67b2966,Li Bo,2023-12-24,1,285,1,286,origin/HEAD
Otter,50cacb9903,Li Bo,2023-12-24,1,1,1,2,origin/HEAD
Otter,16167d1fec,Li Bo,2023-12-23,1,0,1,1,origin/HEAD
Otter,68273dd9bf,Li Bo,2023-12-23,1,24,1,25,origin/HEAD
Otter,38593e6473,Li Bo,2023-12-23,20,0,1,20,origin/HEAD
Otter,8b386816ec,Li Bo,2023-12-11,1,1,1,2,origin/HEAD
Otter,3a746889cb,Li Bo,2023-12-11,20,4,1,24,origin/HEAD
Otter,5a7d017bb7,Li Bo,2023-12-10,19,6,1,25,origin/HEAD
Otter,c0d851dc76,Li Bo,2023-12-10,107,0,1,107,origin/HEAD
Otter,dbe276e82d,Li Bo,2023-12-09,0,5,1,5,origin/HEAD
Otter,f6606c9cf1,Li Bo,2023-12-07,1,2,1,3,origin/HEAD
Otter,62420c3148,Li Bo,2023-12-03,1,1,1,2,origin/HEAD
Otter,c72fdf6734,Li Bo,2023-12-03,32,0,1,32,origin/HEAD
Otter,fd7cc348d3,Li Bo,2023-12-03,0,1,1,1,origin/HEAD
Otter,26fe856899,Pu Fanyi,2023-12-03,1,1,1,2,origin/HEAD
Otter,6268820f04,Pu Fanyi,2023-12-03,1,1,1,2,origin/HEAD
Otter,bf19f9c2eb,Li Bo,2023-12-01,1,1,1,2,origin/HEAD
Otter,8ad875cb21,Li Bo,2023-11-23,3,1,1,4,origin/HEAD
Otter,ae4cfdd803,Pu Fanyi,2023-11-20,2,2,2,4,origin/HEAD
Otter,a20f40d0ff,Li Bo,2023-11-14,1,1,1,2,origin/HEAD
Otter,25eecda00a,Li Bo,2023-11-14,2,2,1,4,origin/HEAD
Otter,131a92b82b,Li Bo,2023-11-10,1,1,1,2,origin/HEAD
Otter,9304944b09,Li Bo,2023-11-10,1,1,1,2,origin/HEAD
Otter,11105f1866,Li Bo,2023-11-08,9,14,1,23,origin/HEAD
Otter,1cef8037de,Li Bo,2023-11-08,3,1,1,4,origin/HEAD
Otter,1c056f1e5c,Li Bo,2023-11-08,24490,13433,276,37923,origin/HEAD
Otter,0d12192f66,Liangyu Chen,2023-10-17,16,10,1,26,origin/HEAD
Otter,283a74c268,Li Bo,2023-09-14,1,4,1,5,origin/HEAD
Otter,c9da5d4934,Li Bo,2023-09-14,1,1,1,2,origin/HEAD
Otter,c6792a8d0d,Li Bo,2023-09-14,3,9,1,12,origin/HEAD
Otter,34222f7e73,Pu Fanyi,2023-09-13,1,2,2,3,origin/HEAD
Otter,ab29c3390b,Pu Fanyi,2023-09-11,10614,10570,138,21184,origin/HEAD
Otter,66b9d5a295,Li Bo,2023-11-08,12,15,2,27,origin/dev_release
Otter,70a95bb3d5,Li Bo,2023-11-07,1,1,1,2,origin/dev_release
Otter,6dd93de05d,Li Bo,2023-11-07,1,1,1,2,origin/dev_release
Otter,3d11017bd1,Li Bo,2023-11-07,1,1,1,2,origin/dev_release
Otter,ca938626e0,Li Bo,2023-11-07,1,1,1,2,origin/dev_release
Otter,daf280e75f,Li Bo,2023-11-07,2,0,1,2,origin/dev_release
Otter,17e8fdfa38,Li Bo,2023-11-07,1,1,1,2,origin/dev_release
Otter,2e9c5fcf13,Li Bo,2023-11-07,18,0,1,18,origin/dev_release
Otter,6ee390551d,Li Bo,2023-11-07,1,1,1,2,origin/dev_release
Otter,19b08c1d2e,Li Bo,2023-11-07,1,1,1,2,origin/dev_release
Otter,3988872ca6,Li Bo,2023-11-07,1,3,2,4,origin/dev_release
Otter,76aecc8bf0,Li Bo,2023-11-07,4,2,1,6,origin/dev_release
Otter,ac45c79e06,Li Bo,2023-11-07,36,7,1,43,origin/dev_release
Otter,a94be9fc2f,Li Bo,2023-11-07,4,4,1,8,origin/dev_release
Otter,21a104ba6b,Li Bo,2023-11-07,1,1,1,2,origin/dev_release
Otter,6a61e903eb,Li Bo,2023-11-07,5,3,2,8,origin/dev_release
Otter,d99582a47e,Li Bo,2023-11-07,2,0,1,2,origin/dev_release
Otter,e8d6c1e0b1,Li Bo,2023-11-07,2,2,1,4,origin/dev_release
Otter,837a00cc3b,Zhang Peiyuan,2023-11-07,1,1,1,2,origin/dev_release
Otter,dd1d9e159a,Li Bo,2023-11-07,1,0,1,1,origin/dev_release
Otter,4dfe3707e4,Li Bo,2023-11-07,4,6,1,10,origin/dev_release
Otter,0a1ff22f09,Li Bo,2023-11-07,81,3,4,84,origin/dev_release
Otter,c63fce0022,Li Bo,2023-11-07,0,8,1,8,origin/dev_release
Otter,ca69589b7e,Li Bo,2023-11-07,3,3,3,6,origin/dev_release
Otter,b1557c7c50,Li Bo,2023-11-07,4,2,3,6,origin/dev_release
Otter,d09c9da5d8,Li Bo,2023-11-07,1,0,1,1,origin/dev_release
Otter,65ade75ffb,Li Bo,2023-11-07,65,0,1,65,origin/dev_release
Otter,e0b0bb0dd5,Li Bo,2023-11-07,0,4,1,4,origin/dev_release
Otter,a0c4f71cda,Li Bo,2023-11-07,0,5792,24,5792,origin/dev_release
Otter,162e1b2f48,Li Bo,2023-11-07,548,0,4,548,origin/dev_release
Otter,b28dabbe8e,Li Bo,2023-11-07,11,272,4,283,origin/dev_release
Otter,fc32f6d7be,Li Bo,2023-11-06,10,0,1,10,origin/dev_release
Otter,43076760fc,Li Bo,2023-11-06,1,1,1,2,origin/dev_release
Otter,70f06bff82,Li Bo,2023-11-06,30,105,9,135,origin/dev_release
Otter,ce9a22e05d,Li Bo,2023-11-06,8243,21,53,8264,origin/dev_release
Otter,e483a372d2,Li Bo,2023-11-06,1,1,1,2,origin/dev_release
Otter,23ef0f765b,Li Bo,2023-11-06,1,1,1,2,origin/dev_release
Otter,fff1a649bb,Li Bo,2023-11-06,1,1,1,2,origin/dev_release
Otter,b1d89a5e8b,Li Bo,2023-11-06,0,2,1,2,origin/dev_release
Otter,4365a28df8,Li Bo,2023-11-06,3,3,1,6,origin/dev_release
Otter,e29d6f6285,Li Bo,2023-11-06,2,2,1,4,origin/dev_release
Otter,17353e13e2,Li Bo,2023-11-06,7,6,1,13,origin/dev_release
Otter,4a82a139b4,Li Bo,2023-11-06,3,3,2,6,origin/dev_release
Otter,3eacd14a5c,Li Bo,2023-11-06,24,8,2,32,origin/dev_release
Otter,93f098c4b2,Bo Li,2023-11-06,0,1,1,1,origin/dev_release
Otter,bfe0684912,Bo Li,2023-11-06,5,4,2,9,origin/dev_release
Otter,1741d95d37,Li Bo,2023-11-06,199,0,2,199,origin/dev_release
Otter,fbd9c2da10,Li Bo,2023-11-06,2,2,1,4,origin/dev_release
Otter,46353c16a2,Bo Li,2023-11-06,5085,2956,63,8041,origin/dev_release
Otter,515a77c0d2,Bo Li,2023-11-06,1,0,1,1,origin/dev_release
Otter,1db389d16d,Li Bo,2023-11-06,3,3,3,6,origin/dev_release
Otter,453b1b2a77,Li Bo,2023-11-06,3,2,1,5,origin/dev_release
Otter,71f7d08eac,Li Bo,2023-11-06,17,10,2,27,origin/dev_release
Otter,f7f432e886,Pu Fanyi,2023-11-06,19,3,1,22,origin/dev_release
Otter,6ee3e6099d,Pu Fanyi,2023-11-06,113,2,4,115,origin/dev_release
Otter,8908a17620,Li Bo,2023-11-06,2,2,1,4,origin/dev_release
Otter,c02d141ac6,Li Bo,2023-11-06,1,1,1,2,origin/dev_release
Otter,ee8ca544b4,Li Bo,2023-11-06,1,1,1,2,origin/dev_release
Otter,e63d386fb0,Li Bo,2023-11-06,1,1,1,2,origin/dev_release
Otter,a47b337959,Li Bo,2023-11-06,24,19,1,43,origin/dev_release
Otter,e9ecacf2d5,Li Bo,2023-11-06,1,1,1,2,origin/dev_release
Otter,61bcdee619,Li Bo,2023-11-06,2,2,2,4,origin/dev_release
Otter,da208280d4,Li Bo,2023-11-06,97,20,2,117,origin/dev_release
Otter,600f1a1324,Li Bo,2023-11-06,14,1,1,15,origin/dev_release
Otter,c3181521cb,Zhang Peiyuan,2023-11-06,14,1,1,15,origin/dev_release
Otter,13fe08f56b,Li Bo,2023-11-06,1,1,1,2,origin/dev_release
Otter,88d23d0e82,Li Bo,2023-11-06,1,0,1,1,origin/dev_release
Otter,4a9b010454,Li Bo,2023-11-06,18,1,1,19,origin/dev_release
Otter,8049c755b8,Li Bo,2023-11-06,114,332,8,446,origin/dev_release
Otter,d8c21831e5,Li Bo,2023-11-06,1,1,1,2,origin/dev_release
Otter,06566d3db1,Li Bo,2023-11-06,2,2,1,4,origin/dev_release
Otter,de2b96888d,Li Bo,2023-11-06,1,3,1,4,origin/dev_release
Otter,3eca7f698a,Li Bo,2023-11-06,1,7,1,8,origin/dev_release
Otter,bbc38be1a7,Li Bo,2023-11-06,31,20,3,51,origin/dev_release
Otter,734cce7dfc,Li Bo,2023-11-06,6,6,1,12,origin/dev_release
Otter,4be489dd77,Li Bo,2023-11-06,4,4,1,8,origin/dev_release
Otter,a4fa7467e6,Li Bo,2023-11-06,190,2523,20,2713,origin/dev_release
Otter,f2e93207dd,Li Bo,2023-11-05,4,45,4,49,origin/dev_release
Otter,9cfcf7137c,Li Bo,2023-11-05,310,16,7,326,origin/dev_release
Otter,5b5567caf6,Zhang Peiyuan,2023-11-05,3712,640,38,4352,origin/dev_release
Otter,75a9467ba5,Li Bo,2023-11-05,4737,777,53,5514,origin/dev_release
Otter,5ad27a9106,Pu Fanyi,2023-10-30,102,0,2,102,origin/dev_release
Otter,a7ad8a20e3,Liangyu Chen,2023-10-27,3,2,2,5,origin/dev_release
Otter,469e78e411,Fanyi Pu,2023-10-26,3,2,2,5,origin/dev_release
Otter,2d82ea2659,Liangyu Chen,2023-10-26,48,27,1,75,origin/dev_release
Otter,504a39f22d,Fanyi Pu,2023-10-26,1,11,1,12,origin/dev_release
Otter,5222d5bb23,Fanyi Pu,2023-10-26,48,17,1,65,origin/dev_release
Otter,53315af0c2,Pu Fanyi,2023-10-26,5,5,3,10,origin/dev_release
Otter,fe58adf01f,Fanyi Pu,2023-10-26,5,5,3,10,origin/dev_release
Otter,f2f7b255af,Pu Fanyi,2023-10-21,611,241,20,852,origin/dev_release
Otter,c9a94d9ee3,Fanyi Pu,2023-10-20,0,1,1,1,origin/dev_release
Otter,cd36744cd2,Pu Fanyi,2023-10-20,2,1,1,3,origin/dev_release
Otter,9839b0d8f0,Fanyi Pu,2023-10-20,2,13,2,15,origin/dev_release
Otter,1ccf380207,Fanyi Pu,2023-10-20,260,100,12,360,origin/dev_release
Otter,ec3cb49f09,Fanyi Pu,2023-10-20,23,15,2,38,origin/dev_release
Otter,f94eff3a22,Fanyi Pu,2023-10-20,18,30,4,48,origin/dev_release
Otter,c2a0536eaf,Li Bo,2023-10-20,310,128,12,438,origin/dev_release
Otter,8bd581394e,Fanyi Pu,2023-10-20,25,21,1,46,origin/dev_release
Otter,beddf7ff17,Fanyi Pu,2023-10-20,1,1,1,2,origin/dev_release
Otter,460d42c946,Fanyi Pu,2023-10-20,1,1,1,2,origin/dev_release
Otter,c8698da44f,Fanyi Pu,2023-10-20,15,10,8,25,origin/dev_release
Otter,3b26baa4b1,Fanyi Pu,2023-10-20,1,1,1,2,origin/dev_release
Otter,ee1303e517,Fanyi Pu,2023-10-20,30,11,10,41,origin/dev_release
Otter,b61f97a0b3,Fanyi Pu,2023-10-20,7,7,1,14,origin/dev_release
Otter,28a95a5a3e,Fanyi Pu,2023-10-20,9,4,2,13,origin/dev_release
Otter,50844226cb,Fanyi Pu,2023-10-19,17,8,2,25,origin/dev_release
Otter,6c8103110b,Fanyi Pu,2023-10-19,1,1,1,2,origin/dev_release
Otter,4ad6ee9670,Fanyi Pu,2023-10-19,3,4,1,7,origin/dev_release
Otter,a556650fc9,Fanyi Pu,2023-10-19,7,5,1,12,origin/dev_release
Otter,09d679f661,Fanyi Pu,2023-10-19,52,93,1,145,origin/dev_release
Otter,9a39112ebf,Fanyi Pu,2023-10-17,4,5,2,9,origin/dev_release
Otter,05e449b3fd,Fanyi Pu,2023-10-17,21,0,1,21,origin/dev_release
Otter,9b628ebdb2,Fanyi Pu,2023-10-17,231,111,4,342,origin/dev_release
Otter,62e23f32c9,Fanyi Pu,2023-10-17,2,2,1,4,origin/dev_release
Otter,ec453c5a4d,Fanyi Pu,2023-10-17,38,12,1,50,origin/dev_release
Otter,0b9c78a921,Fanyi Pu,2023-10-17,12,11,1,23,origin/dev_release
Otter,7dbbb1520e,Fanyi Pu,2023-10-17,1,1,1,2,origin/dev_release
Otter,23d4c0ad0e,Fanyi Pu,2023-10-17,1,1,1,2,origin/dev_release
Otter,832d67f02b,Fanyi Pu,2023-10-17,13,2,2,15,origin/dev_release
Otter,605ea9b0ae,Fanyi Pu,2023-10-17,26,2,2,28,origin/dev_release
Otter,19f7a12f2a,Fanyi Pu,2023-10-17,162,36,10,198,origin/dev_release
Otter,8f03d3f6bc,Fanyi Pu,2023-10-17,1,2,1,3,origin/dev_release
Otter,6aa1863d7b,Fanyi Pu,2023-10-17,113,1,1,114,origin/dev_release
Otter,af17edd0a6,Fanyi Pu,2023-10-17,1,0,1,1,origin/dev_release
Otter,90c0bbf5aa,Fanyi Pu,2023-10-17,70,4,6,74,origin/dev_release
Otter,12b6415771,Fanyi Pu,2023-10-17,0,0,1,0,origin/dev_release
Otter,1e505b4dcc,Li Bo,2023-10-14,137,14,8,151,origin/dev_release
Otter,dd4fac1cbe,Fanyi Pu,2023-10-13,28,6,1,34,origin/dev_release
Otter,94177061ff,JvThunder,2023-10-13,178,44,4,222,origin/dev_release
Otter,4bd6c32479,Bo Li,2023-10-13,1,1,1,2,origin/dev_release
Otter,52bacca3d8,Li Bo,2023-10-12,6,2,3,8,origin/dev_release
Otter,a41247d193,Li Bo,2023-10-12,46,32,1,78,origin/dev_release
Otter,9ff5957c01,Li Bo,2023-10-12,3,3,2,6,origin/dev_release
Otter,34b70f8068,Pu Fanyi,2023-10-12,46,32,1,78,origin/dev_release
Otter,19fdf40a3f,Li Bo,2023-10-12,20,69,1,89,origin/dev_release
Otter,01d56cec48,Li Bo,2023-10-12,5,5,2,10,origin/dev_release
Otter,1a0972e6cc,Li Bo,2023-10-12,107,26,1,133,origin/dev_release
Otter,cf11867f2b,Pu Fanyi,2023-10-12,8,3,1,11,origin/dev_release
Otter,54362e9de5,Li Bo,2023-10-11,1,1,1,2,origin/dev_release
Otter,96e467c048,Bo Li,2023-10-11,54,54,2,108,origin/dev_release
Otter,11be13deb2,Bo Li,2023-10-11,1,1,1,2,origin/dev_release
Otter,3dfcf3e9a4,Li Bo,2023-10-11,1,1,1,2,origin/dev_release
Otter,b8a086bcbe,Li Bo,2023-10-11,202,202,4,404,origin/dev_release
Otter,e4f1ec3b28,Li Bo,2023-10-11,5,4,1,9,origin/dev_release
Otter,1a8e12bfa2,Li Bo,2023-10-11,4,4,1,8,origin/dev_release
Otter,537d239e3b,Li Bo,2023-10-10,22,20,3,42,origin/dev_release
Otter,0c7eacb6eb,Li Bo,2023-10-10,491,100,6,591,origin/dev_release
Otter,c07f73f6c8,Li Bo,2023-10-10,9,6,1,15,origin/dev_release
Otter,dce1b0f30a,Li Bo,2023-10-10,2,2,1,4,origin/dev_release
Otter,b970f617be,Li Bo,2023-10-10,1,1,1,2,origin/dev_release
Otter,33e6cb0f02,Li Bo,2023-10-10,98,0,2,98,origin/dev_release
Otter,fc2a87bc85,Li Bo,2023-10-10,18,14,2,32,origin/dev_release
Otter,edb2440eec,JvThunder,2023-10-10,133,106,4,239,origin/dev_release
Otter,39264fc8f0,Pu Fanyi,2023-10-10,313,48,9,361,origin/dev_release
Otter,1da20cf87f,Li Bo,2023-10-09,12,12,1,24,origin/dev_release
Otter,2d29a417d9,Li Bo,2023-10-09,9,6,1,15,origin/dev_release
Otter,3b55adba8d,Li Bo,2023-10-09,9,2,3,11,origin/dev_release
Otter,b8312afc54,Li Bo,2023-10-09,24,25,5,49,origin/dev_release
Otter,956a7cc1f9,Li Bo,2023-10-09,18,26,2,44,origin/dev_release
Otter,048778f0de,Li Bo,2023-10-09,284,87,5,371,origin/dev_release
Otter,cff3f32262,Bo Li,2023-10-08,1,1,1,2,origin/dev_release
Otter,3d050417ac,Li Bo,2023-10-08,1,0,1,1,origin/dev_release
Otter,f7da7eb94c,Li Bo,2023-10-08,5,3,2,8,origin/dev_release
Otter,06a60bb2f1,Li Bo,2023-10-08,20,17,2,37,origin/dev_release
Otter,000c8d7daf,Bo Li,2023-10-08,5,3,2,8,origin/dev_release
Otter,14a40549d0,Bo Li,2023-10-08,1,0,1,1,origin/dev_release
Otter,014c4eea74,Bo Li,2023-10-08,21,5,2,26,origin/dev_release
Otter,cc34519141,Bo Li,2023-10-07,11,7,2,18,origin/dev_release
Otter,365eccd646,Li Bo,2023-10-07,1,1,1,2,origin/dev_release
Otter,e61159b1a5,Li Bo,2023-10-07,3,0,1,3,origin/dev_release
Otter,ac81fe6a83,Li Bo,2023-10-07,121,92,3,213,origin/dev_release
Otter,d5f6e92c9f,Li Bo,2023-10-07,122,96,3,218,origin/dev_release
Otter,80ecc10683,Li Bo,2023-10-07,1,1,1,2,origin/dev_release
Otter,a061082d33,Fanyi Pu,2023-10-07,3,3,1,6,origin/dev_release
Otter,b3c08f12dc,Li Bo,2023-10-06,2,18,1,20,origin/dev_release
Otter,b4491049a6,Li Bo,2023-10-06,4,2,2,6,origin/dev_release
Otter,c24f2e4879,Joshua Adrian Cahyono,2023-10-06,2,2,1,4,origin/dev_release
Otter,e260192237,Joshua Adrian Cahyono,2023-10-06,3,19,1,22,origin/dev_release
Otter,6dd54d963c,Li Bo,2023-10-05,2,2,1,4,origin/dev_release
Otter,4bfe93ecb2,Li Bo,2023-10-05,135,95,3,230,origin/dev_release
Otter,c65a7fb277,Li Bo,2023-10-05,91,1,2,92,origin/dev_release
Otter,efc8258bd1,Li Bo,2023-10-05,19,31,3,50,origin/dev_release
Otter,9c583544ba,Li Bo,2023-10-05,91,1,2,92,origin/dev_release
Otter,9f7577d055,JvThunder,2023-10-05,19,31,3,50,origin/dev_release
Otter,6386b72751,JvThunder,2023-10-05,143,379,9,522,origin/dev_release
Otter,d44f743ae5,Joshua Adrian Cahyono,2023-10-05,1,99,1,100,origin/dev_release
Otter,8496a7da8c,Li Bo,2023-10-05,145,380,9,525,origin/dev_release
Otter,3a47afb23d,Bo Li,2023-10-05,8,17,2,25,origin/dev_release
Otter,76a5582682,Bo Li,2023-10-05,2,2,1,4,origin/dev_release
Otter,60e46fb12a,Joshua Adrian Cahyono,2023-10-04,16,16,1,32,origin/dev_release
Otter,0228c4c6ac,Joshua Adrian Cahyono,2023-10-04,17,4,1,21,origin/dev_release
Otter,e7ff307d10,Joshua Adrian Cahyono,2023-10-04,42,11,2,53,origin/dev_release
Otter,ca879593ce,Fanyi Pu,2023-10-04,1,0,1,1,origin/dev_release
Otter,9d32c45a6a,Li Bo,2023-10-03,2,1,1,3,origin/dev_release
Otter,c8d810c5fd,Fanyi Pu,2023-10-03,15,3,1,18,origin/dev_release
Otter,6c26140ad7,Fanyi Pu,2023-10-03,2,2,1,4,origin/dev_release
Otter,fa183c8232,Fanyi Pu,2023-10-03,57,27,1,84,origin/dev_release
Otter,34bdad4eee,Li Bo,2023-10-03,0,2,1,2,origin/dev_release
Otter,d45280b739,Li Bo,2023-10-03,6,16,1,22,origin/dev_release
Otter,8f8d53aeaa,Fanyi Pu,2023-10-02,1,1,1,2,origin/dev_release
Otter,eba800d588,Bo Li,2023-10-02,0,2,1,2,origin/dev_release
Otter,9437c5d4c3,Li Bo,2023-10-01,8,30,1,38,origin/dev_release
Otter,b9322a7804,Li Bo,2023-10-01,104,287,2,391,origin/dev_release
Otter,1acef8671b,Pu Fanyi,2023-09-29,536,143,12,679,origin/dev_release
Otter,c1b23ab340,Li Bo,2023-09-28,29,75,4,104,origin/dev_release
Otter,b9a172540f,Bo Li,2023-09-28,17,0,2,17,origin/dev_release
Otter,84f0f77b89,Bo Li,2023-09-28,0,9,1,9,origin/dev_release
Otter,b218ab5f7e,Li Bo,2023-09-28,8,0,1,8,origin/dev_release
Otter,b88d9a7867,Li Bo,2023-09-28,9,9,2,18,origin/dev_release
Otter,d0cb8a5a41,Bo Li,2023-09-27,83,68,1,151,origin/dev_release
Otter,95569860cb,Bo Li,2023-09-27,10,1,2,11,origin/dev_release
Otter,86cb63005b,Li Bo,2023-09-27,83,68,1,151,origin/dev_release
Otter,ef58187877,Bo Li,2023-09-27,7,1,2,8,origin/dev_release
Otter,eba6d67069,Li Bo,2023-09-27,5,4,3,9,origin/dev_release
Otter,b8a0b487ac,Bo Li,2023-09-27,12,24,1,36,origin/dev_release
Otter,6e7b0809e9,Bo Li,2023-09-27,1,1,1,2,origin/dev_release
Otter,a97537fc65,Li Bo,2023-09-27,12,24,1,36,origin/dev_release
Otter,ff0444ef41,Li Bo,2023-09-26,536,143,12,679,origin/dev_release
Otter,4db25fcbbc,Li Bo,2023-09-26,3,1,1,4,origin/dev_release
Otter,e012893522,Li Bo,2023-09-26,11,29,2,40,origin/dev_release
Otter,58e39158e4,Bo Li,2023-09-26,97,29,5,126,origin/dev_release
Otter,be9fc8967b,Bo Li,2023-09-26,11,6,3,17,origin/dev_release
Otter,113d37dcb8,Li Bo,2023-09-26,112,35,6,147,origin/dev_release
Otter,bd033e05d0,Bo Li,2023-09-26,3,1,1,4,origin/dev_release
Otter,a2f467a44b,Bo Li,2023-09-26,11,8,3,19,origin/dev_release
Otter,4bcd09dcde,Bo Li,2023-09-26,2,2,1,4,origin/dev_release
Otter,dec0d7658a,Bo Li,2023-09-26,66,30,6,96,origin/dev_release
Otter,05495d11bf,Bo Li,2023-09-26,1,1,1,2,origin/dev_release
Otter,be430dec85,Bo Li,2023-09-26,4,0,1,4,origin/dev_release
Otter,aa2a7adef4,Bo Li,2023-09-25,9,1,1,10,origin/dev_release
Otter,e35db2f9d8,Bo Li,2023-09-25,61,12,2,73,origin/dev_release
Otter,6b5061609b,Li Bo,2023-09-24,9,1,1,10,origin/dev_release
Otter,6e75a0c934,Li Bo,2023-09-24,19,4,2,23,origin/dev_release
Otter,7711ac561d,Li Bo,2023-09-24,23,23,1,46,origin/dev_release
Otter,180e471cd0,Li Bo,2023-09-24,9,6,1,15,origin/dev_release
Otter,5947cfb998,Bo Li,2023-09-24,6,9,1,15,origin/dev_release
Otter,8caad9c9af,Bo Li,2023-09-24,14,42,1,56,origin/dev_release
Otter,22558de4f1,Li Bo,2023-09-24,0,32,1,32,origin/dev_release
Otter,e725ea1b99,Li Bo,2023-09-24,5,1,1,6,origin/dev_release
Otter,14c4828dce,Li Bo,2023-09-24,1,1,1,2,origin/dev_release
Otter,91ffff5429,Bo Li,2023-09-24,42,15,1,57,origin/dev_release
Otter,cf7e95a5a7,Li Bo,2023-09-24,18,13,2,31,origin/dev_release
Otter,cf06d6e81f,Li Bo,2023-09-24,15,31,2,46,origin/dev_release
Otter,fb7572bf78,Bo Li,2023-09-24,4,4,1,8,origin/dev_release
Otter,142c10c5bc,Bo Li,2023-09-24,17,29,2,46,origin/dev_release
Otter,1bcb0ff6d5,Bo Li,2023-09-24,16,11,2,27,origin/dev_release
Otter,7040c241e1,Li Bo,2023-09-23,17,29,2,46,origin/dev_release
Otter,86a04afa6b,Li Bo,2023-09-23,2,2,1,4,origin/dev_release
Otter,44c297543d,Li Bo,2023-09-23,23,1,1,24,origin/dev_release
Otter,2630b28cff,Li Bo,2023-09-23,3,0,2,3,origin/dev_release
Otter,05673737c4,Bo Li,2023-09-23,2,0,1,2,origin/dev_release
Otter,a0252a46b5,Li Bo,2023-09-23,25,15,1,40,origin/dev_release
Otter,19284c695a,Bo Li,2023-09-23,1,0,1,1,origin/dev_release
Otter,7506c7f72b,Li Bo,2023-09-23,113,8,3,121,origin/dev_release
Otter,234bf0b480,Li Bo,2023-09-22,2,2,1,4,origin/dev_release
Otter,7749bacc2c,Li Bo,2023-09-22,5,3,1,8,origin/dev_release
Otter,03317cc771,Li Bo,2023-09-22,9,1,1,10,origin/dev_release
Otter,927508629f,Li Bo,2023-09-22,1,2,2,3,origin/dev_release
Otter,c2c5a56500,Li Bo,2023-09-22,41,27,2,68,origin/dev_release
Otter,24c97a574f,Pu Fanyi,2023-09-22,310,502,10,812,origin/dev_release
Otter,7515828d6d,Fanyi Pu,2023-09-22,1,0,1,1,origin/dev_release
Otter,57ba5b7882,Li Bo,2023-09-22,39,22,1,61,origin/dev_release
Otter,b262bf3ce1,Li Bo,2023-09-21,46,19,2,65,origin/dev_release
Otter,77466e9ac7,Li Bo,2023-09-21,0,2,1,2,origin/dev_release
Otter,bc2a119b7e,Li Bo,2023-09-21,2,3,1,5,origin/dev_release
Otter,d802b16001,Li Bo,2023-09-21,39,3,2,42,origin/dev_release
Otter,79673c87dc,Li Bo,2023-09-21,3,2,1,5,origin/dev_release
Otter,3562123a27,Li Bo,2023-09-21,223,285,6,508,origin/dev_release
Otter,8b06b0224b,Li Bo,2023-09-21,85,217,4,302,origin/dev_release
Otter,cc0991f43b,Li Bo,2023-09-21,6767,8315,112,15082,origin/dev_release
Otter,a5f4c15fc1,Li Bo,2023-09-21,0,1,1,1,origin/dev_release
Otter,3e5d01a699,Li Bo,2023-09-21,14,1,2,15,origin/dev_release
Otter,7a2e5b1c8f,Li Bo,2023-09-21,60,30,8,90,origin/dev_release
Otter,34da76919e,Li Bo,2023-09-21,3,10,2,13,origin/dev_release
Otter,53ae8c4609,Li Bo,2023-09-21,108,295,5,403,origin/dev_release
Otter,1eb58018cc,Li Bo,2023-09-21,6670,7846,101,14516,origin/dev_release
Otter,37562f424f,Li Bo,2023-09-21,50,30,4,80,origin/dev_release
Otter,1e29c6a1f4,Li Bo,2023-09-21,6142,4934,115,11076,origin/dev_release
Otter,6d8ff8f402,Li Bo,2023-09-21,253,0,4,253,origin/dev_release
Otter,7022bf2932,Fanyi Pu,2023-09-21,7,1,1,8,origin/dev_release
Otter,d3c3f00a14,Fanyi Pu,2023-09-21,12,43,2,55,origin/dev_release
Otter,48c16225d0,Fanyi Pu,2023-09-21,0,2,1,2,origin/dev_release
Otter,834bfe55c3,Fanyi Pu,2023-09-21,10,13,4,23,origin/dev_release
Otter,39fd90d5f9,Fanyi Pu,2023-09-21,1,3,1,4,origin/dev_release
Otter,c6eca09cb5,Fanyi Pu,2023-09-21,79,60,9,139,origin/dev_release
Otter,b6979d7539,Fanyi Pu,2023-09-21,0,323,6,323,origin/dev_release
Otter,4cee909ad8,Fanyi Pu,2023-09-21,14,15,2,29,origin/dev_release
Otter,29416275ee,Fanyi Pu,2023-09-21,16,1,1,17,origin/dev_release
Otter,183f360bfd,Joshua Adrian Cahyono,2023-09-21,79,52,1,131,origin/dev_release
Otter,ef246b8858,Fanyi Pu,2023-09-21,1,1,1,2,origin/dev_release
Otter,691970d774,Fanyi Pu,2023-09-21,92,58,2,150,origin/dev_release
Otter,19db9ad646,Pu Fanyi,2023-09-20,6545,4844,119,11389,origin/dev_release
Otter,3d354019a4,Li Bo,2023-09-19,2213,4837,96,7050,origin/dev_release
Otter,a243c384e2,Li Bo,2023-09-19,3,31,1,34,origin/dev_release
Otter,b5a7b9f0ff,Li Bo,2023-09-19,143,139,6,282,origin/dev_release
Otter,a86a9a8647,Li Bo,2023-09-19,205,162,6,367,origin/dev_release
Otter,330e46c2ba,Li Bo,2023-09-19,3,1,1,4,origin/dev_release
Otter,737c61d3f1,Bo Li,2023-09-19,136,0,2,136,origin/dev_release
Otter,0c672c6d81,Bo Li,2023-09-19,69,162,4,231,origin/dev_release
Otter,7e5457cd81,Li Bo,2023-09-19,0,1,1,1,origin/dev_release
Otter,21cdf387c3,Li Bo,2023-09-18,25,35,2,60,origin/dev_release
Otter,0ca99c4f6a,Li Bo,2023-09-18,1,67,1,68,origin/dev_release
Otter,a1a57afab0,Li Bo,2023-09-18,15,17,1,32,origin/dev_release
Otter,e0a5efedf1,Li Bo,2023-09-18,1525,243,55,1768,origin/dev_release
Otter,2954ccce5b,Li Bo,2023-09-18,7,6,2,13,origin/dev_release
Otter,1ee48641ee,Li Bo,2023-09-18,1,1,1,2,origin/dev_release
Otter,278c73d081,Li Bo,2023-09-18,8,1,2,9,origin/dev_release
Otter,01a3b4ed86,Li Bo,2023-09-18,0,4,1,4,origin/dev_release
Otter,a72ee00b50,Li Bo,2023-09-18,40,0,1,40,origin/dev_release
Otter,3d2c376326,Li Bo,2023-09-18,0,3984,17,3984,origin/dev_release
Otter,454682cf98,Li Bo,2023-09-18,19,6,2,25,origin/dev_release
Otter,f83ca5d771,Bo Li,2023-09-18,6,4,2,10,origin/dev_release
Otter,aee960ce4c,Bo Li,2023-09-18,44,55,2,99,origin/dev_release
Otter,941028bcf2,Li Bo,2023-09-18,41,56,2,97,origin/dev_release
Otter,c643267e95,Bo Li,2023-09-18,12,14,4,26,origin/dev_release
Otter,33b49a4c71,Bo Li,2023-09-18,50,46,2,96,origin/dev_release
Otter,2b5e04b96d,Li Bo,2023-09-18,3,13,4,16,origin/dev_release
Otter,438f0224d5,Li Bo,2023-09-18,9,1,1,10,origin/dev_release
Otter,e0257d071e,Bo Li,2023-09-18,41,3,3,44,origin/dev_release
Otter,13bb4b5080,Bo Li,2023-09-18,1,1,1,2,origin/dev_release
Otter,08b0162bd7,Bo Li,2023-09-18,0,27,1,27,origin/dev_release
Otter,f12ef6fbe2,Li Bo,2023-09-18,76,118,4,194,origin/dev_release
Otter,68cb3177b5,Li Bo,2023-09-18,13,9,4,22,origin/dev_release
Otter,9ea3d7113a,Li Bo,2023-09-18,2,1,2,3,origin/dev_release
Otter,c6a56c037c,Li Bo,2023-09-18,12,16,2,28,origin/dev_release
Otter,0323ef0bd1,Li Bo,2023-09-18,13,16,3,29,origin/dev_release
Otter,226a63c3e7,Li Bo,2023-09-18,10,12,2,22,origin/dev_release
Otter,df318669cc,Li Bo,2023-09-18,10,4,1,14,origin/dev_release
Otter,dec78d77a7,Li Bo,2023-09-18,18,3,2,21,origin/dev_release
Otter,69524b3331,Li Bo,2023-09-18,32,37,3,69,origin/dev_release
Otter,125be5f56c,Li Bo,2023-09-18,243,164,12,407,origin/dev_release
Otter,62d136cc7f,Bo Li,2023-09-18,402,376,16,778,origin/dev_release
Otter,423eb2ed68,Bo Li,2023-09-18,10531,4902,94,15433,origin/dev_release
Otter,05e97b5607,Bo Li,2023-09-18,33,32,2,65,origin/dev_release
Otter,e833050813,Li Bo,2023-09-18,99,98,4,197,origin/dev_release
Otter,94734cf576,Li Bo,2023-09-17,4412,87,32,4499,origin/dev_release
Otter,a49cdf0100,Li Bo,2023-09-17,4266,1,24,4267,origin/dev_release
Otter,a5ae95bdb8,Li Bo,2023-09-17,5,2,1,7,origin/dev_release
Otter,be77f51322,Li Bo,2023-09-17,5966,4821,67,10787,origin/dev_release
Otter,024b94f982,Li Bo,2023-09-17,6112,5283,71,11395,origin/dev_release
Otter,fc359577f1,Li Bo,2023-09-17,0,56,1,56,origin/dev_release
Otter,19d2574687,Li Bo,2023-09-17,180,3,5,183,origin/dev_release
Otter,eaa73939c8,Li Bo,2023-09-17,10443,10000,115,20443,origin/dev_release
Otter,d014ac783e,Li Bo,2023-09-17,10,0,1,10,origin/dev_release
Otter,8b53a209a9,Li Bo,2023-09-17,10,3,2,13,origin/dev_release
Otter,348c636713,Li Bo,2023-09-17,1,3,2,4,origin/dev_release
Otter,688a66a1d2,Li Bo,2023-09-17,5,7,6,12,origin/dev_release
Otter,67c420a1c8,Li Bo,2023-09-17,3,0,1,3,origin/dev_release
Otter,7ae830b188,Li Bo,2023-09-17,2,1,1,3,origin/dev_release
Otter,7d6d5e6a3c,Li Bo,2023-09-17,4,4,1,8,origin/dev_release
Otter,c4080c61bc,Li Bo,2023-09-17,208,10,3,218,origin/dev_release
Otter,d235ffcad1,Fanyi Pu,2023-09-17,64,18,10,82,origin/dev_release
Otter,479875a43a,Li Bo,2023-09-17,9,9,1,18,origin/dev_release
Otter,dbd7e1da97,Li Bo,2023-09-17,40,35,1,75,origin/dev_release
Otter,1858ef7f9f,Li Bo,2023-09-17,2,1,2,3,origin/dev_release
Otter,539af6d323,Li Bo,2023-09-17,9,16,3,25,origin/dev_release
Otter,47305a0db5,Li Bo,2023-09-17,3,2,1,5,origin/dev_release
Otter,13b59909ac,Bo Li,2023-09-17,14,14,2,28,origin/dev_release
Otter,fc9ce2f5aa,Bo Li,2023-09-17,23,23,2,46,origin/dev_release
Otter,7d44b8a49f,Li Bo,2023-09-17,1,1,1,2,origin/dev_release
Otter,62f55d2061,Li Bo,2023-09-17,13,13,1,26,origin/dev_release
Otter,315c501314,Li Bo,2023-09-17,38,42,5,80,origin/dev_release
Otter,f404a1bea3,Li Bo,2023-09-17,28,364,6,392,origin/dev_release
Otter,3914037ea1,Fanyi Pu,2023-09-17,8,3,2,11,origin/dev_release
Otter,15998224ad,Fanyi Pu,2023-09-17,13,7,3,20,origin/dev_release
Otter,7d30eb58ad,Fanyi Pu,2023-09-17,10,9,1,19,origin/dev_release
Otter,104b80434c,Fanyi Pu,2023-09-16,3,2,3,5,origin/dev_release
Otter,4cd84d2378,Fanyi Pu,2023-09-16,143,13,7,156,origin/dev_release
Otter,32c2682c14,Fanyi Pu,2023-09-16,93,9,10,102,origin/dev_release
Otter,bbc00ddcd2,Li Bo,2023-09-16,125,3,4,128,origin/dev_release
Otter,8c57e0bee9,Fanyi Pu,2023-09-16,7,3,2,10,origin/dev_release
Otter,6886edf8e3,Fanyi Pu,2023-09-15,1,0,1,1,origin/dev_release
Otter,54f10d2675,ZhangYuanhan-AI,2023-09-14,17,3,3,20,origin/dev_release
Otter,6b85209ffe,Li Bo,2023-09-14,1,0,1,1,origin/dev_release
Otter,d801ba212e,ZhangYuanhan-AI,2023-09-14,1,0,1,1,origin/dev_release
Otter,2e23aecfae,ZhangYuanhan-AI,2023-09-14,29,37,3,66,origin/dev_release
Otter,7ce97a9eae,ZhangYuanhan-AI,2023-09-14,89,1,3,90,origin/dev_release
Otter,6eae7704aa,ZhangYuanhan-AI,2023-09-14,16,5,4,21,origin/dev_release
Otter,a5558672d9,kcz358,2023-09-14,89,1,3,90,origin/dev_release
Otter,2eba780d7f,Li Bo,2023-09-14,5,5,2,10,origin/dev_release
Otter,7593db4fa5,Li Bo,2023-09-14,1,1,1,2,origin/dev_release
Otter,17513e6b2c,Bo Li,2023-09-14,21,14,4,35,origin/dev_release
Otter,072f28ff70,Bo Li,2023-09-14,5,5,2,10,origin/dev_release
Otter,6fe99bf0bb,Li Bo,2023-09-14,6,6,1,12,origin/dev_release
Otter,a2f080b707,Li Bo,2023-09-14,15,8,3,23,origin/dev_release
Otter,b93886fda3,Bo Li,2023-09-14,2,2,1,4,origin/dev_release
Otter,0932e258b5,ZhangYuanhan-AI,2023-09-13,0,0,1,0,origin/dev_release
Otter,9e3cd28f7e,ZhangYuanhan-AI,2023-09-13,3,0,2,3,origin/dev_release
Otter,55413813ab,ZhangYuanhan-AI,2023-09-13,4,238,8,242,origin/dev_release
Otter,75d75fc88d,Bo Li,2023-09-13,14,16,4,30,origin/dev_release
Otter,8239d9179d,Li Bo,2023-09-13,0,2,1,2,origin/dev_release
Otter,efb34c3d76,Li Bo,2023-09-13,149,150,2,299,origin/dev_release
Otter,883057d6a7,ZhangYuanhan-AI,2023-09-13,2,0,2,2,origin/dev_release
Otter,e9f3e1fe66,ZhangYuanhan-AI,2023-09-13,169,5,6,174,origin/dev_release
Otter,2a3fa71752,ZhangYuanhan-AI,2023-09-13,101,188,12,289,origin/dev_release
Otter,2a80548f1b,Li Bo,2023-09-13,19,11,3,30,origin/dev_release
Otter,22b927aeab,Li Bo,2023-09-13,0,3,1,3,origin/dev_release
Otter,a62a6edf1e,Bo Li,2023-09-13,2,2,2,4,origin/dev_release
Otter,1aeb6aad28,Bo Li,2023-09-13,18,13,3,31,origin/dev_release
Otter,ab7a20c920,Li Bo,2023-09-13,12,4,2,16,origin/dev_release
Otter,9184003225,Li Bo,2023-09-13,7,3,1,10,origin/dev_release
Otter,9708903f14,Bo Li,2023-09-13,6,3,3,9,origin/dev_release
Otter,8d4e5144a4,Bo Li,2023-09-13,13,5,3,18,origin/dev_release
Otter,5a9612fffb,Li Bo,2023-09-13,7,4,3,11,origin/dev_release
Otter,3d6f4bc779,Bo Li,2023-09-13,0,2,1,2,origin/dev_release
Otter,7b05e2cf8a,Bo Li,2023-09-13,1,1,1,2,origin/dev_release
Otter,c3bbcc0d3b,Li Bo,2023-09-13,1,1,1,2,origin/dev_release
Otter,56fa259a50,Li Bo,2023-09-13,1,3,2,4,origin/dev_release
Otter,deadb4c18b,Bo Li,2023-09-13,9458,9513,108,18971,origin/dev_release
Otter,e5df5b642d,Bo Li,2023-09-13,2,2,2,4,origin/dev_release
Otter,d756820da1,Li Bo,2023-09-13,10,7,6,17,origin/dev_release
Otter,206cd48c72,Li Bo,2023-09-13,25,80,9,105,origin/dev_release
Otter,c92af185b6,Li Bo,2023-09-13,2,1,1,3,origin/dev_release
Otter,10c86e47d3,Li Bo,2023-09-13,9432,9435,98,18867,origin/dev_release
Otter,b1df886890,Bo Li,2023-09-13,2,1,1,3,origin/dev_release
Otter,0c9d246ea8,Bo Li,2023-09-13,1,2,1,3,origin/dev_release
Otter,c2197936ef,Bo Li,2023-09-13,7,10,4,17,origin/dev_release
Otter,8f55e58978,Li Bo,2023-09-13,104,0,2,104,origin/dev_release
Otter,7186583949,Li Bo,2023-09-13,53,17,3,70,origin/dev_release
Otter,3cb95520b1,ZhangYuanhan-AI,2023-09-13,272,202,13,474,origin/dev_release
Otter,87f8d8067c,Bo Li,2023-09-13,120,17,4,137,origin/dev_release
Otter,8e773340ae,Bo Li,2023-09-12,12331,12046,145,24377,origin/dev_release
Otter,6ae45db967,Bo Li,2023-09-12,31,4,2,35,origin/dev_release
Otter,2887e00460,Li Bo,2023-09-12,198,0,1,198,origin/dev_release
Otter,3e8427e580,Li Bo,2023-09-12,1,6,1,7,origin/dev_release
Otter,9cbb3904e4,Li Bo,2023-09-12,6,3,1,9,origin/dev_release
Otter,24fbc5feb5,Li Bo,2023-09-11,2,2,1,4,origin/dev_release
Otter,cd103b6011,Li Bo,2023-09-11,52,77,2,129,origin/dev_release
Otter,a9abecba1b,Li Bo,2023-09-11,4,1,2,5,origin/dev_release
Otter,cb68fb9094,Li Bo,2023-09-11,58,24,4,82,origin/dev_release
Otter,ab97ad42df,Li Bo,2023-09-11,3991,3991,35,7982,origin/dev_release
Otter,6289931554,Li Bo,2023-09-11,1,1,1,2,origin/dev_release
Otter,576e66334f,Li Bo,2023-09-11,750,750,3,1500,origin/dev_release
Otter,22761a5393,Li Bo,2023-09-11,45,8,5,53,origin/dev_release
Otter,81eb9b04f5,Li Bo,2023-09-11,22,299,7,321,origin/dev_release
Otter,bac13518c2,Fanyi Pu,2023-09-11,12,2,2,14,origin/dev_release
Otter,50150c57b1,Fanyi Pu,2023-09-11,46,8,5,54,origin/dev_release
Otter,6867aba14f,Li Bo,2023-09-11,12,2,2,14,origin/dev_release
Otter,4bd80640e3,Li Bo,2023-09-11,8,2,3,10,origin/dev_release
Otter,ac0cfcd40f,Li Bo,2023-09-11,1,11,1,12,origin/dev_release
Otter,dff80c3ae6,Li Bo,2023-09-11,554,1,16,555,origin/dev_release
Otter,9cfc847262,Li Bo,2023-09-11,20,45,4,65,origin/dev_release
Otter,0b8bdfc559,Li Bo,2023-09-11,4,4,1,8,origin/dev_release
Otter,1aa785e637,Li Bo,2023-09-11,12110,12036,143,24146,origin/dev_release
Otter,c10cf5f4b4,Li Bo,2023-09-11,12,0,1,12,origin/dev_release
Otter,066681b4e4,Bo Li,2023-09-09,4,4,1,8,origin/dev_release
Otter,28dc9d642e,Li Bo,2023-09-09,3,0,1,3,origin/dev_release
Otter,8996c85e1d,Li Bo,2023-09-09,8,11,1,19,origin/dev_release
Otter,e66d6032a1,Li Bo,2023-09-09,4,1,1,5,origin/dev_release
Otter,0cdedc4a1c,Li Bo,2023-09-09,113,203,19,316,origin/dev_release
Otter,e150f29206,Li Bo,2023-09-09,7,2,1,9,origin/dev_release
Otter,6757123c67,Bo Li,2023-09-09,18,26,2,44,origin/dev_release
Otter,8667359bb4,Bo Li,2023-09-09,82,5,3,87,origin/dev_release
Otter,ad4fbe4c0e,Li Bo,2023-09-09,1,5,1,6,origin/dev_release
Otter,fc070bc5b2,Li Bo,2023-09-09,10,9,1,19,origin/dev_release
Otter,4f28bac49e,Li Bo,2023-09-09,5,11,2,16,origin/dev_release
Otter,1c9adb4f9d,Li Bo,2023-09-09,5,8,2,13,origin/dev_release
Otter,75d83d09a7,Bo Li,2023-09-08,0,1,1,1,origin/dev_release
Otter,d501502212,Bo Li,2023-09-08,5,3,3,8,origin/dev_release
Otter,975b607d30,Bo Li,2023-09-08,0,6,1,6,origin/dev_release
Otter,9246ab3af0,Li Bo,2023-09-08,2,7,2,9,origin/dev_release
Otter,a8fa738122,Li Bo,2023-09-08,1,1,1,2,origin/dev_release
Otter,7ec5ee4a15,Li Bo,2023-09-08,11,3,2,14,origin/dev_release
Otter,38525153ec,Li Bo,2023-09-08,59,70,4,129,origin/dev_release
Otter,73e6858706,Li Bo,2023-12-10,32,0,1,32,origin/model_serving
Otter,ba703c1db6,Li Bo,2023-12-03,50,33,4,83,origin/model_serving
Otter,e0601a8783,ZhangYuanhan-AI,2024-01-07,4,0,1,4,origin/yhzhang/llava_compare_3
Otter,d0ffb4e750,ZhangYuanhan-AI,2024-01-03,3886,41,19,3927,origin/yhzhang/llava_compare_3
Otter,8788e674fa,ZhangYuanhan-AI,2024-01-03,547,366,23,913,origin/yhzhang/llava_compare_3
Otter,3146598602,ZhangYuanhan-AI,2023-12-21,218,37,7,255,origin/yhzhang/llava_compare_3
Otter,656db89f0d,ZhangYuanhan-AI,2023-12-20,706,804,24,1510,origin/yhzhang/llava_compare_3
Otter,c736e496b9,ZhangYuanhan-AI,2023-12-20,216,79,9,295,origin/yhzhang/llava_compare_3
Otter,43fb6ba25f,Bo Li,2023-12-20,29,6,3,35,origin/yhzhang/llava_compare_3
Otter,4256010cca,Bo Li,2023-12-20,19,8,2,27,origin/yhzhang/llava_compare_3
Otter,a6d7800a25,Bo Li,2023-12-20,88,30,3,118,origin/yhzhang/llava_compare_3
Otter,7bd0b5d327,Bo Li,2023-12-19,1,1,1,2,origin/yhzhang/llava_compare_3
Otter,60fa593a7d,Bo Li,2023-12-17,5,4,2,9,origin/yhzhang/llava_compare_3
Otter,4e20bbd987,Bo Li,2023-12-17,1,1,1,2,origin/yhzhang/llava_compare_3
Otter,207bb00797,Bo Li,2023-12-17,101,86,1,187,origin/yhzhang/llava_compare_3
Otter,215f7d9431,Bo Li,2023-12-17,444,1,4,445,origin/yhzhang/llava_compare_3
Otter,d39109aea5,Bo Li,2023-12-17,0,5,1,5,origin/yhzhang/llava_compare_3
Otter,ec28fa94e7,Li Bo,2023-12-17,0,7,1,7,origin/yhzhang/llava_compare_3
Otter,1d87e9f93b,Bo Li,2023-12-17,8,11,1,19,origin/yhzhang/llava_compare_3
Otter,f356f8d4a1,Bo Li,2023-12-15,11,285,5,296,origin/yhzhang/llava_compare_3
Otter,05b1794eb2,Bo Li,2023-12-15,5,98,2,103,origin/yhzhang/llava_compare_3
Otter,98aaef21e4,Li Bo,2023-12-15,13,287,5,300,origin/yhzhang/llava_compare_3
Otter,580a069049,Bo Li,2023-12-14,42,42,2,84,origin/yhzhang/llava_compare_3
Otter,8c7f9db330,Bo Li,2023-12-14,216,416,3,632,origin/yhzhang/llava_compare_3
Otter,647aae53b3,Li Bo,2023-12-14,42,42,2,84,origin/yhzhang/llava_compare_3
Otter,bcc195feb6,Bo Li,2023-12-13,9,9,1,18,origin/yhzhang/llava_compare_3
Otter,bc8aa76198,Bo Li,2023-12-13,11,8,2,19,origin/yhzhang/llava_compare_3
Otter,4154dd3d38,ZhangYuanhan-AI,2023-12-13,71,88,7,159,origin/yhzhang/llava_compare_3
Otter,79244b2303,ZhangYuanhan-AI,2023-12-13,15,19,3,34,origin/yhzhang/llava_compare_3
Otter,b179c29845,Bo Li,2023-12-13,1,0,1,1,origin/yhzhang/llava_compare_3
Otter,b6c739e031,Bo Li,2023-12-12,69,85,7,154,origin/yhzhang/llava_compare_3
Otter,f8130a5075,Bo Li,2023-12-12,0,2,1,2,origin/yhzhang/llava_compare_3
Otter,cbd5d2f2f9,Bo Li,2023-12-12,67,81,5,148,origin/yhzhang/llava_compare_3
Otter,89c8c44836,ZhangYuanhan-AI,2023-12-12,1375,542,33,1917,origin/yhzhang/llava_compare_3
Otter,948230edf1,Bo Li,2023-12-12,37,36,2,73,origin/yhzhang/llava_compare_3
Otter,eba356c561,Bo Li,2023-12-12,2,4,2,6,origin/yhzhang/llava_compare_3
Otter,fd5e89b307,ZhangYuanhan-AI,2023-12-12,1723,72,23,1795,origin/yhzhang/llava_compare_3
Otter,7325288551,Bo Li,2023-12-12,5,1,1,6,origin/yhzhang/llava_compare_3
Otter,4ce17e9ffd,Bo Li,2023-12-12,32,35,2,67,origin/yhzhang/llava_compare_3
Otter,58c9b84fd3,Bo Li,2023-12-12,32,34,2,66,origin/yhzhang/llava_compare_3
Otter,438c8a0826,Bo Li,2023-12-12,1,0,1,1,origin/yhzhang/llava_compare_3
Otter,e3d48193fb,Bo Li,2023-12-12,5,4,2,9,origin/yhzhang/llava_compare_3
Otter,74bebbc4de,Bo Li,2023-12-12,2,0,1,2,origin/yhzhang/llava_compare_3
Otter,f973f4c674,Bo Li,2023-12-12,5,4,2,9,origin/yhzhang/llava_compare_3
Otter,230d988961,Bo Li,2023-12-11,134,116,5,250,origin/yhzhang/llava_compare_3
Otter,1e09ecfba8,Bo Li,2023-12-11,26,6,1,32,origin/yhzhang/llava_compare_3
Otter,f324cb7dfd,Bo Li,2023-12-10,28,13,1,41,origin/yhzhang/llava_compare_3
Otter,b7ef1767ff,Bo Li,2023-12-10,19,19,6,38,origin/yhzhang/llava_compare_3
Otter,0768ecf682,Bo Li,2023-12-10,0,1,1,1,origin/yhzhang/llava_compare_3
Otter,7c5b8ced5e,Bo Li,2023-12-10,1,0,1,1,origin/yhzhang/llava_compare_3
Otter,edf203a10b,Bo Li,2023-12-10,11,14,3,25,origin/yhzhang/llava_compare_3
Otter,bb5155d2f6,Bo Li,2023-12-10,7,5,2,12,origin/yhzhang/llava_compare_3
Otter,021215e288,ZhangYuanhan-AI,2023-12-08,29910,12626,322,42536,origin/yhzhang/llava_compare_3
Otter,2cbb49dc30,ZhangYuanhan-AI,2023-12-08,3,0,1,3,origin/yhzhang/llava_compare_3
Otter,f10bc4c5ce,Bo Li,2023-12-07,18,7,4,25,origin/yhzhang/llava_compare_3
Otter,b217ae32ae,Bo Li,2023-12-07,8,2,1,10,origin/yhzhang/llava_compare_3
Otter,d4039b7bbc,Bo Li,2023-12-06,5,4,4,9,origin/yhzhang/llava_compare_3
Otter,b991d01eee,Bo Li,2023-12-06,13,3,1,16,origin/yhzhang/llava_compare_3
Otter,08fff39edb,Bo Li,2023-12-06,21,21,5,42,origin/yhzhang/llava_compare_3
Otter,7a8aac9dd6,Bo Li,2023-12-06,3,1,2,4,origin/yhzhang/llava_compare_3
Otter,a4d2c324ee,Bo Li,2023-12-06,21,21,5,42,origin/yhzhang/llava_compare_3
Otter,084604a954,jkyang,2023-12-05,9,5,1,14,origin/yhzhang/llava_compare_3
Otter,d0ead7e0c2,Bo Li,2023-12-04,9,5,1,14,origin/yhzhang/llava_compare_3
Otter,c29ed1c50e,Bo Li,2023-12-03,6,4,1,10,origin/yhzhang/llava_compare_3
Otter,0be1faa4bc,Bo Li,2023-12-03,3,0,1,3,origin/yhzhang/llava_compare_3
Otter,b2ab00925a,Bo Li,2023-12-03,11,4,1,15,origin/yhzhang/llava_compare_3
Otter,8f4f582a48,jkyang,2023-11-23,143,5,4,148,origin/yhzhang/llava_compare_3
Otter,348b29cc5c,jkyang,2023-11-22,7,8,1,15,origin/yhzhang/llava_compare_3
Otter,b01ea92382,Li Bo,2023-11-20,4,2,2,6,origin/yhzhang/llava_compare_3
Otter,2abd20e131,Li Bo,2023-11-20,13,7,1,20,origin/yhzhang/llava_compare_3
Otter,6e8ee175ee,Li Bo,2023-11-18,34,26,5,60,origin/yhzhang/llava_compare_3
Otter,2d35f18ca9,Li Bo,2023-11-18,279,10,5,289,origin/yhzhang/llava_compare_3
Otter,069c08e3e1,Li Bo,2023-11-15,85,2,3,87,origin/yhzhang/llava_compare_3
Otter,202029c197,Li Bo,2023-11-15,88,68,5,156,origin/yhzhang/llava_compare_3
Otter,f24be5cb7d,Li Bo,2023-11-15,3,1,1,4,origin/yhzhang/llava_compare_3
Otter,2fb33a9c19,Li Bo,2023-11-15,1,198,3,199,origin/yhzhang/llava_compare_3
Otter,890a3027e1,Bo Li,2023-11-15,2,2,1,4,origin/yhzhang/llava_compare_3
Otter,db1910e3b0,Bo Li,2023-11-15,63,51,2,114,origin/yhzhang/llava_compare_3
Otter,b88a427d50,Bo Li,2023-11-15,2828,69,45,2897,origin/yhzhang/llava_compare_3
Otter,215988c3f3,Bo Li,2023-11-15,25,17,3,42,origin/yhzhang/llava_compare_3
Otter,6821296aa8,Li Bo,2023-11-09,3,5,1,8,origin/yhzhang/llava_compare_3
Otter,4f408413cd,Li Bo,2023-11-08,2825,64,45,2889,origin/yhzhang/llava_compare_3
Otter,9c6140507b,Li Bo,2023-11-08,1,1,1,2,origin/yhzhang/llava_compare_3
Otter,0b872f193c,Bo Li,2023-11-08,79,1,2,80,origin/yhzhang/llava_compare_3
Otter,8e9fb8cce4,Bo Li,2023-11-07,1,1,1,2,origin/yhzhang/llava_compare_3
Otter,334f94ba6d,Li Bo,2023-11-07,79,1,2,80,origin/yhzhang/llava_compare_3
Otter,26febf97c1,Bo Li,2023-11-07,0,8,1,8,origin/yhzhang/llava_compare_3
Otter,6bf374138d,Bo Li,2023-11-07,2,2,2,4,origin/yhzhang/llava_compare_3
Otter,cf460915e7,Bo Li,2023-11-07,1,1,1,2,origin/yhzhang/llava_compare_3
Otter,7d865175a6,Bo Li,2023-11-07,1,1,1,2,origin/yhzhang/llava_compare_3
Otter,c4b77f8705,Bo Li,2023-11-07,2,0,1,2,origin/yhzhang/llava_compare_3
Otter,aace85cacc,Bo Li,2023-11-07,33,18,2,51,origin/yhzhang/llava_compare_3
Otter,544125259c,Bo Li,2023-11-07,1,1,1,2,origin/yhzhang/llava_compare_3
Clay-foundation-model,b817be2dcf,Aimee Barciauskas,2025-05-26,13,23,1,36,origin/HEAD
Clay-foundation-model,58646dcf4b,Bruno Sánchez-Andrade Nuño,2025-05-20,2,2,1,4,origin/HEAD
Clay-foundation-model,8a2d50fbaa,Bruno Sánchez-Andrade Nuño,2025-05-20,9,124,4,133,origin/HEAD
Clay-foundation-model,0a0b337a23,Brayden Zhang,2025-02-01,1,1,1,2,origin/HEAD
Clay-foundation-model,c661ea4428,Soumya Ranjan Mohanty,2024-12-10,182,22481,22,22663,origin/HEAD
Clay-foundation-model,8001245979,Daniel Wiesmann,2024-12-07,62,0,1,62,origin/HEAD
Clay-foundation-model,7fe5e687a9,Ryan Avery,2024-12-05,1,1,1,2,origin/HEAD
Clay-foundation-model,774db281bb,Soumya Ranjan Mohanty,2024-12-05,2616,2292,9,4908,origin/HEAD
Clay-foundation-model,8d0fe0841a,Bruno Sánchez-Andrade Nuño,2025-05-08,27,0,1,27,origin/Satellogic-EarthView
Clay-foundation-model,2a48007c29,Mason Grimshaw,2024-12-21,1,1,1,2,origin/all-of-naip
Clay-foundation-model,085f3718df,Mason Grimshaw,2024-12-21,2,2,1,4,origin/all-of-naip
Clay-foundation-model,0e74e41498,Bruno @ Clay/Lgnd,2025-05-14,183,952,10,1135,origin/example_run
Clay-foundation-model,4bdd48d799,Bruno @ Clay/Lgnd,2025-05-14,103,132,2,235,origin/example_run
Clay-foundation-model,b3037adc24,Bruno Sánchez-Andrade Nuño,2025-05-14,893,8,9,901,origin/example_run
Clay-foundation-model,3442bdec31,pre-commit-ci[bot],2025-04-08,7,7,4,14,origin/pre-commit-ci-update-config
Clay-foundation-model,96624f0b65,pre-commit-ci[bot],2025-04-08,1,1,1,2,origin/pre-commit-ci-update-config
Clay-foundation-model,dc5280cd08,Bruno Sánchez-Andrade Nuño,2024-12-26,423,1,4,424,origin/sentinel2-run
Clay-foundation-model,e06fa7dc06,Bruno Sanchez-Andrade Nuno,2024-12-24,239,106,5,345,origin/sentinel2-run
Clay-foundation-model,8157a441e3,Bruno Sanchez-Andrade Nuno,2024-12-22,19,10,4,29,origin/sentinel2-run
Clay-foundation-model,db04401caa,Bruno Sanchez-Andrade Nuno,2024-12-22,491,6,7,497,origin/sentinel2-run
whisper,dd985ac4b9,dependabot[bot],2025-05-14,3,3,1,6,origin/HEAD
whisper,e1e6aa60ff,Christian Clauss,2025-05-14,13,0,1,13,origin/HEAD
whisper,e6a5fc0ff0,Christian Clauss,2025-05-14,2,2,1,4,origin/HEAD
whisper,13907bed90,Christian Clauss,2025-05-13,5,1,1,6,origin/HEAD
whisper,517a43ecd1,Jong Wook Kim,2025-01-05,1,1,1,2,origin/HEAD
whisper,dd4d010d2c,Christian Clauss,2025-01-04,47,43,2,90,origin/HEAD
whisper,26a7cacc83,Christian Clauss,2025-01-04,24,18,4,42,origin/HEAD
whisper,6c1d8f1ea1,Christian Clauss,2025-01-04,5,5,1,10,origin/HEAD
whisper,90db0de189,Purfview,2024-12-01,2,0,1,2,origin/HEAD
whisper,fc5ded7d90,Lowell Vaughn,2024-11-27,3,3,2,6,origin/HEAD
microsoft-industrial-foundation-models,b689ddeaa8,Xumeng Wen,2024-08-19,1,0,2,1,origin/HEAD
microsoft-industrial-foundation-models,40f5244bd2,Shun Zheng,2024-08-19,1,0,2,1,origin/HEAD
microsoft-industrial-foundation-models,b966c64ea1,Shun Zheng,2024-08-16,3,3,1,6,origin/HEAD
microsoft-industrial-foundation-models,e9eadeb433,xumengwen,2024-08-15,6,6,6,12,origin/HEAD
microsoft-industrial-foundation-models,9c5d37b5c2,Xumeng Wen,2024-08-15,129,9,33,138,origin/HEAD
microsoft-industrial-foundation-models,1fbe51ddce,xumengwen,2024-08-15,129,9,33,138,origin/HEAD
microsoft-industrial-foundation-models,77a8ff91f5,Shun Zheng,2024-08-15,7,1,1,8,origin/HEAD
microsoft-industrial-foundation-models,3ba5c1c001,Shun Zheng,2024-08-15,3,2,1,5,origin/HEAD
microsoft-industrial-foundation-models,f16a326a0e,xumengwen,2024-08-14,71,0,3,71,origin/HEAD
microsoft-industrial-foundation-models,1c34039ba3,xumengwen,2024-08-14,78122,0,439,78122,origin/HEAD
microsoft-BioGPT,db82d498a9,dependabot[bot],2024-06-18,1,1,1,2,origin/dependabot/pip/scikit-learn-1.5.0
microsoft-BioGPT,8a45a10c75,dependabot[bot],2024-07-25,1,1,1,2,origin/dependabot/pip/torch-2.2.0
microsoft-BioGPT,dd5bd53936,dependabot[bot],2024-05-04,1,1,1,2,origin/dependabot/pip/tqdm-4.66.3
RadFM,9efba84cce,chaoyi-wu,2025-05-06,1580,633,13,2213,origin/HEAD
RadFM,02df9b7a80,chaoyi-wu,2025-05-06,1,1,1,2,origin/HEAD
RadFM,41c3b92150,chaoyi-wu,2025-05-06,1,1,1,2,origin/HEAD
RadFM,f666c7549a,chaoyi-wu,2025-05-06,1,1,1,2,origin/HEAD
RadFM,94da8ebe62,chaoyi-wu,2025-05-06,119,2,4,121,origin/HEAD
RadFM,1ea4b197dc,chaoyi-wu,2025-04-27,2,2,1,4,origin/HEAD
RadFM,dae8894888,chaoyi-wu,2024-11-10,1,1,1,2,origin/HEAD
RadFM,72f7f47011,chaoyi-wu,2024-11-10,1,1,1,2,origin/HEAD
RadFM,ef888a7c94,chaoyi-wu,2024-11-10,31,1,1,32,origin/HEAD
RadFM,ce61a6781c,chaoyi-wu,2024-11-10,3,3,1,6,origin/HEAD
RadFM,87ac6fc807,chaoyi-wu,2024-11-10,4,4,1,8,origin/HEAD
RadFM,7fac899561,chaoyi-wu,2024-11-10,4,4,1,8,origin/HEAD
RadFM,7ca5607dae,chaoyi-wu,2024-11-10,1,1,1,2,origin/HEAD
RadFM,6cada82f64,chaoyi-wu,2024-11-10,1,1,1,2,origin/HEAD
RadFM,bdc40a976d,chaoyi-wu,2024-11-10,90,90,2,180,origin/HEAD
roberta_zh,438476f7da,brightmart,2022-06-15,1,1,1,2,origin/HEAD
roberta_zh,e095348cb1,brightmart,2022-06-02,3,0,1,3,origin/HEAD
Ernie,352d79df72,dependabot[bot],2024-08-31,1,1,1,2,origin/dependabot/pip/Research/ERNIE-ViL2/opencv-python-4.8.1.78
ChatGlm-6B,401bf3a8a7,Zhengxiao Du,2024-06-27,62,38,2,100,origin/HEAD
ChatGlm-6B,6727b17479,zR,2024-06-27,1,1,1,2,origin/HEAD
ChatGlm-6B,21dba5bd0b,zR,2024-06-27,62,38,2,100,origin/HEAD
R1-Omni,17cafcae0b,Jiaxing-star,2025-03-24,3,1,1,4,origin/HEAD
R1-Omni,dc5dedd71c,Jiaxing-star,2025-03-21,3,0,1,3,origin/HEAD
R1-Omni,d21a440d06,Jiaxing-star,2025-03-21,10,1,1,11,origin/HEAD
R1-Omni,e0e9706d5e,Jiaxing-star,2025-03-21,82,0,1,82,origin/HEAD
R1-Omni,f1c326a721,Jiaxing-star,2025-03-13,8,1,1,9,origin/HEAD
R1-Omni,c1df6163ad,Jiaxing-star,2025-03-12,2,0,1,2,origin/HEAD
R1-Omni,80946b4cb2,Jiaxing-star,2025-03-12,4,3,1,7,origin/HEAD
R1-Omni,e3ad735053,Jiaxing-star,2025-03-12,1,1,1,2,origin/HEAD
R1-Omni,ca69e30b3a,Jiaxing-star,2025-03-12,2,2,1,4,origin/HEAD
R1-Omni,27dc53ede7,Jiaxing-star,2025-03-12,1,1,1,2,origin/HEAD
R1-Omni,0b5e6ab13d,Jiaxing-star,2025-03-12,6614,0,25,6614,origin/HEAD
R1-Omni,45c6a36945,Jiaxing-star,2025-03-12,1,0,1,1,origin/HEAD
R1-Omni,d5ec71f954,Jiaxing-star,2025-03-11,11,0,1,11,origin/HEAD
R1-Omni,2c7d356ebf,Jiaxing-star,2025-03-11,1,1,1,2,origin/HEAD
R1-Omni,1ec73bd852,Jiaxing-star,2025-03-10,101,194,1,295,origin/HEAD
R1-Omni,1b40b6ef07,Jiaxing-star,2025-03-10,4,9,1,13,origin/HEAD
R1-Omni,2c977f86f4,Jiaxing-star,2025-03-10,8,12,1,20,origin/HEAD
R1-Omni,8da7be2ccf,Jiaxing-star,2025-03-10,2,2,1,4,origin/HEAD
R1-Omni,fc716ffcd1,Jiaxing-star,2025-03-10,70,53,1,123,origin/HEAD
R1-Omni,f419601284,Jiaxing-star,2025-03-10,11,45,1,56,origin/HEAD
R1-Omni,d83686725e,Jiaxing-star,2025-03-10,26,98,1,124,origin/HEAD
R1-Omni,b413077b90,Jiaxing-star,2025-03-10,269,0,1,269,origin/HEAD
R1-Omni,851bd0041b,Jiaxing-star,2025-03-10,11,55,3,66,origin/HEAD
R1-Omni,0020f5a5f6,Jiaxing-star,2025-03-10,27304,0,43,27304,origin/HEAD
Hibiki,f1cf9293e3,Laurent Mazare,2025-04-15,3475,1,2,3476,origin/HEAD
Hibiki,1876807560,Laurent,2025-04-04,6,0,1,6,origin/HEAD
Hibiki,19b4d2b9c1,Laurent Mazare,2025-02-10,13,4,3,17,origin/HEAD
Hibiki,eb2d85871a,Laurent Mazare,2025-02-09,28,0,1,28,origin/HEAD
Hibiki,1a89e13ad4,Laurent Mazare,2025-02-09,13,4,3,17,origin/HEAD
Hibiki,e0213db8cf,Laurent Mazare,2025-02-09,92,2,4,94,origin/HEAD
Hibiki,bde3f3fb10,Laurent,2025-02-07,11,2,2,13,origin/HEAD
Hibiki,10110b2735,Laurent Mazare,2025-02-07,769,0,6,769,origin/HEAD
Hibiki,435ce6ff01,Laurent,2025-02-07,41,8,2,49,origin/HEAD
Hibiki,f5c8f0358e,Laurent,2025-02-07,59,19,3,78,origin/HEAD
Hibiki,cc66d441de,Laurent,2025-02-07,696,0,6,696,origin/HEAD
Hibiki,75daf4c701,Alexandre Défossez,2025-02-07,2,1,1,3,origin/HEAD
Hibiki,e71fb9bd5e,Alexandre Défossez,2025-02-07,1,1,1,2,origin/HEAD
Hibiki,a269323301,Alexandre Défossez,2025-02-07,5,6,1,11,origin/HEAD
Hibiki,f1f14089ca,Alexandre Défossez,2025-02-07,22,6,1,28,origin/HEAD
Hibiki,7bda8668b8,Alexandre Défossez,2025-02-07,1,1,1,2,origin/HEAD
Hibiki,63c136c773,Alexandre Défossez,2025-02-07,3,0,1,3,origin/HEAD
Hibiki,81e0626591,Neil Zeghidour,2025-02-07,1,1,1,2,origin/HEAD
Hibiki,ab17b9a0c8,Alexandre Défossez,2025-02-07,2,2,1,4,origin/HEAD
Hibiki,56418e7f5f,Neil Zeghidour,2025-02-07,0,0,3,0,origin/HEAD
Hibiki,4ff6ec03d2,Neil Zeghidour,2025-02-07,47,0,1,47,origin/HEAD
Hibiki,91232aa900,laurent,2025-02-06,3,1,1,4,origin/HEAD
Hibiki,58f5958730,laurent,2025-02-06,2,2,1,4,origin/HEAD
Hibiki,80689ea249,laurent,2025-02-06,7,4,1,11,origin/HEAD
Hibiki,4711b8575b,laurent,2025-02-06,1,1,1,2,origin/HEAD
Hibiki,b8c3378ec1,laurent,2025-02-06,7,2,1,9,origin/HEAD
Hibiki,248ee27465,laurent,2025-02-06,1,1,1,2,origin/HEAD
Hibiki,e62e027b68,laurent,2025-02-06,14,3,1,17,origin/HEAD
Hibiki,c537453aa2,laurent,2025-02-06,68,1,1,69,origin/HEAD
Hibiki,d5114247bb,Alexandre Défossez,2025-02-06,1,1,1,2,origin/HEAD
Hibiki,587114e536,Alexandre Défossez,2025-02-06,57,0,3,57,origin/HEAD
Hibiki,7984f3b979,laurent,2025-02-04,465,0,4,465,origin/HEAD
Hibiki,c9d59d9ac7,Laurent Mazare,2025-02-04,1,0,1,1,origin/HEAD
