name,Last Commit Date,Total Commits (Last 90d),Avg Commits/Weekday (Mon–Fri),Infrequent (<2.36)
aws-sdk-rust,Error,Error,Error,Error
alloy,2025-08-23,230,3.54,No
serie,2025-08-23,13,0.2,Yes
trybuild,2025-08-23,19,0.29,Yes
rune,2025-08-23,179,2.75,No
sail,2025-08-23,186,2.86,No
miniserde,2025-08-23,5,0.08,Yes
noita_entangled_worlds,2025-08-23,271,4.17,No
proc-macro2,2025-08-23,32,0.49,Yes
tuc,2025-08-23,51,0.78,Yes
migrate-to-uv,2025-08-23,96,1.48,Yes
audioserve,2025-08-23,32,0.49,Yes
erased-serde,2025-08-23,3,0.05,Yes
linkme,2025-08-23,6,0.09,Yes
disruptor-rs,2025-08-23,16,0.25,Yes
reflect,2025-08-23,2,0.03,Yes
rmqtt,2025-08-23,127,1.95,Yes
obliteration,2025-08-23,27,0.42,Yes
magnus,2025-08-23,21,0.32,Yes
rama,2025-08-23,214,3.29,No
dyn-clone,2025-08-23,12,0.18,Yes
avbroot,2025-08-23,64,0.98,Yes
typst.ts,2025-08-23,23,0.35,Yes
indoc,2025-08-23,8,0.12,Yes
always-online-stun,2025-08-23,1945,29.92,No
g3,2025-08-23,264,4.06,No
stu,2025-08-23,77,1.18,Yes
prettyplease,2025-08-23,18,0.28,Yes
lux,2025-08-23,221,3.4,No
rnet,2025-08-23,87,1.34,Yes
pingap,2025-08-23,105,1.62,Yes
donutbrowser,2025-08-23,656,10.09,No
ryu,2025-08-23,3,0.05,Yes
semver,2025-08-23,2,0.03,Yes
dbus-rs,2025-08-23,2,0.03,Yes
fedimint,2025-08-23,242,3.72,No
vless,2025-08-23,1788,27.51,No
RSA,2025-08-23,29,0.45,Yes
rust-phf,2025-08-23,37,0.57,Yes
tinymist,2025-08-23,179,2.75,No
verus,2025-08-23,201,3.09,No
doxx,2025-08-23,54,0.83,Yes
case-studies,2025-08-23,2,0.03,Yes
tao,2025-08-23,9,0.14,Yes
rust-quiz,2025-08-23,7,0.11,Yes
ferrumc,2025-08-23,124,1.91,Yes
si,2025-08-23,1660,25.54,No
AngryOxide,2025-08-23,94,1.45,Yes
toasty,2025-08-23,23,0.35,Yes
icu4x,2025-08-23,150,2.31,Yes
cargo-semver-checks,2025-08-23,93,1.43,Yes
quote,2025-08-23,5,0.08,Yes
ferrocene,2025-08-23,7802,120.03,No
watt,2025-08-23,8,0.12,Yes
typetag,2025-08-23,4,0.06,Yes
plugins-workspace,2025-08-23,102,1.57,Yes
oxigraph,2025-08-23,113,1.74,Yes
rocketmq-rust,2025-08-23,273,4.2,No
walker,2025-08-23,267,4.11,No
FingerprintHub,2025-08-23,164,2.52,No
rmk,2025-08-23,562,8.65,No
inko,2025-08-23,58,0.89,Yes
rustsbi,2025-08-23,23,0.35,Yes
ros2_rust,2025-08-23,19,0.29,Yes
inventory,2025-08-23,7,0.11,Yes
no-panic,2025-08-23,1,0.02,Yes
arkflow,2025-08-23,289,4.45,No
Mousai,2025-08-23,13,0.2,Yes
kftray,2025-08-23,80,1.23,Yes
doukutsu-rs,2025-08-23,17,0.26,Yes
DragonOS,2025-08-23,63,0.97,Yes
brush,2025-08-23,115,1.77,Yes
hyperlight,2025-08-23,233,3.58,No
rusqlite,2025-08-23,35,0.54,Yes
pyrefly,2025-08-23,2544,39.14,No
asterinas,2025-08-23,348,5.35,No
flox,2025-08-23,594,9.14,No
crates.io,2025-08-23,464,7.14,No
Daft,2025-08-23,349,5.37,No
syn,2025-08-23,95,1.46,Yes
datafusion-sqlparser-rs,2025-08-23,110,1.69,Yes
arrow-rs,2025-08-23,320,4.92,No
qsv,2025-08-23,693,10.66,No
trailbase,2025-08-23,300,4.62,No
Kooha,2025-08-23,28,0.43,Yes
hftbacktest,2025-08-23,111,1.71,Yes
cargo-expand,2025-08-23,32,0.49,Yes
LACT,2025-08-23,112,1.72,Yes
iggy,2025-08-23,132,2.03,Yes
rustic,2025-08-23,21,0.32,Yes
spiceai,2025-08-23,449,6.91,No
RapidRAW,2025-08-23,455,7.0,No
gitu,2025-08-23,36,0.55,Yes
skia-canvas,2025-08-23,400,6.15,No
mlua,2025-08-23,105,1.62,Yes
async-trait,2025-08-23,11,0.17,Yes
phantun,2025-08-23,15,0.23,Yes
neqo,2025-08-23,186,2.86,No
deno,2025-08-23,480,7.38,No
union,2025-08-23,1296,19.94,No
uv,2025-08-23,752,11.57,No
zed,2025-08-23,2330,35.85,No
rust,2025-08-23,8365,128.69,No
awesome-rust,2025-08-23,106,1.63,Yes
bevy,2025-08-23,770,11.85,No
codex,2025-08-23,549,8.45,No
yazi,2025-08-23,92,1.42,Yes
swc,2025-08-23,464,7.14,No
actix-web,2025-08-23,43,0.66,Yes
tree-sitter,2025-08-23,124,1.91,Yes
coreutils,2025-08-23,1061,16.32,No
Graphite,2025-08-23,248,3.82,No
mdBook,2025-08-23,183,2.82,No
biome,2025-08-23,597,9.18,No
slint,2025-08-23,622,9.57,No
jj,2025-08-23,548,8.43,No
leptos,2025-08-23,222,3.42,No
hurl,2025-08-23,261,4.02,No
goose,2025-08-23,814,12.52,No
ruffle,2025-08-23,595,9.15,No
openobserve,2025-08-23,481,7.4,No
nautilus_trader,2025-08-23,871,13.4,No
pyo3,2025-08-23,111,1.71,Yes
turso,2025-08-23,3259,50.14,No
binwalk,2025-08-23,28,0.43,Yes
burn,2025-08-23,204,3.14,No
rust-clippy,2025-08-23,770,11.85,No
rolldown,2025-08-23,899,13.83,No
clash-nyanpasu,2025-08-23,441,6.78,No
rerun,2025-08-23,539,8.29,No
databend,2025-08-23,443,6.82,No
Fyrox,2025-08-23,304,4.68,No
risingwave,2025-08-23,411,6.32,No
rustfs,2025-08-23,684,10.52,No
datafusion,2025-08-23,532,8.18,No
napi-rs,2025-08-23,217,3.34,No
convex-backend,2025-08-23,741,11.4,No
tailspin,2025-08-23,27,0.42,Yes
sapling,2025-08-23,1619,24.91,No
cxx,2025-08-23,15,0.23,Yes
watchexec,2025-08-23,8,0.12,Yes
anyhow,2025-08-23,9,0.14,Yes
aptos-core,2025-08-23,364,5.6,No
materialize,2025-08-23,1459,22.45,No
PacBao,2025-08-23,5,0.08,Yes
winit,2025-08-23,35,0.54,Yes
greptimedb,2025-08-23,407,6.26,No
lance,2025-08-23,349,5.37,No
serenity,2025-08-23,14,0.22,Yes
roc,2025-08-23,2240,34.46,No
thiserror,2025-08-23,24,0.37,Yes
reth,2025-08-23,911,14.02,No
dynamo,2025-08-23,738,11.35,No
cloud-hypervisor,2025-08-23,207,3.18,No
proc-macro-workshop,2025-08-23,1,0.02,Yes
smol,2025-08-23,4,0.06,Yes
buck2,2025-08-23,1506,23.17,No
ipc-channel,2025-08-22,11,0.17,Yes
pathfinding,2025-08-22,12,0.18,Yes
bdk,2025-08-22,72,1.11,Yes
tachyonfx,2025-08-22,52,0.8,Yes
rustypaste,2025-08-22,14,0.22,Yes
kas,2025-08-22,352,5.42,No
gimli,2025-08-22,15,0.23,Yes
fas-rs,2025-08-22,90,1.38,Yes
nexus-cli,2025-08-22,177,2.72,No
router,2025-08-22,697,10.72,No
iamb,2025-08-22,35,0.54,Yes
ironbar,2025-08-22,132,2.03,Yes
nanocl,2025-08-22,6,0.09,Yes
bytemuck,2025-08-22,15,0.23,Yes
toml,2025-08-22,341,5.25,No
libbpf-rs,2025-08-22,54,0.83,Yes
terminator,2025-08-22,917,14.11,No
kurbo,2025-08-22,30,0.46,Yes
actix-extras,2025-08-22,17,0.26,Yes
azure-sdk-for-rust,2025-08-22,189,2.91,No
jolt,2025-08-22,189,2.91,No
fishnet,2025-08-22,14,0.22,Yes
solana-playground,2025-08-22,90,1.38,Yes
tower-http,2025-08-22,19,0.29,Yes
cot,2025-08-22,40,0.62,Yes
meteroid,2025-08-22,54,0.83,Yes
dovi_tool,2025-08-22,12,0.18,Yes
etl,2025-08-22,184,2.83,No
cartero,2025-08-22,131,2.02,Yes
core,2025-08-22,193,2.97,No
winnow,2025-08-22,20,0.31,Yes
Ares,2025-08-22,68,1.05,Yes
algebra,2025-08-22,19,0.29,Yes
Acala,2025-08-22,9,0.14,Yes
actix-net,2025-08-22,33,0.51,Yes
qsharp,2025-08-22,132,2.03,Yes
lightyear,2025-08-22,143,2.2,Yes
packages,2025-08-22,405,6.23,No
crater,2025-08-22,26,0.4,Yes
EmbedAnything,2025-08-22,74,1.14,Yes
conflux-rust,2025-08-22,195,3.0,No
miden-vm,2025-08-22,203,3.12,No
google-cloud-rust,2025-08-22,522,8.03,No
objc2,2025-08-22,34,0.52,Yes
forest,2025-08-22,193,2.97,No
blade,2025-08-22,2,0.03,Yes
fontations,2025-08-22,152,2.34,Yes
moq,2025-08-22,148,2.28,Yes
Plonky3,2025-08-22,90,1.38,Yes
libcosmic,2025-08-22,65,1.0,Yes
native_db,2025-08-22,63,0.97,Yes
cosmic-comp,2025-08-22,131,2.02,Yes
frontier,2025-08-22,32,0.49,Yes
b,2025-08-22,861,13.25,No
pinocchio,2025-08-22,58,0.89,Yes
egui_graphs,2025-08-22,57,0.88,Yes
facet,2025-08-22,377,5.8,No
wrkflw,2025-08-22,56,0.86,Yes
spider,2025-08-22,42,0.65,Yes
uiua,2025-08-22,316,4.86,No
bon,2025-08-22,27,0.42,Yes
afl.rs,2025-08-22,24,0.37,Yes
bob,2025-08-22,56,0.86,Yes
rustix,2025-08-22,17,0.26,Yes
openvmm,2025-08-22,249,3.83,No
learn-wgpu,2025-08-22,18,0.28,Yes
Av1an,2025-08-22,81,1.25,Yes
legba,2025-08-22,155,2.38,No
cubecl,2025-08-22,113,1.74,Yes
ic,2025-08-22,906,13.94,No
iceoryx2,2025-08-22,782,12.03,No
code,2025-08-22,305,4.69,No
matrix-rust-sdk,2025-08-22,976,15.02,No
shadow,2025-08-22,98,1.51,Yes
videocall-rs,2025-08-22,110,1.69,Yes
feldera,2025-08-22,694,10.68,No
click,2025-08-22,5,0.08,Yes
nym,2025-08-22,185,2.85,No
mongo-rust-driver,2025-08-22,59,0.91,Yes
sea-query,2025-08-22,111,1.71,Yes
enigo,2025-08-22,25,0.38,Yes
dialoguer,2025-08-22,2,0.03,Yes
io-uring,2025-08-22,15,0.23,Yes
sp1,2025-08-22,122,1.88,Yes
vortex,2025-08-22,738,11.35,No
syncstorage-rs,2025-08-22,25,0.38,Yes
jni-rs,2025-08-22,4,0.06,Yes
reference,2025-08-22,234,3.6,No
tiny-skia,2025-08-22,6,0.09,Yes
oak,2025-08-22,430,6.62,No
russh,2025-08-22,34,0.52,Yes
nydus,2025-08-22,19,0.29,Yes
tfhe-rs,2025-08-22,336,5.17,No
esp-hal,2025-08-22,272,4.18,No
paperback,2025-08-22,34,0.52,Yes
ethersync,2025-08-22,235,3.62,No
rust-lightning,2025-08-22,710,10.92,No
holochain,2025-08-22,141,2.17,Yes
evm,2025-08-22,44,0.68,Yes
darkfi,2025-08-22,133,2.05,Yes
s2n-quic,2025-08-22,69,1.06,Yes
electrs,2025-08-22,14,0.22,Yes
wit-bindgen,2025-08-22,44,0.68,Yes
postcard,2025-08-22,22,0.34,Yes
darling,2025-08-22,36,0.55,Yes
grafbase,2025-08-22,477,7.34,No
noir,2025-08-22,451,6.94,No
snarkVM,2025-08-22,482,7.42,No
cedar,2025-08-22,83,1.28,Yes
cosmwasm,2025-08-22,175,2.69,No
proxy-scraper-checker,2025-08-22,250,3.85,No
docs.rs,2025-08-22,75,1.15,Yes
robustmq,2025-08-22,136,2.09,Yes
iceberg-rust,2025-08-22,128,1.97,Yes
indexify,2025-08-22,233,3.58,No
bitflags,2025-08-22,14,0.22,Yes
nvim-oxi,2025-08-22,15,0.23,Yes
VectorChord,2025-08-22,38,0.58,Yes
datafusion-comet,2025-08-22,194,2.98,No
curve25519-dalek,2025-08-22,36,0.55,Yes
solana-mev-bot,2025-08-22,16,0.25,Yes
Oxen,2025-08-22,404,6.22,No
vibe-kanban,2025-08-22,611,9.4,No
examples,2025-08-22,99,1.52,Yes
kanidm,2025-08-22,97,1.49,Yes
quadratic,2025-08-22,1739,26.75,No
Findomain,2025-08-22,19,0.29,Yes
teach-rs,2025-08-22,17,0.26,Yes
logos,2025-08-22,21,0.32,Yes
zksync-era,2025-08-22,192,2.95,No
xan,2025-08-22,164,2.52,No
nix-installer,2025-08-22,27,0.42,Yes
vello,2025-08-22,82,1.26,Yes
graph-node,2025-08-22,66,1.02,Yes
zizmor,2025-08-22,175,2.69,No
martin,2025-08-22,135,2.08,Yes
lychee,2025-08-22,86,1.32,Yes
blitz,2025-08-22,186,2.86,No
restate,2025-08-22,304,4.68,No
qlty,2025-08-22,221,3.4,No
hashbrown,2025-08-22,21,0.32,Yes
cocoindex,2025-08-22,284,4.37,No
IronRDP,2025-08-22,139,2.14,Yes
pgdog,2025-08-22,107,1.65,Yes
tract,2025-08-22,394,6.06,No
javy,2025-08-22,27,0.42,Yes
salsa,2025-08-22,77,1.18,Yes
rayhunter,2025-08-22,326,5.02,No
nearcore,2025-08-22,304,4.68,No
rust-bitcoin,2025-08-22,479,7.37,No
polkadot-sdk,2025-08-22,308,4.74,No
helix-db,2025-08-22,872,13.42,No
embedded-hal,2025-08-22,13,0.2,Yes
LibAFL,2025-08-22,86,1.32,Yes
wild,2025-08-22,237,3.65,No
scryer-prolog,2025-08-22,199,3.06,No
fornjot,2025-08-22,323,4.97,No
cargo-generate,2025-08-22,27,0.42,Yes
freya,2025-08-22,118,1.82,Yes
numaflow,2025-08-22,138,2.12,Yes
diffsitter,2025-08-22,13,0.2,Yes
tabiew,2025-08-22,77,1.18,Yes
parseable,2025-08-22,73,1.12,Yes
mako,2025-08-22,151,2.32,Yes
cargo-binstall,2025-08-22,75,1.15,Yes
indexmap,2025-08-22,46,0.71,Yes
syntect,2025-08-22,23,0.35,Yes
linkerd2-proxy,2025-08-22,160,2.46,No
wasmCloud,2025-08-22,183,2.82,No
zenoh,2025-08-22,73,1.12,Yes
cc-rs,2025-08-22,41,0.63,Yes
zerocopy,2025-08-22,95,1.46,Yes
tauri,2025-08-22,149,2.29,Yes
sway,2025-08-22,85,1.31,Yes
bat,2025-08-22,120,1.85,Yes
starship,2025-08-22,117,1.8,Yes
typst,2025-08-22,218,3.35,No
helix,2025-08-22,236,3.63,No
ruff,2025-08-22,1110,17.08,No
polars,2025-08-22,518,7.97,No
fish-shell,2025-08-22,330,5.08,No
influxdb,2025-08-22,82,1.26,Yes
comprehensive-rust,2025-08-22,70,1.08,Yes
dioxus,2025-08-22,188,2.89,No
surrealdb,2025-08-22,89,1.37,Yes
firecracker,2025-08-22,337,5.18,No
zoxide,2025-08-22,11,0.17,Yes
linera-protocol,2025-08-22,246,3.78,No
iced,2025-08-22,130,2.0,Yes
turborepo,2025-08-22,144,2.22,Yes
atuin,2025-08-22,37,0.57,Yes
hyperswitch,2025-08-22,488,7.51,No
chroma,2025-08-22,444,6.83,No
gleam,2025-08-22,437,6.72,No
vector,2025-08-22,297,4.57,No
relay,2025-08-22,165,2.54,No
cube,2025-08-22,271,4.17,No
mise,2025-08-22,533,8.2,No
SpacetimeDB,2025-08-22,196,3.02,No
wasmtime,2025-08-22,471,7.25,No
fhevm,2025-08-22,399,6.14,No
oxc,2025-08-22,1373,21.12,No
gitbutler,2025-08-22,2193,33.74,No
hyper,2025-08-22,10,0.15,Yes
sqlx,2025-08-22,50,0.77,Yes
zola,2025-08-22,45,0.69,Yes
rust-analyzer,2025-08-22,1049,16.14,No
ratatui,2025-08-22,105,1.62,Yes
static-analysis,2025-08-22,17,0.26,Yes
cargo,2025-08-22,354,5.45,No
ZLUDA,2025-08-22,86,1.32,Yes
rspack,2025-08-22,687,10.57,No
bottom,2025-08-22,55,0.85,Yes
tonic,2025-08-22,65,1.0,Yes
reqwest,2025-08-22,55,0.85,Yes
niri,2025-08-22,153,2.35,Yes
quiche,2025-08-22,61,0.94,Yes
prql,2025-08-22,71,1.09,Yes
gitoxide,2025-08-22,225,3.46,No
tensorzero,2025-08-22,549,8.45,No
ast-grep,2025-08-22,213,3.28,No
bottlerocket,2025-08-22,97,1.49,Yes
foundry,2025-08-22,345,5.31,No
sea-orm,2025-08-22,41,0.63,Yes
harper,2025-08-22,313,4.82,No
paradedb,2025-08-22,278,4.28,No
arnis,2025-08-22,203,3.12,No
embassy,2025-08-22,567,8.72,No
sui,2025-08-22,832,12.8,No
rustls,2025-08-22,229,3.52,No
EasyTier,2025-08-22,124,1.91,Yes
rustup,2025-08-22,111,1.71,Yes
kata-containers,2025-08-22,644,9.91,No
veloren,2025-08-22,201,3.09,No
mullvadvpn-app,2025-08-22,1185,18.23,No
spin,2025-08-22,127,1.95,Yes
tock,2025-08-22,266,4.09,No
boa,2025-08-22,83,1.28,Yes
devenv,2025-08-22,453,6.97,No
rio,2025-08-22,216,3.32,No
miri,2025-08-22,1405,21.62,No
Pumpkin,2025-08-22,271,4.17,No
mountpoint-s3,2025-08-22,107,1.65,Yes
baml,2025-08-22,221,3.4,No
rust-libp2p,2025-08-22,55,0.85,Yes
pixi,2025-08-22,267,4.11,No
rust-bindgen,2025-08-22,38,0.58,Yes
loro,2025-08-22,43,0.66,Yes
maturin,2025-08-22,53,0.82,Yes
webrtc,2025-08-22,34,0.52,Yes
Rust-CUDA,2025-08-22,29,0.45,Yes
forge,2025-08-22,330,5.08,No
anchor,2025-08-22,44,0.68,Yes
mirrord,2025-08-22,120,1.85,Yes
xilem,2025-08-22,277,4.26,No
snarkOS,2025-08-22,460,7.08,No
quinn,2025-08-22,72,1.11,Yes
poem,2025-08-22,36,0.55,Yes
hydro,2025-08-21,94,1.45,Yes
memflow,2025-08-21,11,0.17,Yes
cases,2025-08-21,21,0.32,Yes
starlark-rust,2025-08-21,37,0.57,Yes
golem,2025-08-21,241,3.71,No
xcp,2025-08-21,4,0.06,Yes
trane,2025-08-21,7,0.11,Yes
arboard,2025-08-21,25,0.38,Yes
koto,2025-08-21,77,1.18,Yes
valheim-docker,2025-08-21,62,0.95,Yes
chirpstack,2025-08-21,35,0.54,Yes
swash,2025-08-21,1,0.02,Yes
yellowstone-grpc,2025-08-21,7,0.11,Yes
lowfi,2025-08-21,28,0.43,Yes
password-hashes,2025-08-21,24,0.37,Yes
elliptic-curves,2025-08-21,114,1.75,Yes
binance-rs,2025-08-21,10,0.15,Yes
twilight,2025-08-21,11,0.17,Yes
flux,2025-08-21,122,1.88,Yes
duckdb-rs,2025-08-21,179,2.75,No
flatgeobuf,2025-08-21,15,0.23,Yes
igrep,2025-08-21,5,0.08,Yes
askama,2025-08-21,185,2.85,No
statix,2025-08-21,62,0.95,Yes
orion,2025-08-21,43,0.66,Yes
rustc-perf,2025-08-21,294,4.52,No
sonic-rs,2025-08-21,10,0.15,Yes
agate,2025-08-21,26,0.4,Yes
traits,2025-08-21,89,1.37,Yes
arceos,2025-08-21,97,1.49,Yes
reedline,2025-08-21,14,0.22,Yes
ruma,2025-08-21,277,4.26,No
pathfinder,2025-08-21,381,5.86,No
avail-light,2025-08-21,106,1.63,Yes
ai-gateway,2025-08-21,133,2.05,Yes
application-services,2025-08-21,197,3.03,No
stdarch,2025-08-21,289,4.45,No
aws-secretsmanager-agent,2025-08-21,4,0.06,Yes
netavark,2025-08-21,94,1.45,Yes
sdk,2025-08-21,189,2.91,No
httpmock,2025-08-21,32,0.49,Yes
smithy-rs,2025-08-21,143,2.2,Yes
LibreQoS,2025-08-21,259,3.98,No
egglog,2025-08-21,350,5.38,No
GModPatchTool,2025-08-21,67,1.03,Yes
floneum,2025-08-21,14,0.22,Yes
dotenv-linter,2025-08-21,9,0.14,Yes
revm,2025-08-21,212,3.26,No
pavex,2025-08-21,59,0.91,Yes
rustc_codegen_cranelift,2025-08-21,167,2.57,No
wasmi,2025-08-21,93,1.43,Yes
cairo,2025-08-21,400,6.15,No
heapless,2025-08-21,32,0.49,Yes
windows-drivers-rs,2025-08-21,18,0.28,Yes
Relm4,2025-08-21,43,0.66,Yes
slog,2025-08-21,34,0.52,Yes
oryx,2025-08-21,23,0.35,Yes
wasm-tools,2025-08-21,64,0.98,Yes
egg,2025-08-21,7,0.11,Yes
nova,2025-08-21,99,1.52,Yes
httm,2025-08-21,150,2.31,Yes
auron,2025-08-21,132,2.03,Yes
MessAuto,2025-08-21,47,0.72,Yes
LlamaEdge,2025-08-21,14,0.22,Yes
amazon-q-developer-cli,2025-08-21,291,4.48,No
rust-url,2025-08-21,9,0.14,Yes
bootc,2025-08-21,268,4.12,No
biliup-app,2025-08-21,2,0.03,Yes
ink,2025-08-21,57,0.88,Yes
nativelink,2025-08-21,72,1.11,Yes
kernel,2025-08-21,350,5.38,No
creusot,2025-08-21,285,4.38,No
tdf,2025-08-21,18,0.28,Yes
tonbo,2025-08-21,89,1.37,Yes
release-plz,2025-08-21,79,1.22,Yes
foyer,2025-08-21,50,0.77,Yes
kernel,2025-08-21,23,0.35,Yes
bollard,2025-08-21,46,0.71,Yes
rust-typed-builder,2025-08-21,5,0.08,Yes
retroboy,2025-08-21,36,0.55,Yes
oxker,2025-08-21,71,1.09,Yes
proto,2025-08-21,84,1.29,Yes
sqruff,2025-08-21,176,2.71,No
moros,2025-08-21,34,0.52,Yes
RedisJSON,2025-08-21,6,0.09,Yes
text-embeddings-inference,2025-08-21,37,0.57,Yes
sudo-rs,2025-08-21,198,3.05,No
rusty_v8,2025-08-21,28,0.43,Yes
gpui-component,2025-08-21,223,3.43,No
archgw,2025-08-21,62,0.95,Yes
aws-lambda-rust-runtime,2025-08-21,26,0.4,Yes
lalrpop,2025-08-21,11,0.17,Yes
moon,2025-08-21,66,1.02,Yes
hubris,2025-08-21,70,1.08,Yes
raft-rs,2025-08-21,1,0.02,Yes
touchHLE,2025-08-21,141,2.17,Yes
gluesql,2025-08-21,77,1.18,Yes
Symphonia,2025-08-21,5,0.08,Yes
habitat,2025-08-21,440,6.77,No
kani,2025-08-21,151,2.32,Yes
halloy,2025-08-21,318,4.89,No
sysinfo,2025-08-21,68,1.05,Yes
luminal,2025-08-21,298,4.58,No
smithay,2025-08-21,47,0.72,Yes
SQLPage,2025-08-21,117,1.8,Yes
gotham,2025-08-21,1,0.02,Yes
slatedb,2025-08-21,179,2.75,No
may,2025-08-21,5,0.08,Yes
brush,2025-08-21,89,1.37,Yes
tv,2025-08-21,88,1.35,Yes
hashes,2025-08-21,21,0.32,Yes
rust-sdk,2025-08-21,92,1.42,Yes
crux,2025-08-21,246,3.78,No
rustdesk,2025-08-21,206,3.17,No
rustlings,2025-08-21,21,0.32,Yes
alacritty,2025-08-21,20,0.31,Yes
meilisearch,2025-08-21,904,13.91,No
nushell,2025-08-21,290,4.46,No
yew,2025-08-21,32,0.49,Yes
egui,2025-08-21,121,1.86,Yes
Rust,2025-08-21,17,0.26,Yes
RustPython,2025-08-21,346,5.32,No
wgpu,2025-08-21,305,4.69,No
tantivy,2025-08-21,29,0.45,Yes
Seelen-UI,2025-08-21,119,1.83,Yes
shadowsocks-rust,2025-08-21,88,1.35,Yes
oha,2025-08-21,50,0.77,Yes
loco,2025-08-21,71,1.09,Yes
youki,2025-08-21,61,0.94,Yes
iroh,2025-08-21,56,0.86,Yes
ALVR,2025-08-21,52,0.8,Yes
kanata,2025-08-21,43,0.66,Yes
lldap,2025-08-21,31,0.48,Yes
image,2025-08-21,120,1.85,Yes
leo,2025-08-21,164,2.52,No
hickory-dns,2025-08-21,577,8.88,No
c2rust,2025-08-21,238,3.66,No
rig,2025-08-21,119,1.83,Yes
pgrx,2025-08-21,41,0.63,Yes
imessage-exporter,2025-08-21,172,2.65,No
openvas-scanner,2025-08-21,116,1.78,Yes
zino,2025-08-20,24,0.37,Yes
Glint,2025-08-20,4,0.06,Yes
ntpd-rs,2025-08-20,80,1.23,Yes
amber,2025-08-20,28,0.43,Yes
scooter,2025-08-20,258,3.97,No
cairo-contracts,2025-08-20,49,0.75,Yes
thorium,2025-08-20,7,0.11,Yes
axum-login,2025-08-20,15,0.23,Yes
ImHex-Patterns,2025-08-20,22,0.34,Yes
ngx-rust,2025-08-20,73,1.12,Yes
edge-runtime,2025-08-20,34,0.52,Yes
stratisd,2025-08-20,111,1.71,Yes
cargo-ndk,2025-08-20,63,0.97,Yes
cargo-lambda,2025-08-20,9,0.14,Yes
shipyard,2025-08-20,13,0.2,Yes
matugen,2025-08-20,1,0.02,Yes
spring-rs,2025-08-20,62,0.95,Yes
crowbook,2025-08-20,20,0.31,Yes
openmls,2025-08-20,59,0.91,Yes
veryl,2025-08-20,261,4.02,No
tmux-rs,2025-08-20,332,5.11,No
dotslash,2025-08-20,56,0.86,Yes
iocraft,2025-08-20,5,0.08,Yes
wrappers,2025-08-20,23,0.35,Yes
valthrun-cs2,2025-08-20,36,0.55,Yes
manuscript-core,2025-08-20,16,0.25,Yes
bili-shadowreplay,2025-08-20,119,1.83,Yes
hyperlight-wasm,2025-08-20,77,1.18,Yes
cfg-if,2025-08-20,13,0.2,Yes
tgt,2025-08-20,29,0.45,Yes
webauthn-rs,2025-08-20,8,0.12,Yes
fastembed-rs,2025-08-20,16,0.25,Yes
canvas,2025-08-20,36,0.55,Yes
rustsec,2025-08-20,36,0.55,Yes
backend,2025-08-20,32,0.49,Yes
ort,2025-08-20,38,0.58,Yes
ts-rs,2025-08-20,9,0.14,Yes
socketioxide,2025-08-20,26,0.4,Yes
foundations,2025-08-20,3,0.05,Yes
tempfile,2025-08-20,7,0.11,Yes
zen,2025-08-20,43,0.66,Yes
rqbit,2025-08-20,392,6.03,No
prisma-engines,2025-08-20,149,2.29,Yes
graft,2025-08-20,171,2.63,No
paddler,2025-08-20,372,5.72,No
Ribir,2025-08-20,37,0.57,Yes
MarkFlowy,2025-08-20,66,1.02,Yes
daktilo,2025-08-20,32,0.49,Yes
corrosion,2025-08-20,100,1.54,Yes
system-manager,2025-08-20,24,0.37,Yes
ord,2025-08-20,7,0.11,Yes
chainsaw,2025-08-20,4,0.06,Yes
i3status-rust,2025-08-20,17,0.26,Yes
config-rs,2025-08-20,38,0.58,Yes
svix-webhooks,2025-08-20,178,2.74,No
topgrade,2025-08-20,59,0.91,Yes
nickel,2025-08-20,63,0.97,Yes
taffy,2025-08-20,18,0.28,Yes
nexus-zkvm,2025-08-20,89,1.37,Yes
namada,2025-08-20,135,2.08,Yes
avian,2025-08-20,45,0.69,Yes
probe-rs,2025-08-20,89,1.37,Yes
bytes,2025-08-20,7,0.11,Yes
ash,2025-08-20,8,0.12,Yes
cargo-deny,2025-08-20,11,0.17,Yes
rune,2025-08-20,38,0.58,Yes
vaultwarden,2025-08-20,52,0.8,Yes
zellij,2025-08-20,63,0.97,Yes
wasmer,2025-08-20,219,3.37,No
candle,2025-08-20,31,0.48,Yes
llrt,2025-08-20,104,1.6,Yes
trippy,2025-08-20,39,0.6,Yes
sxt-proof-of-sql,2025-08-20,266,4.09,No
librespot,2025-08-20,27,0.42,Yes
flamegraph,2025-08-20,10,0.15,Yes
postgres-language-server,2025-08-20,59,0.91,Yes
libsignal,2025-08-20,297,4.57,No
arroyo,2025-08-20,24,0.37,Yes
opendal,2025-08-20,165,2.54,No
ratzilla,2025-08-19,11,0.17,Yes
anyrun,2025-08-19,11,0.17,Yes
minirust,2025-08-19,12,0.18,Yes
mayastor,2025-08-19,22,0.34,Yes
bb8,2025-08-19,4,0.06,Yes
lakekeeper,2025-08-19,106,1.63,Yes
copper-rs,2025-08-19,73,1.12,Yes
hl,2025-08-19,55,0.85,Yes
csbindgen,2025-08-19,7,0.11,Yes
landscape,2025-08-19,170,2.62,No
h3,2025-08-19,3,0.05,Yes
hyper-mcp,2025-08-19,76,1.17,Yes
smartdns-rs,2025-08-19,65,1.0,Yes
foxtrot,2025-08-19,127,1.95,Yes
sendme,2025-08-19,7,0.11,Yes
IRust,2025-08-19,33,0.51,Yes
Peng,2025-08-19,4,0.06,Yes
bpfman,2025-08-19,39,0.6,Yes
sherlock,2025-08-19,536,8.25,No
tlrc,2025-08-19,15,0.23,Yes
shadow-rs,2025-08-19,15,0.23,Yes
vivid,2025-08-19,6,0.09,Yes
sps,2025-08-19,38,0.58,Yes
lol-html,2025-08-19,31,0.48,Yes
ractor,2025-08-19,10,0.15,Yes
fe,2025-08-19,112,1.72,Yes
rp-hal,2025-08-19,39,0.6,Yes
AppFlowy-Cloud,2025-08-19,278,4.28,No
rust-openssl,2025-08-19,70,1.08,Yes
termusic,2025-08-19,230,3.54,No
quilkin,2025-08-19,19,0.29,Yes
quick-xml,2025-08-19,71,1.09,Yes
jwt-cli,2025-08-19,12,0.18,Yes
hermit,2025-08-19,22,0.34,Yes
cxx-qt,2025-08-19,15,0.23,Yes
deadpool,2025-08-19,53,0.82,Yes
inlyne,2025-08-19,6,0.09,Yes
runwasi,2025-08-19,29,0.45,Yes
lapin,2025-08-19,103,1.58,Yes
cargo-machete,2025-08-19,12,0.18,Yes
aya,2025-08-19,42,0.65,Yes
pushpin,2025-08-19,17,0.26,Yes
floem,2025-08-19,28,0.43,Yes
glium,2025-08-19,9,0.14,Yes
iced,2025-08-19,48,0.74,Yes
artichoke,2025-08-19,48,0.74,Yes
chunkr,2025-08-19,65,1.0,Yes
volo,2025-08-19,41,0.63,Yes
dora,2025-08-19,323,4.97,No
connector-x,2025-08-19,34,0.52,Yes
html5ever,2025-08-19,30,0.46,Yes
libc,2025-08-19,271,4.17,No
somo,2025-08-19,153,2.35,Yes
gtk4-rs,2025-08-19,56,0.86,Yes
realm,2025-08-19,25,0.38,Yes
fuels-rs,2025-08-19,8,0.12,Yes
fd,2025-08-19,39,0.6,Yes
tabby,2025-08-19,28,0.43,Yes
sniffnet,2025-08-19,165,2.54,No
tokio,2025-08-19,87,1.34,Yes
just,2025-08-19,48,0.74,Yes
komorebi,2025-08-19,33,0.51,Yes
windows-rs,2025-08-19,61,0.94,Yes
rnote,2025-08-19,17,0.26,Yes
warp,2025-08-19,22,0.34,Yes
stalwart,2025-08-19,145,2.23,Yes
dufs,2025-08-19,11,0.17,Yes
gyroflow,2025-08-19,73,1.12,Yes
json,2025-08-19,19,0.29,Yes
rustowl,2025-08-19,324,4.98,No
portable-simd,2025-08-18,17,0.26,Yes
voicevox_core,2025-08-18,47,0.72,Yes
kunai,2025-08-18,14,0.22,Yes
fastrace,2025-08-18,22,0.34,Yes
shuttle,2025-08-18,12,0.18,Yes
bootimage,2025-08-18,2,0.03,Yes
AEADs,2025-08-18,11,0.17,Yes
luxtorpeda,2025-08-18,21,0.32,Yes
kubectl-view-allocations,2025-08-18,37,0.57,Yes
social-media-hacker-list,2025-08-18,16,0.25,Yes
typify,2025-08-18,36,0.55,Yes
apple-platform-rs,2025-08-18,17,0.26,Yes
topiary,2025-08-18,42,0.65,Yes
tinyvec,2025-08-18,3,0.05,Yes
htmx-lsp,2025-08-18,5,0.08,Yes
boytacean,2025-08-18,58,0.89,Yes
wasmex,2025-08-18,13,0.2,Yes
kakoune-lsp,2025-08-18,7,0.11,Yes
pgwire,2025-08-18,56,0.86,Yes
serialport-rs,2025-08-18,8,0.12,Yes
wastebin,2025-08-18,49,0.75,Yes
noodles,2025-08-18,149,2.29,Yes
steel,2025-08-18,110,1.69,Yes
adblock-rust,2025-08-18,59,0.91,Yes
nh,2025-08-18,204,3.14,No
rust-csv,2025-08-18,3,0.05,Yes
miniquad,2025-08-18,9,0.14,Yes
datafusion-ballista,2025-08-18,17,0.26,Yes
hermit-rs,2025-08-18,152,2.34,Yes
fltk-rs,2025-08-18,9,0.14,Yes
champ-r,2025-08-18,9,0.14,Yes
below,2025-08-18,43,0.66,Yes
rust-skia,2025-08-18,78,1.2,Yes
markdown-oxide,2025-08-18,53,0.82,Yes
uefi-rs,2025-08-18,117,1.8,Yes
create-tauri-app,2025-08-18,29,0.45,Yes
rmpc,2025-08-18,131,2.02,Yes
clash-rs,2025-08-18,78,1.2,Yes
obsidian-export,2025-08-18,24,0.37,Yes
google-apis-rs,2025-08-18,8,0.12,Yes
dropshot,2025-08-18,57,0.88,Yes
fuser,2025-08-18,25,0.38,Yes
gdext,2025-08-18,192,2.95,No
salvo,2025-08-18,41,0.63,Yes
chrono,2025-08-18,11,0.17,Yes
safetensors,2025-08-18,22,0.34,Yes
kube,2025-08-18,57,0.88,Yes
typos,2025-08-18,74,1.14,Yes
swww,2025-08-18,62,0.95,Yes
rage,2025-08-18,3,0.05,Yes
delta-rs,2025-08-18,134,2.06,Yes
tinysearch,2025-08-18,10,0.15,Yes
tarpaulin,2025-08-18,17,0.26,Yes
trustfall,2025-08-18,30,0.46,Yes
leaf,2025-08-18,2,0.03,Yes
rust-gpu,2025-08-18,189,2.91,No
opentelemetry-rust,2025-08-18,59,0.91,Yes
czkawka,2025-08-18,21,0.32,Yes
navi,2025-08-18,13,0.2,Yes
rye,2025-08-18,1,0.02,Yes
py-spy,2025-08-18,31,0.48,Yes
espanso,2025-08-18,51,0.78,Yes
aichat,2025-08-18,36,0.55,Yes
sccache,2025-08-18,19,0.29,Yes
ncspot,2025-08-18,21,0.32,Yes
warpgate,2025-08-18,78,1.2,Yes
chumsky,2025-08-18,47,0.72,Yes
smoltcp,2025-08-18,13,0.2,Yes
rpgp,2025-08-17,60,0.92,Yes
core,2025-08-17,23,0.35,Yes
rsmpeg,2025-08-17,41,0.63,Yes
compio,2025-08-17,44,0.68,Yes
serde_with,2025-08-17,62,0.95,Yes
slumber,2025-08-17,73,1.12,Yes
ad,2025-08-17,11,0.17,Yes
pixels,2025-08-17,5,0.08,Yes
ureq,2025-08-17,31,0.48,Yes
rui,2025-08-17,5,0.08,Yes
rustyline,2025-08-17,29,0.45,Yes
openraft,2025-08-17,23,0.35,Yes
mdq,2025-08-17,20,0.31,Yes
comrak,2025-08-17,50,0.77,Yes
cargo-bundle,2025-08-17,40,0.62,Yes
AdGuardian-Term,2025-08-17,5,0.08,Yes
encrypted-dns-server,2025-08-17,7,0.11,Yes
ESP32-Cheap-Yellow-Display,2025-08-17,18,0.28,Yes
nix,2025-08-17,4,0.06,Yes
scraper,2025-08-17,6,0.09,Yes
axum,2025-08-17,27,0.42,Yes
broot,2025-08-17,22,0.34,Yes
xh,2025-08-17,16,0.25,Yes
skim,2025-08-17,38,0.58,Yes
fluvio,2025-08-17,32,0.49,Yes
Dorion,2025-08-16,45,0.69,Yes
open-xiaoai,2025-08-16,19,0.29,Yes
rust-brotli,2025-08-16,2,0.03,Yes
gauntlet,2025-08-16,83,1.28,Yes
marmite,2025-08-16,84,1.29,Yes
manga-tui,2025-08-16,37,0.57,Yes
mycelium,2025-08-16,13,0.2,Yes
esp-idf-hal,2025-08-16,23,0.35,Yes
rust-tun,2025-08-16,18,0.28,Yes
git2-rs,2025-08-16,24,0.37,Yes
rust-script,2025-08-16,15,0.23,Yes
attic,2025-08-16,32,0.49,Yes
plotly.rs,2025-08-16,60,0.92,Yes
cargo-outdated,2025-08-16,1,0.02,Yes
node-rs,2025-08-16,16,0.25,Yes
nats.rs,2025-08-16,17,0.26,Yes
Neothesia,2025-08-16,72,1.11,Yes
amdgpu_top,2025-08-16,64,0.98,Yes
awrit,2025-08-16,6,0.09,Yes
ezkl,2025-08-16,17,0.26,Yes
resources,2025-08-16,96,1.48,Yes
timely-dataflow,2025-08-16,65,1.0,Yes
differential-dataflow,2025-08-16,25,0.38,Yes
hayabusa,2025-08-16,48,0.74,Yes
inkwell,2025-08-16,5,0.08,Yes
indradb,2025-08-16,1,0.02,Yes
difftastic,2025-08-16,4,0.06,Yes
genact,2025-08-16,7,0.11,Yes
toydb,2025-08-16,12,0.18,Yes
vulkano,2025-08-16,34,0.52,Yes
xplr,2025-08-16,7,0.11,Yes
wry,2025-08-16,26,0.4,Yes
amber,2025-08-16,30,0.46,Yes
hyperion,2025-08-15,16,0.25,Yes
gossip,2025-08-15,12,0.18,Yes
hoodik,2025-08-15,1,0.02,Yes
svd2rust,2025-08-15,17,0.26,Yes
Nova,2025-08-15,13,0.2,Yes
ijc,2025-08-15,20,0.31,Yes
progenitor,2025-08-15,27,0.42,Yes
grammers,2025-08-15,28,0.43,Yes
ext-php-rs,2025-08-15,73,1.12,Yes
rusty-kaspa,2025-08-15,9,0.14,Yes
diplomat,2025-08-15,37,0.57,Yes
xbuild,2025-08-15,15,0.23,Yes
jito-solana,2025-08-15,747,11.49,No
tex-fmt,2025-08-15,19,0.29,Yes
xremap,2025-08-15,22,0.34,Yes
cargo-dist,2025-08-15,106,1.63,Yes
colmena,2025-08-15,31,0.48,Yes
rust,2025-08-15,12,0.18,Yes
goblin,2025-08-15,28,0.43,Yes
deku,2025-08-15,14,0.22,Yes
fjall,2025-08-15,32,0.49,Yes
drasi-platform,2025-08-15,24,0.37,Yes
embedded-graphics,2025-08-15,6,0.09,Yes
biliup-rs,2025-08-15,9,0.14,Yes
redis-rs,2025-08-15,70,1.08,Yes
harmony,2025-08-15,63,0.97,Yes
notify,2025-08-15,15,0.23,Yes
ntex,2025-08-15,38,0.58,Yes
opencv-rust,2025-08-15,31,0.48,Yes
tungstenite-rs,2025-08-15,5,0.08,Yes
pingora,2025-08-15,42,0.65,Yes
RustScan,2025-08-15,42,0.65,Yes
tokei,2025-08-15,4,0.06,Yes
gping,2025-08-15,11,0.17,Yes
min-sized-rust,2025-08-15,3,0.05,Yes
wasm-bindgen,2025-08-15,39,0.6,Yes
tracing,2025-08-15,34,0.52,Yes
async-std,2025-08-15,2,0.03,Yes
cicada,2025-08-14,1,0.02,Yes
avml,2025-08-14,18,0.28,Yes
sentry-cli,2025-08-14,142,2.18,Yes
sailfish,2025-08-14,8,0.12,Yes
goose,2025-08-14,75,1.15,Yes
apalis,2025-08-14,13,0.2,Yes
ripsecrets,2025-08-14,7,0.11,Yes
arbitrary,2025-08-14,11,0.17,Yes
window-vibrancy,2025-08-14,2,0.03,Yes
similarity,2025-08-14,252,3.88,No
ringrtc,2025-08-14,41,0.63,Yes
rust-rdkafka,2025-08-14,10,0.15,Yes
puffin,2025-08-14,14,0.22,Yes
rust-playground,2025-08-14,57,0.88,Yes
penrose,2025-08-14,2,0.03,Yes
libkrun,2025-08-14,102,1.57,Yes
rustc_codegen_gcc,2025-08-14,262,4.03,No
evil-helix,2025-08-14,185,2.85,No
regex,2025-08-14,1,0.02,Yes
oxipng,2025-08-14,12,0.18,Yes
cpal,2025-08-14,15,0.23,Yes
stacks-core,2025-08-14,699,10.75,No
trieve,2025-08-14,99,1.52,Yes
numbat,2025-08-14,61,0.94,Yes
qdrant,2025-08-14,310,4.77,No
presenterm,2025-08-14,123,1.89,Yes
mistral.rs,2025-08-14,163,2.51,No
monoio,2025-08-14,7,0.11,Yes
rainfrog,2025-08-14,21,0.32,Yes
riscv,2025-08-13,94,1.45,Yes
kati,2025-08-13,22,0.34,Yes
magic-wormhole.rs,2025-08-13,16,0.25,Yes
nftables-nat-rust,2025-08-13,11,0.17,Yes
avail,2025-08-13,12,0.18,Yes
object,2025-08-13,40,0.62,Yes
atsamd,2025-08-13,30,0.46,Yes
lopdf,2025-08-13,11,0.17,Yes
geo,2025-08-13,90,1.38,Yes
gpg-tui,2025-08-13,23,0.35,Yes
rustworkx,2025-08-13,31,0.48,Yes
stremio-core,2025-08-13,35,0.54,Yes
oculante,2025-08-13,42,0.65,Yes
lstr,2025-08-13,82,1.26,Yes
ckb,2025-08-13,60,0.92,Yes
rust-decimal,2025-08-13,10,0.15,Yes
uom,2025-08-13,15,0.23,Yes
dprint,2025-08-13,7,0.11,Yes
television,2025-08-13,214,3.29,No
typeshare,2025-08-13,29,0.45,Yes
quary,2025-08-13,18,0.28,Yes
capnproto-rust,2025-08-13,38,0.58,Yes
bionic-gpt,2025-08-13,349,5.37,No
rodio,2025-08-13,84,1.29,Yes
rust-rocksdb,2025-08-13,11,0.17,Yes
diesel,2025-08-13,104,1.6,Yes
procs,2025-08-13,44,0.68,Yes
innernet,2025-08-13,17,0.26,Yes
ggez,2025-08-13,1,0.02,Yes
universal-android-debloater-next-generation,2025-08-13,71,1.09,Yes
bstr,2025-08-12,1,0.02,Yes
ollama-rs,2025-08-12,67,1.03,Yes
x86_64,2025-08-12,7,0.11,Yes
pg_vectorize,2025-08-12,14,0.22,Yes
jsonrpsee,2025-08-12,10,0.15,Yes
rquickjs,2025-08-12,112,1.72,Yes
cucumber,2025-08-12,6,0.09,Yes
reverie,2025-08-12,19,0.29,Yes
system76-power,2025-08-12,7,0.11,Yes
parallel-disk-usage,2025-08-12,99,1.52,Yes
derive_more,2025-08-12,13,0.2,Yes
rand,2025-08-12,13,0.2,Yes
vizia,2025-08-12,6,0.09,Yes
bevy-inspector-egui,2025-08-12,24,0.37,Yes
enarx,2025-08-12,2,0.03,Yes
accesskit,2025-08-12,19,0.29,Yes
rosenpass,2025-08-12,103,1.58,Yes
lla,2025-08-12,11,0.17,Yes
curl-rust,2025-08-12,9,0.14,Yes
rkyv,2025-08-12,11,0.17,Yes
erg,2025-08-12,2,0.03,Yes
IronCalc,2025-08-12,81,1.25,Yes
freenet-core,2025-08-12,61,0.94,Yes
kubie,2025-08-12,6,0.09,Yes
helios,2025-08-12,41,0.63,Yes
clap,2025-08-12,93,1.43,Yes
rayon,2025-08-12,38,0.58,Yes
edit,2025-08-12,106,1.63,Yes
onefetch,2025-08-12,35,0.54,Yes
quickwit,2025-08-12,39,0.6,Yes
juniper,2025-08-12,33,0.51,Yes
WASI,2025-08-12,5,0.08,Yes
rhai,2025-08-12,41,0.63,Yes
renet,2025-08-11,4,0.06,Yes
laurel,2025-08-11,8,0.12,Yes
cargo-auditable,2025-08-11,34,0.52,Yes
zjstatus,2025-08-11,26,0.4,Yes
kellnr,2025-08-11,89,1.37,Yes
hot-lib-reloader-rs,2025-08-11,20,0.31,Yes
bril,2025-08-11,40,0.62,Yes
ab-av1,2025-08-11,4,0.06,Yes
stm32f4xx-hal,2025-08-11,15,0.23,Yes
tapo,2025-08-11,18,0.28,Yes
stgit,2025-08-11,29,0.45,Yes
pdf-writer,2025-08-11,24,0.37,Yes
cosmic-text,2025-08-11,16,0.25,Yes
nix-ld,2025-08-11,44,0.68,Yes
Satty,2025-08-11,32,0.49,Yes
uuid,2025-08-11,9,0.14,Yes
cup,2025-08-11,4,0.06,Yes
teloxide,2025-08-11,202,3.11,No
parking_lot,2025-08-11,39,0.6,Yes
pulldown-cmark,2025-08-11,9,0.14,Yes
fuel-core,2025-08-11,30,0.46,Yes
lightningcss,2025-08-11,8,0.12,Yes
cargo-mutants,2025-08-10,69,1.06,Yes
glaredb,2025-08-10,116,1.78,Yes
kameo,2025-08-10,53,0.82,Yes
rust-ctor,2025-08-10,11,0.17,Yes
jwt-hack,2025-08-10,51,0.78,Yes
ntsc-rs,2025-08-10,1,0.02,Yes
cargo-show-asm,2025-08-10,32,0.49,Yes
palette,2025-08-10,14,0.22,Yes
martypc,2025-08-10,16,0.25,Yes
pin-project,2025-08-10,8,0.12,Yes
polling,2025-08-10,12,0.18,Yes
StyLua,2025-08-10,2,0.03,Yes
risinglight,2025-08-10,3,0.05,Yes
nutype,2025-08-10,28,0.43,Yes
heimdall-rs,2025-08-10,24,0.37,Yes
solang,2025-08-10,17,0.26,Yes
starcoin,2025-08-10,8,0.12,Yes
cargo-llvm-cov,2025-08-10,16,0.25,Yes
tarpc,2025-08-10,3,0.05,Yes
sql-studio,2025-08-10,46,0.71,Yes
tabled,2025-08-10,31,0.48,Yes
lettre,2025-08-10,6,0.09,Yes
git-cliff,2025-08-10,60,0.92,Yes
actix,2025-08-10,9,0.14,Yes
miniserve,2025-08-10,31,0.48,Yes
cookcli,2025-08-09,12,0.18,Yes
femtovg,2025-08-09,18,0.28,Yes
ripasso,2025-08-09,1,0.02,Yes
cargo-hack,2025-08-09,8,0.12,Yes
type-exercise-in-rust,2025-08-09,2,0.03,Yes
r-nacos,2025-08-09,42,0.65,Yes
tquic,2025-08-09,12,0.18,Yes
BugStalker,2025-08-09,21,0.32,Yes
tiny,2025-08-09,4,0.06,Yes
redb,2025-08-09,96,1.48,Yes
maestro,2025-08-09,47,0.72,Yes
tch-rs,2025-08-09,8,0.12,Yes
fselect,2025-08-09,35,0.54,Yes
rivet,2025-08-09,261,4.02,No
yara-x,2025-08-08,163,2.51,No
slab,2025-08-08,4,0.06,Yes
indextree,2025-08-08,2,0.03,Yes
elasticsearch-rs,2025-08-08,4,0.06,Yes
parry,2025-08-08,27,0.42,Yes
gl-rs,2025-08-08,8,0.12,Yes
pcap,2025-08-08,3,0.05,Yes
aidoku-community-sources,2025-08-08,14,0.22,Yes
taskwarrior-tui,2025-08-08,3,0.05,Yes
nil,2025-08-08,24,0.37,Yes
cs431,2025-08-08,1,0.02,Yes
bili-sync,2025-08-08,60,0.92,Yes
wirefilter,2025-08-08,10,0.15,Yes
GQL,2025-08-08,13,0.2,Yes
cargo-edit,2025-08-08,11,0.17,Yes
rapier,2025-08-08,11,0.17,Yes
argc,2025-08-07,7,0.11,Yes
env_logger,2025-08-07,11,0.17,Yes
cudarc,2025-08-07,78,1.2,Yes
srgn,2025-08-07,29,0.45,Yes
nomino,2025-08-07,4,0.06,Yes
espflash,2025-08-07,40,0.62,Yes
git-stack,2025-08-07,15,0.23,Yes
plotlars,2025-08-07,28,0.43,Yes
human-panic,2025-08-07,13,0.2,Yes
cobalt.rs,2025-08-07,17,0.26,Yes
blessed-rs,2025-08-07,4,0.06,Yes
cargo-release,2025-08-07,19,0.29,Yes
autocorrect,2025-08-07,9,0.14,Yes
ja4,2025-08-07,28,0.43,Yes
grcov,2025-08-07,37,0.57,Yes
OpenSK,2025-08-07,17,0.26,Yes
nextest,2025-08-07,193,2.97,No
calamine,2025-08-07,71,1.09,Yes
pyxel,2025-08-07,211,3.25,No
ludusavi,2025-08-07,14,0.22,Yes
snow,2025-08-06,16,0.25,Yes
trow,2025-08-06,12,0.18,Yes
halo2,2025-08-06,18,0.28,Yes
onetagger,2025-08-06,12,0.18,Yes
papaya,2025-08-06,5,0.08,Yes
governor,2025-08-06,18,0.28,Yes
block-ciphers,2025-08-06,6,0.09,Yes
sentry-rust,2025-08-06,42,0.65,Yes
jsonschema,2025-08-06,39,0.6,Yes
KiteSQL,2025-08-06,22,0.34,Yes
chalk,2025-08-06,9,0.14,Yes
eyre,2025-08-06,5,0.08,Yes
h2,2025-08-06,9,0.14,Yes
rust-numpy,2025-08-06,2,0.03,Yes
cargo-msrv,2025-08-06,31,0.48,Yes
safer_ffi,2025-08-06,2,0.03,Yes
insta,2025-08-06,6,0.09,Yes
spot,2025-08-06,1,0.02,Yes
rbatis,2025-08-06,31,0.48,Yes
piranha,2025-08-06,51,0.78,Yes
minijinja,2025-08-06,17,0.26,Yes
gitui,2025-08-06,10,0.15,Yes
cursive,2025-08-06,3,0.05,Yes
cortex-m,2025-08-05,16,0.25,Yes
allsorts,2025-08-05,143,2.2,Yes
cargo-mobile2,2025-08-05,19,0.29,Yes
ocrs,2025-08-05,9,0.14,Yes
akri,2025-08-05,12,0.18,Yes
comfy-table,2025-08-05,13,0.2,Yes
fake-rs,2025-08-05,16,0.25,Yes
impala,2025-08-05,6,0.09,Yes
vopono,2025-08-05,20,0.31,Yes
nixpacks,2025-08-05,4,0.06,Yes
tsukimi,2025-08-05,25,0.38,Yes
tealdeer,2025-08-05,6,0.09,Yes
spotify-player,2025-08-05,20,0.31,Yes
cn-font-split,2025-08-04,9,0.14,Yes
socket2,2025-08-04,37,0.57,Yes
gameboy,2025-08-04,4,0.06,Yes
mockall,2025-08-04,2,0.03,Yes
observer_ward,2025-08-04,24,0.37,Yes
rust-derive-builder,2025-08-04,9,0.14,Yes
bevy_rapier,2025-08-04,6,0.09,Yes
incubator-teaclave-sgx-sdk,2025-08-04,3,0.05,Yes
bevy_egui,2025-08-04,23,0.35,Yes
rust_cmd_lib,2025-08-04,2,0.03,Yes
wasm-pack,2025-08-04,8,0.12,Yes
farm,2025-08-04,18,0.28,Yes
duct.rs,2025-08-03,9,0.14,Yes
signal-hook,2025-08-03,3,0.05,Yes
glfw-rs,2025-08-03,3,0.05,Yes
scylla-rust-driver,2025-08-03,258,3.97,No
typstyle,2025-08-03,91,1.4,Yes
MCHPRS,2025-08-03,17,0.26,Yes
rust-peg,2025-08-03,6,0.09,Yes
arc-swap,2025-08-03,13,0.2,Yes
simple-http-server,2025-08-03,4,0.06,Yes
itertools,2025-08-03,14,0.22,Yes
rinf,2025-08-03,48,0.74,Yes
elfshaker,2025-08-03,31,0.48,Yes
delta,2025-08-03,6,0.09,Yes
abstreet,2025-08-03,2,0.03,Yes
feroxbuster,2025-08-03,8,0.12,Yes
rust_serialization_benchmark,2025-08-02,6,0.09,Yes
syncpack,2025-08-02,46,0.71,Yes
redlib,2025-08-02,11,0.17,Yes
perseus,2025-08-02,1,0.02,Yes
book,2025-08-02,81,1.25,Yes
dua-cli,2025-08-02,8,0.12,Yes
testcontainers-rs,2025-08-01,16,0.25,Yes
mailcrab,2025-08-01,3,0.05,Yes
fend,2025-08-01,22,0.34,Yes
jieba-rs,2025-08-01,13,0.2,Yes
halp,2025-08-01,13,0.2,Yes
diesel_async,2025-08-01,35,0.54,Yes
PackSquash,2025-08-01,27,0.42,Yes
cargo-pgo,2025-08-01,5,0.08,Yes
lambdaworks,2025-08-01,1,0.02,Yes
tmux-sessionizer,2025-08-01,7,0.11,Yes
y-crdt,2025-08-01,25,0.38,Yes
bootloader,2025-08-01,7,0.11,Yes
simd-json,2025-08-01,8,0.12,Yes
octocrab,2025-08-01,3,0.05,Yes
headway,2025-08-01,19,0.29,Yes
criterion.rs,2025-08-01,2,0.03,Yes
madsim,2025-07-31,5,0.08,Yes
eva,2025-07-31,4,0.06,Yes
roaring-rs,2025-07-31,42,0.65,Yes
rust-sfml,2025-07-31,9,0.14,Yes
parquet-wasm,2025-07-31,6,0.09,Yes
krunvm,2025-07-31,3,0.05,Yes
ferron,2025-07-31,60,0.92,Yes
metrics,2025-07-31,20,0.31,Yes
petgraph,2025-07-31,39,0.6,Yes
leftwm,2025-07-31,14,0.22,Yes
aws-lambda-web-adapter,2025-07-31,1,0.02,Yes
neon,2025-07-31,523,8.05,No
dust,2025-07-31,14,0.22,Yes
nalgebra,2025-07-31,12,0.18,Yes
granian,2025-07-31,56,0.86,Yes
pulsar,2025-07-30,17,0.26,Yes
backon,2025-07-30,6,0.09,Yes
whisper-rs,2025-07-30,8,0.12,Yes
libimagequant,2025-07-30,30,0.46,Yes
Astar,2025-07-30,34,0.52,Yes
twiggy,2025-07-30,2,0.03,Yes
matchbox,2025-07-30,7,0.11,Yes
gmpublisher,2025-07-30,2,0.03,Yes
trunk,2025-07-30,17,0.26,Yes
jaq,2025-07-30,95,1.46,Yes
rust-cookbook,2025-07-30,7,0.11,Yes
charming,2025-07-30,86,1.32,Yes
wezterm,2025-07-30,23,0.35,Yes
pueue,2025-07-30,9,0.14,Yes
jmcomic-downloader,2025-07-29,3,0.05,Yes
deno_lint,2025-07-29,4,0.06,Yes
pprof-rs,2025-07-29,4,0.06,Yes
handlebars-rust,2025-07-29,9,0.14,Yes
comma,2025-07-29,43,0.66,Yes
kuasar,2025-07-29,21,0.32,Yes
turmoil,2025-07-29,2,0.03,Yes
skytable,2025-07-29,1,0.02,Yes
rathole,2025-07-29,3,0.05,Yes
tokenizers,2025-07-29,26,0.4,Yes
wstunnel,2025-07-29,36,0.55,Yes
rustler,2025-07-29,13,0.2,Yes
cyme,2025-07-28,19,0.29,Yes
snark,2025-07-28,4,0.06,Yes
lazyjj,2025-07-28,15,0.23,Yes
brontes,2025-07-28,1,0.02,Yes
unicode-segmentation,2025-07-28,1,0.02,Yes
tui-journal,2025-07-28,14,0.22,Yes
phira,2025-07-28,29,0.45,Yes
wayland-rs,2025-07-28,12,0.18,Yes
mobilecoin,2025-07-28,15,0.23,Yes
deep-prove,2025-07-28,116,1.78,Yes
cbindgen,2025-07-28,8,0.12,Yes
massa,2025-07-28,5,0.08,Yes
extism,2025-07-28,15,0.23,Yes
flux,2025-07-27,18,0.28,Yes
rowan,2025-07-27,7,0.11,Yes
keyring-rs,2025-07-27,17,0.26,Yes
stateright,2025-07-27,14,0.22,Yes
rouille,2025-07-27,4,0.06,Yes
rstest,2025-07-27,39,0.6,Yes
cargo-update,2025-07-27,32,0.49,Yes
ouch,2025-07-27,8,0.12,Yes
glyph-brush,2025-07-26,2,0.03,Yes
glam-rs,2025-07-26,20,0.31,Yes
cfonts,2025-07-26,7,0.11,Yes
refinery,2025-07-26,6,0.09,Yes
time,2025-07-26,23,0.35,Yes
git-branchless,2025-07-26,19,0.29,Yes
rbspy,2025-07-26,30,0.46,Yes
ripgrep,2025-07-26,3,0.05,Yes
psst,2025-07-26,27,0.42,Yes
OpenVehicleDiag,2025-07-25,1,0.02,Yes
bluetui,2025-07-25,9,0.14,Yes
rust_os,2025-07-25,41,0.63,Yes
goxlr-utility,2025-07-25,30,0.46,Yes
statrs,2025-07-25,8,0.12,Yes
rust-hypervisor-firmware,2025-07-25,23,0.35,Yes
hecs,2025-07-25,17,0.26,Yes
crossterm,2025-07-25,6,0.09,Yes
workers-rs,2025-07-25,39,0.6,Yes
cargo-crev,2025-07-25,8,0.12,Yes
neon,2025-07-25,5,0.08,Yes
binrw,2025-07-24,14,0.22,Yes
Peroxide,2025-07-24,44,0.68,Yes
retrowin32,2025-07-24,144,2.22,Yes
serde-wasm-bindgen,2025-07-24,2,0.03,Yes
juliaup,2025-07-24,2,0.03,Yes
amp,2025-07-24,10,0.15,Yes
microsandbox,2025-07-24,31,0.48,Yes
jsr,2025-07-24,15,0.23,Yes
websocat,2025-07-24,2,0.03,Yes
tuono,2025-07-23,30,0.46,Yes
selene,2025-07-23,2,0.03,Yes
argh,2025-07-23,1,0.02,Yes
samply,2025-07-23,85,1.31,Yes
cv,2025-07-22,1,0.02,Yes
xmr-btc-swap,2025-07-22,4,0.06,Yes
glyphon,2025-07-22,5,0.08,Yes
open-tv,2025-07-22,45,0.69,Yes
cached,2025-07-22,12,0.18,Yes
wifi-connect,2025-07-22,2,0.03,Yes
sheldon,2025-07-22,9,0.14,Yes
tower,2025-07-22,11,0.17,Yes
pg_graphql,2025-07-22,8,0.12,Yes
kondo,2025-07-22,1,0.02,Yes
evcxr,2025-07-22,27,0.42,Yes
steam-tui,2025-07-21,1,0.02,Yes
rbw,2025-07-21,15,0.23,Yes
deadnix,2025-07-21,8,0.12,Yes
static-web-server,2025-07-21,10,0.15,Yes
spacer,2025-07-21,23,0.35,Yes
asciinema,2025-07-21,79,1.22,Yes
neovide,2025-07-21,7,0.11,Yes
mio,2025-07-21,10,0.15,Yes
jnv,2025-07-21,7,0.11,Yes
customasm,2025-07-20,5,0.08,Yes
tun2proxy,2025-07-20,24,0.37,Yes
proptest,2025-07-20,14,0.22,Yes
flate2-rs,2025-07-20,12,0.18,Yes
fnm,2025-07-20,7,0.11,Yes
winterfell,2025-07-19,13,0.2,Yes
strum,2025-07-19,9,0.14,Yes
ante,2025-07-19,11,0.17,Yes
eza,2025-07-19,45,0.69,Yes
futures-rs,2025-07-19,5,0.08,Yes
kira,2025-07-18,5,0.08,Yes
leafwing-input-manager,2025-07-18,7,0.11,Yes
lune,2025-07-18,39,0.6,Yes
ReGreet,2025-07-18,3,0.05,Yes
demikernel,2025-07-18,185,2.85,No
log,2025-07-18,3,0.05,Yes
cargo-zigbuild,2025-07-18,9,0.14,Yes
cross,2025-07-18,2,0.03,Yes
flapigen-rs,2025-07-17,7,0.11,Yes
eunomia-bpf,2025-07-17,1,0.02,Yes
sig,2025-07-17,3,0.05,Yes
cunzhi,2025-07-17,247,3.8,No
Rust-Flashcards,2025-07-17,1,0.02,Yes
parity-signer,2025-07-17,9,0.14,Yes
pyapp,2025-07-17,3,0.05,Yes
dnt,2025-07-17,3,0.05,Yes
nix-index,2025-07-17,9,0.14,Yes
polaris,2025-07-17,1,0.02,Yes
gurk-rs,2025-07-16,5,0.08,Yes
y-sweet,2025-07-16,2,0.03,Yes
rfd,2025-07-16,3,0.05,Yes
systemstat,2025-07-16,1,0.02,Yes
GlobalProtect-openconnect,2025-07-16,7,0.11,Yes
kafka-rust,2025-07-16,1,0.02,Yes
pica,2025-07-16,10,0.15,Yes
macroquad,2025-07-16,2,0.03,Yes
cntr,2025-07-15,7,0.11,Yes
kibi,2025-07-15,9,0.14,Yes
mask,2025-07-15,4,0.06,Yes
http,2025-07-15,2,0.03,Yes
refact,2025-07-15,228,3.51,No
lsd,2025-07-15,1,0.02,Yes
zeronsd,2025-07-14,1,0.02,Yes
rust-gc,2025-07-14,1,0.02,Yes
resvg,2025-07-14,3,0.05,Yes
cocogitto,2025-07-13,2,0.03,Yes
core-foundation-rs,2025-07-13,10,0.15,Yes
gifski,2025-07-13,8,0.12,Yes
smartcore,2025-07-12,7,0.11,Yes
ropey,2025-07-12,2,0.03,Yes
argmin,2025-07-12,17,0.26,Yes
rust-sdl2,2025-07-12,3,0.05,Yes
rustdesk-server,2025-07-12,5,0.08,Yes
eframe_template,2025-07-11,6,0.09,Yes
xcap,2025-07-11,3,0.05,Yes
evtx,2025-07-11,16,0.25,Yes
bevy_lunex,2025-07-11,7,0.11,Yes
serpl,2025-07-11,1,0.02,Yes
goldboot,2025-07-11,1,0.02,Yes
rust-bio,2025-07-11,1,0.02,Yes
ore-cli,2025-07-11,1,0.02,Yes
ockam,2025-07-11,259,3.98,No
gritql,2025-07-11,5,0.08,Yes
window-switcher,2025-07-10,4,0.06,Yes
self-replace,2025-07-10,2,0.03,Yes
nokhwa,2025-07-10,3,0.05,Yes
pathfinder,2025-07-10,3,0.05,Yes
lighthouse,2025-07-10,76,1.17,Yes
ATAC,2025-07-10,12,0.18,Yes
bandwhich,2025-07-10,10,0.15,Yes
indicatif,2025-07-10,8,0.12,Yes
printpdf,2025-07-09,4,0.06,Yes
ducker,2025-07-09,21,0.32,Yes
thirtyfour,2025-07-09,15,0.23,Yes
linfa,2025-07-09,2,0.03,Yes
lingua-rs,2025-07-08,5,0.08,Yes
rspotify,2025-07-08,23,0.35,Yes
ammonia,2025-07-08,3,0.05,Yes
barter-rs,2025-07-08,10,0.15,Yes
discovery,2025-07-08,1,0.02,Yes
ron,2025-07-08,3,0.05,Yes
aquascope,2025-07-08,7,0.11,Yes
rust-course,2025-07-08,15,0.23,Yes
paru,2025-07-08,6,0.09,Yes
SwayOSD,2025-07-07,10,0.15,Yes
gpt-macro,2025-07-07,3,0.05,Yes
num_cpus,2025-07-07,3,0.05,Yes
raft-engine,2025-07-07,2,0.03,Yes
tokio-uring,2025-07-07,1,0.02,Yes
sudo,2025-07-07,1,0.02,Yes
kajiya,2025-07-07,2,0.03,Yes
async-channel,2025-07-06,3,0.05,Yes
docuum,2025-07-06,10,0.15,Yes
typical,2025-07-06,6,0.09,Yes
cargo-udeps,2025-07-06,12,0.18,Yes
toast,2025-07-06,6,0.09,Yes
rust-smallvec,2025-07-06,5,0.08,Yes
pyflow,2025-07-06,1,0.02,Yes
schemars,2025-07-06,60,0.92,Yes
check-if-email-exists,2025-07-06,4,0.06,Yes
orz,2025-07-05,1,0.02,Yes
statig,2025-07-05,9,0.14,Yes
inferno,2025-07-05,3,0.05,Yes
systemctl-tui,2025-07-05,11,0.17,Yes
imageflow,2025-07-05,27,0.42,Yes
overskride,2025-07-04,1,0.02,Yes
rustboyadvance-ng,2025-07-04,7,0.11,Yes
LocustDB,2025-07-04,2,0.03,Yes
console,2025-07-04,13,0.2,Yes
lurk,2025-07-04,7,0.11,Yes
lru-rs,2025-07-03,11,0.17,Yes
taplo,2025-07-03,4,0.06,Yes
jumpy,2025-07-03,2,0.03,Yes
sycamore,2025-07-03,4,0.06,Yes
bevy_game_template,2025-07-02,6,0.09,Yes
pgvectorscale,2025-07-02,9,0.14,Yes
rtic,2025-07-02,87,1.34,Yes
book,2025-07-01,2,0.03,Yes
plonky2,2025-07-01,1,0.02,Yes
pubgrub,2025-07-01,3,0.05,Yes
rppal,2025-07-01,2,0.03,Yes
defmt,2025-07-01,8,0.12,Yes
cargo-chef,2025-07-01,3,0.05,Yes
postgresml,2025-07-01,1,0.02,Yes
sqlite-zstd,2025-06-30,1,0.02,Yes
so,2025-06-30,1,0.02,Yes
sprite-dicing,2025-06-30,4,0.06,Yes
wgpu-native,2025-06-30,11,0.17,Yes
bevy-cheatbook,2025-06-30,1,0.02,Yes
noseyparker,2025-06-30,10,0.15,Yes
eww,2025-06-30,2,0.03,Yes
boxxy,2025-06-29,1,0.02,Yes
mini-lsm,2025-06-29,8,0.12,Yes
xitca-web,2025-06-28,5,0.08,Yes
nanoserde,2025-06-28,3,0.05,Yes
steamguard-cli,2025-06-28,5,0.08,Yes
stm32f1xx-hal,2025-06-28,7,0.11,Yes
roapi,2025-06-28,9,0.14,Yes
photon,2025-06-28,3,0.05,Yes
lapce,2025-06-28,7,0.11,Yes
cargo-fuzz,2025-06-27,21,0.32,Yes
inline-python,2025-06-27,3,0.05,Yes
log4rs,2025-06-27,22,0.34,Yes
spyglass,2025-06-27,1,0.02,Yes
datenlord,2025-06-26,27,0.42,Yes
r9,2025-06-26,2,0.03,Yes
rxRust,2025-06-26,2,0.03,Yes
zenith,2025-06-26,1,0.02,Yes
godot-rapier-physics,2025-06-25,1,0.02,Yes
cargo-modules,2025-06-25,7,0.11,Yes
jiff,2025-06-25,4,0.06,Yes
owo-colors,2025-06-24,3,0.05,Yes
intermodal,2025-06-24,2,0.03,Yes
bumpalo,2025-06-24,9,0.14,Yes
texlab,2025-06-24,25,0.38,Yes
jql,2025-06-24,3,0.05,Yes
csvlens,2025-06-24,16,0.25,Yes
flowgger,2025-06-23,1,0.02,Yes
rdev,2025-06-23,4,0.06,Yes
plane,2025-06-23,3,0.05,Yes
rumqtt,2025-06-23,2,0.03,Yes
ndk,2025-06-23,4,0.06,Yes
glazewm,2025-06-23,16,0.25,Yes
rustfinity,2025-06-22,12,0.18,Yes
create-rust-app,2025-06-22,4,0.06,Yes
bevy_hanabi,2025-06-22,6,0.09,Yes
mcfly,2025-06-22,3,0.05,Yes
cavif-rs,2025-06-21,4,0.06,Yes
folderify,2025-06-21,14,0.22,Yes
codespan,2025-06-21,1,0.02,Yes
rustfmt,2025-06-21,13,0.2,Yes
nannou,2025-06-21,1,0.02,Yes
dynasm-rs,2025-06-20,1,0.02,Yes
packet,2025-06-20,278,4.28,No
aHash,2025-06-20,1,0.02,Yes
wluma,2025-06-19,3,0.05,Yes
wiremock-rs,2025-06-19,4,0.06,Yes
okapi,2025-06-19,1,0.02,Yes
symbolica,2025-06-19,13,0.2,Yes
python-launcher,2025-06-19,1,0.02,Yes
moonfire-nvr,2025-06-19,1,0.02,Yes
sshx,2025-06-19,2,0.03,Yes
prost,2025-06-19,8,0.12,Yes
paperclip,2025-06-18,2,0.03,Yes
rust-sitter,2025-06-18,1,0.02,Yes
tokio-tungstenite,2025-06-18,3,0.05,Yes
zebar,2025-06-18,16,0.25,Yes
dezoomify-rs,2025-06-17,63,0.97,Yes
num-traits,2025-06-17,3,0.05,Yes
flipperzero-rs,2025-06-17,2,0.03,Yes
zstd-rs,2025-06-17,3,0.05,Yes
OxiCloud,2025-06-17,1,0.02,Yes
rouille,2025-06-17,1,0.02,Yes
verso,2025-06-17,12,0.18,Yes
awesome-rust,2025-06-16,7,0.11,Yes
bartib,2025-06-16,14,0.22,Yes
chess-tui,2025-06-16,4,0.06,Yes
mimalloc_rust,2025-06-16,2,0.03,Yes
backtrace-rs,2025-06-16,1,0.02,Yes
utoipa,2025-06-16,5,0.08,Yes
rquickshare,2025-06-16,2,0.03,Yes
hexyl,2025-06-16,3,0.05,Yes
pkgx,2025-06-16,1,0.02,Yes
arbiter,2025-06-15,7,0.11,Yes
redis-cell,2025-06-15,1,0.02,Yes
nih-plug,2025-06-15,2,0.03,Yes
monolith,2025-06-15,1,0.02,Yes
pest,2025-06-15,4,0.06,Yes
fantoccini,2025-06-14,4,0.06,Yes
three-d,2025-06-14,2,0.03,Yes
frunk,2025-06-14,1,0.02,Yes
termscp,2025-06-13,7,0.11,Yes
stack-graphs,2025-06-12,1,0.02,Yes
RustFFT,2025-06-12,5,0.08,Yes
git-graph,2025-06-12,4,0.06,Yes
cargo-vet,2025-06-12,5,0.08,Yes
muvm,2025-06-12,4,0.06,Yes
occlum,2025-06-12,2,0.03,Yes
lan-mouse,2025-06-12,2,0.03,Yes
tui-realm,2025-06-11,3,0.05,Yes
std-training,2025-06-11,1,0.02,Yes
rustc_codegen_clr,2025-06-11,2,0.03,Yes
memchr,2025-06-11,2,0.03,Yes
websurfx,2025-06-10,5,0.08,Yes
motorhead,2025-06-10,1,0.02,Yes
hck,2025-06-10,1,0.02,Yes
ariadne,2025-06-10,4,0.06,Yes
aliyundrive-webdav,2025-06-10,1,0.02,Yes
rustybuzz,2025-06-09,5,0.08,Yes
gptcommit,2025-06-09,12,0.18,Yes
bore,2025-06-09,2,0.03,Yes
100-exercises-to-learn-rust,2025-06-09,1,0.02,Yes
doh-server,2025-06-08,12,0.18,Yes
memory.lol,2025-06-08,1,0.02,Yes
git-interactive-rebase-tool,2025-06-08,2,0.03,Yes
rust-web3,2025-06-08,4,0.06,Yes
lumen,2025-06-08,1,0.02,Yes
pastel,2025-06-08,4,0.06,Yes
gpt-aggregated-edition,2025-06-07,1,0.02,Yes
vim-dogrun,2025-06-07,2,0.03,Yes
fuso,2025-06-07,1,0.02,Yes
aderyn,2025-06-06,3,0.05,Yes
aurae,2025-06-06,6,0.09,Yes
shpool,2025-06-06,4,0.06,Yes
polonius,2025-06-06,3,0.05,Yes
serde,2025-06-06,5,0.08,Yes
tar-rs,2025-06-05,2,0.03,Yes
parinfer-rust,2025-06-05,1,0.02,Yes
deploy-rs,2025-06-05,7,0.11,Yes
llm-ls,2025-06-04,4,0.06,Yes
j4rs,2025-06-04,1,0.02,Yes
grpc-rs,2025-06-04,1,0.02,Yes
rbpf,2025-06-04,7,0.11,Yes
tach,2025-06-04,2,0.03,Yes
macmon,2025-06-03,4,0.06,Yes
font-kit,2025-06-03,3,0.05,Yes
graphql-client,2025-06-03,2,0.03,Yes
wizer,2025-06-03,1,0.02,Yes
maud,2025-06-03,1,0.02,Yes
Bend,2025-06-03,1,0.02,Yes
ultraviolet,2025-06-02,1,0.02,Yes
colored,2025-06-02,1,0.02,Yes
Egregoria,2025-06-02,1,0.02,Yes
Mortal,2025-06-02,2,0.03,Yes
vim-clap,2025-05-31,1,0.02,Yes
spotifyd,2025-05-31,1,0.02,Yes
rust-zmq,2025-05-30,1,0.02,Yes
KiwiTalk,2025-05-30,8,0.12,Yes
termimad,2025-05-30,1,0.02,Yes
FastNoiseLite,2025-05-30,1,0.02,Yes
kcl,2025-05-30,2,0.03,Yes
git-absorb,2025-05-30,6,0.09,Yes
caligula,2025-05-29,7,0.11,Yes
fastwebsockets,2025-05-28,1,0.02,Yes
sozu,2025-05-28,1,0.02,Yes
rust_minifb,2025-05-27,1,0.02,Yes
swift-bridge,2025-05-26,2,0.03,Yes
dvm,2025-05-26,1,0.02,Yes
rust_libloading,2025-05-26,2,0.03,Yes
rust-pretty-assertions,2025-05-26,1,0.02,Yes
rust-bert,2025-05-26,2,0.03,Yes
ndarray,2025-05-26,1,0.02,Yes
bevy_ecs_ldtk,2025-05-25,4,0.06,Yes
zram-generator,2025-05-25,1,0.02,Yes
turbo.fish,2025-05-25,0,0.0,Yes
pollster,2025-05-25,1,0.02,Yes
Nping,2025-05-25,0,0.0,Yes
fontdue,2025-05-25,0,0.0,Yes
yas,2025-05-25,0,0.0,Yes
codelldb,2025-05-25,0,0.0,Yes
async-graphql,2025-05-24,0,0.0,Yes
once_cell,2025-05-24,0,0.0,Yes
poise,2025-05-23,0,0.0,Yes
Spartan,2025-05-23,0,0.0,Yes
fluent-rs,2025-05-23,0,0.0,Yes
nucleo,2025-05-23,0,0.0,Yes
rig,2025-05-22,0,0.0,Yes
layout,2025-05-22,0,0.0,Yes
optimization-engine,2025-05-22,0,0.0,Yes
sniprun,2025-05-22,0,0.0,Yes
valence,2025-05-22,0,0.0,Yes
ggrs,2025-05-21,0,0.0,Yes
ityfuzz,2025-05-21,0,0.0,Yes
joshuto,2025-05-20,0,0.0,Yes
rust-protobuf,2025-05-20,0,0.0,Yes
boringtun,2025-05-20,0,0.0,Yes
cargo-instruments,2025-05-19,0,0.0,Yes
oreboot,2025-05-19,0,0.0,Yes
rust-postgres,2025-05-19,0,0.0,Yes
gxhash,2025-05-18,0,0.0,Yes
bevy_asset_loader,2025-05-18,0,0.0,Yes
whkd,2025-05-17,0,0.0,Yes
notify-rust,2025-05-17,0,0.0,Yes
may_minihttp,2025-05-16,0,0.0,Yes
popsicle,2025-05-16,0,0.0,Yes
sled,2025-05-16,0,0.0,Yes
lilos,2025-05-15,0,0.0,Yes
reshape,2025-05-15,0,0.0,Yes
lnx,2025-05-15,0,0.0,Yes
ferium,2025-05-15,0,0.0,Yes
PoloDB,2025-05-15,0,0.0,Yes
rubyfmt,2025-05-15,0,0.0,Yes
console,2025-05-14,0,0.0,Yes
kanal,2025-05-13,0,0.0,Yes
confy,2025-05-12,0,0.0,Yes
gosub-engine,2025-05-12,0,0.0,Yes
rust-ctrlc,2025-05-11,0,0.0,Yes
ripgrep-all,2025-05-11,0,0.0,Yes
pylyzer,2025-05-10,0,0.0,Yes
avr-hal,2025-05-09,0,0.0,Yes
moka,2025-05-08,0,0.0,Yes
pagefind,2025-05-08,0,0.0,Yes
tailcall,2025-05-07,0,0.0,Yes
cloudformation-guard,2025-05-07,0,0.0,Yes
bevy_ecs_tilemap,2025-05-07,0,0.0,Yes
CreuSAT,2025-05-06,0,0.0,Yes
mun,2025-05-06,0,0.0,Yes
tendermint-rs,2025-05-05,0,0.0,Yes
genshin_artifact,2025-05-05,0,0.0,Yes
quickcheck,2025-05-05,0,0.0,Yes
swhkd,2025-05-04,0,0.0,Yes
jsonwebtoken,2025-05-04,0,0.0,Yes
desed,2025-05-04,0,0.0,Yes
nix-init,2025-05-04,0,0.0,Yes
Rocket,2025-05-04,0,0.0,Yes
adsb_deku,2025-05-03,0,0.0,Yes
rpg-cli,2025-05-03,0,0.0,Yes
josh,2025-05-03,0,0.0,Yes
lucky-commit,2025-05-02,0,0.0,Yes
chili,2025-05-01,0,0.0,Yes
gltf,2025-05-01,0,0.0,Yes
mustang,2025-04-30,0,0.0,Yes
eyra,2025-04-30,0,0.0,Yes
rust-av,2025-04-30,0,0.0,Yes
langchain-rust,2025-04-30,0,0.0,Yes
glutin,2025-04-30,0,0.0,Yes
faer-rs,2025-04-29,0,0.0,Yes
cnosdb,2025-04-28,0,0.0,Yes
netscanner,2025-04-28,0,0.0,Yes
big-brain,2025-04-28,0,0.0,Yes
wasmer-js,2025-04-28,0,0.0,Yes
dasp,2025-04-27,0,0.0,Yes
horaedb,2025-04-27,0,0.0,Yes
miette,2025-04-27,0,0.0,Yes
bite,2025-04-26,0,0.0,Yes
RustQuant,2025-04-26,0,0.0,Yes
boxer,2025-04-25,0,0.0,Yes
cargo-wizard,2025-04-25,0,0.0,Yes
rCore-Tutorial-v3,2025-04-25,0,0.0,Yes
shadow-tls,2025-04-25,0,0.0,Yes
vnt,2025-04-25,0,0.0,Yes
metal-rs,2025-04-24,0,0.0,Yes
onagre,2025-04-24,0,0.0,Yes
angle-grinder,2025-04-24,0,0.0,Yes
maelstrom,2025-04-23,0,0.0,Yes
sshs,2025-04-23,0,0.0,Yes
markdown-rs,2025-04-23,0,0.0,Yes
kmon,2025-04-22,0,0.0,Yes
btleplug,2025-04-21,0,0.0,Yes
ttf-parser,2025-04-21,0,0.0,Yes
cap-std,2025-04-21,0,0.0,Yes
nativeshell,2025-04-21,0,0.0,Yes
kalker,2025-04-21,0,0.0,Yes
buttplug,2025-04-21,0,0.0,Yes
glommio,2025-04-21,0,0.0,Yes
libm,2025-04-20,0,0.0,Yes
tetra,2025-04-19,0,0.0,Yes
oauth2-rs,2025-04-19,0,0.0,Yes
scroll-prover,2025-04-18,0,0.0,Yes
sd,2025-04-18,0,0.0,Yes
lyon,2025-04-17,0,0.0,Yes
loom,2025-04-17,0,0.0,Yes
rust-prometheus,2025-04-16,0,0.0,Yes
binsider,2025-04-16,0,0.0,Yes
pls,2025-04-15,0,0.0,Yes
codesnap.nvim,2025-04-15,0,0.0,Yes
hibiki,2025-04-15,0,0.0,Yes
cargo-sweep,2025-04-14,0,0.0,Yes
cargo-geiger,2025-04-14,0,0.0,Yes
divan,2025-04-14,0,0.0,Yes
govee2mqtt,2025-04-13,0,0.0,Yes
felix,2025-04-12,0,0.0,Yes
ch57x-keyboard-tool,2025-04-11,0,0.0,Yes
typstudio,2025-04-11,0,0.0,Yes
idiomatic-rust,2025-04-11,0,0.0,Yes
yek,2025-04-10,0,0.0,Yes
pg_jsonschema,2025-04-09,0,0.0,Yes
azul,2025-04-09,0,0.0,Yes
async-stripe,2025-04-08,0,0.0,Yes
rpds,2025-04-08,0,0.0,Yes
Plume,2025-04-08,0,0.0,Yes
crossbeam,2025-04-08,0,0.0,Yes
start-os,2025-04-07,0,0.0,Yes
aero,2025-04-07,0,0.0,Yes
vim-doge,2025-04-06,0,0.0,Yes
topngx,2025-04-05,0,0.0,Yes
sad,2025-04-04,0,0.0,Yes
wechat-dump-rs,2025-04-04,0,0.0,Yes
osintui,2025-04-01,0,0.0,Yes
wired-notify,2025-03-30,0,0.0,Yes
dirble,2025-03-30,0,0.0,Yes
autopy,2025-03-29,0,0.0,Yes
notan,2025-03-29,0,0.0,Yes
t-rec-rs,2025-03-29,0,0.0,Yes
lunatic,2025-03-29,0,0.0,Yes
ServerStatus-Rust,2025-03-27,0,0.0,Yes
plotters,2025-03-27,0,0.0,Yes
lorri,2025-03-26,0,0.0,Yes
heed,2025-03-26,0,0.0,Yes
density,2025-03-26,0,0.0,Yes
shellfirm,2025-03-25,0,0.0,Yes
pods,2025-03-25,0,0.0,Yes
cushy,2025-03-25,0,0.0,Yes
Tran,2025-03-24,0,0.0,Yes
computerraria,2025-03-24,0,0.0,Yes
stract,2025-03-24,0,0.0,Yes
metaboss,2025-03-23,0,0.0,Yes
cmd-wrapped,2025-03-22,0,0.0,Yes
minify-html,2025-03-22,0,0.0,Yes
rust-cssparser,2025-03-20,0,0.0,Yes
camilladsp,2025-03-20,0,0.0,Yes
cargo-about,2025-03-20,0,0.0,Yes
redshirt,2025-03-20,0,0.0,Yes
select.rs,2025-03-19,0,0.0,Yes
hwatch,2025-03-19,0,0.0,Yes
httparse,2025-03-19,0,0.0,Yes
message-io,2025-03-18,0,0.0,Yes
tera,2025-03-18,0,0.0,Yes
volta,2025-03-18,0,0.0,Yes
ToMoon,2025-03-17,0,0.0,Yes
reStream,2025-03-14,0,0.0,Yes
hyperfine,2025-03-14,0,0.0,Yes
pxp,2025-03-13,0,0.0,Yes
ox,2025-03-13,0,0.0,Yes
prisma-client-rust,2025-03-12,0,0.0,Yes
whatlang-rs,2025-03-12,0,0.0,Yes
kdash,2025-03-12,0,0.0,Yes
onetun,2025-03-11,0,0.0,Yes
stl-thumb,2025-03-11,0,0.0,Yes
solana-program-library,2025-03-10,0,0.0,Yes
NimPlant,2025-03-09,0,0.0,Yes
sidecar,2025-03-09,0,0.0,Yes
xlite,2025-03-09,0,0.0,Yes
macchina,2025-03-08,0,0.0,Yes
grin,2025-03-08,0,0.0,Yes
openapi-tui,2025-03-07,0,0.0,Yes
joystream,2025-03-07,0,0.0,Yes
validator,2025-03-07,0,0.0,Yes
abscissa,2025-03-06,0,0.0,Yes
wiki-tui,2025-03-05,0,0.0,Yes
OctoBase,2025-03-05,0,0.0,Yes
dashmap,2025-03-05,0,0.0,Yes
autocxx,2025-03-05,0,0.0,Yes
himalaya,2025-03-05,0,0.0,Yes
bevy_mod_picking,2025-03-04,0,0.0,Yes
ytui-music,2025-03-03,0,0.0,Yes
cargo-make,2025-03-03,0,0.0,Yes
lapdev,2025-03-02,0,0.0,Yes
flume,2025-03-02,0,0.0,Yes
shawl,2025-02-28,0,0.0,Yes
tickrs,2025-02-27,0,0.0,Yes
pgcat,2025-02-27,0,0.0,Yes
oso,2025-02-26,0,0.0,Yes
pgvecto.rs,2025-02-26,0,0.0,Yes
compact_str,2025-02-25,0,0.0,Yes
rust-headless-chrome,2025-02-25,0,0.0,Yes
BoilR,2025-02-24,0,0.0,Yes
Weylus,2025-02-24,0,0.0,Yes
nostr-rs-relay,2025-02-23,0,0.0,Yes
glow,2025-02-23,0,0.0,Yes
lemurs,2025-02-22,0,0.0,Yes
docker-compose-wait,2025-02-22,0,0.0,Yes
agg,2025-02-22,0,0.0,Yes
apkeep,2025-02-22,0,0.0,Yes
mjai-reviewer,2025-02-22,0,0.0,Yes
minesweeper-rs,2025-02-21,0,0.0,Yes
mockito,2025-02-21,0,0.0,Yes
dhat-rs,2025-02-20,0,0.0,Yes
windows-service-rs,2025-02-19,0,0.0,Yes
killport,2025-02-19,0,0.0,Yes
rutie,2025-02-18,0,0.0,Yes
pdf,2025-02-18,0,0.0,Yes
gba,2025-02-17,0,0.0,Yes
libreddit,2025-02-15,0,0.0,Yes
pyrometer,2025-02-14,0,0.0,Yes
noise-rs,2025-02-14,0,0.0,Yes
geph4-client,2025-02-13,0,0.0,Yes
raqote,2025-02-11,0,0.0,Yes
ula,2025-02-10,0,0.0,Yes
spotify-adblock,2025-02-10,0,0.0,Yes
color-backtrace,2025-02-09,0,0.0,Yes
MusicGPT,2025-02-09,0,0.0,Yes
scriptisto,2025-02-08,0,0.0,Yes
nom,2025-02-08,0,0.0,Yes
whitebox-tools,2025-02-07,0,0.0,Yes
plonk,2025-02-06,0,0.0,Yes
zee,2025-02-06,0,0.0,Yes
ezno,2025-02-06,0,0.0,Yes
msgpack-rust,2025-02-05,0,0.0,Yes
similar,2025-02-05,0,0.0,Yes
imgui-rs,2025-02-05,0,0.0,Yes
sapling,2025-02-04,0,0.0,Yes
dotenvy,2025-02-04,0,0.0,Yes
casbin-rs,2025-02-04,0,0.0,Yes
rosrust,2025-02-03,0,0.0,Yes
salva,2025-02-02,0,0.0,Yes
rustpad,2025-02-02,0,0.0,Yes
Krakatau,2025-02-01,0,0.0,Yes
korvus,2025-01-31,0,0.0,Yes
sn0int,2025-01-31,0,0.0,Yes
lazy-static.rs,2025-01-29,0,0.0,Yes
ttyper,2025-01-28,0,0.0,Yes
combine,2025-01-28,0,0.0,Yes
cve-rs,2025-01-28,0,0.0,Yes
tremor-runtime,2025-01-27,0,0.0,Yes
sauron,2025-01-27,0,0.0,Yes
svgbob,2025-01-27,0,0.0,Yes
bevy_prototype_lyon,2025-01-26,0,0.0,Yes
sniffglue,2025-01-24,0,0.0,Yes
glicol,2025-01-23,0,0.0,Yes
libpnet,2025-01-23,0,0.0,Yes
lv_binding_rust,2025-01-22,0,0.0,Yes
systemfd,2025-01-22,0,0.0,Yes
aici,2025-01-22,0,0.0,Yes
solana,2025-01-22,0,0.0,Yes
binocle,2025-01-21,0,0.0,Yes
imageproc,2025-01-19,0,0.0,Yes
garde,2025-01-19,0,0.0,Yes
dum,2025-01-19,0,0.0,Yes
xiu,2025-01-19,0,0.0,Yes
qmetaobject-rs,2025-01-18,0,0.0,Yes
Loungy,2025-01-16,0,0.0,Yes
csview,2025-01-14,0,0.0,Yes
directories-rs,2025-01-12,0,0.0,Yes
dirs-rs,2025-01-12,0,0.0,Yes
rust,2025-01-12,0,0.0,Yes
ouroboros,2025-01-11,0,0.0,Yes
seed,2025-01-11,0,0.0,Yes
mdcat,2025-01-10,0,0.0,Yes
matano,2025-01-08,0,0.0,Yes
cryo,2025-01-08,0,0.0,Yes
chidori,2025-01-08,0,0.0,Yes
emacs-lsp-booster,2025-01-07,0,0.0,Yes
Ambient,2025-01-07,0,0.0,Yes
lsp-ai,2025-01-07,0,0.0,Yes
bloom,2025-01-06,0,0.0,Yes
vigil,2025-01-06,0,0.0,Yes
sonic,2025-01-06,0,0.0,Yes
MozWire,2025-01-04,0,0.0,Yes
inquire,2025-01-04,0,0.0,Yes
rwf,2025-01-02,0,0.0,Yes
design-patterns-rust,2025-01-01,0,0.0,Yes
rustgym,2024-12-31,0,0.0,Yes
walkdir,2024-12-31,0,0.0,Yes
zmq.rs,2024-12-30,0,0.0,Yes
code-minimap,2024-12-28,0,0.0,Yes
cacao,2024-12-28,0,0.0,Yes
diskus,2024-12-27,0,0.0,Yes
naia,2024-12-27,0,0.0,Yes
xshell,2024-12-23,0,0.0,Yes
viddy,2024-12-23,0,0.0,Yes
rssbot,2024-12-22,0,0.0,Yes
pomsky,2024-12-22,0,0.0,Yes
extractous,2024-12-21,0,0.0,Yes
cwe_checker,2024-12-17,0,0.0,Yes
flowistry,2024-12-17,0,0.0,Yes
webrender,2024-12-16,0,0.0,Yes
fern,2024-12-15,0,0.0,Yes
voyager,2024-12-14,0,0.0,Yes
lantern,2024-12-12,0,0.0,Yes
advent-of-code-rust,2024-12-11,0,0.0,Yes
virtual-display-rs,2024-12-11,0,0.0,Yes
systeroid,2024-12-11,0,0.0,Yes
piet,2024-12-09,0,0.0,Yes
async-stream,2024-12-08,0,0.0,Yes
menyoki,2024-12-08,0,0.0,Yes
szyszka,2024-12-07,0,0.0,Yes
cgmath,2024-12-07,0,0.0,Yes
gluon,2024-12-06,0,0.0,Yes
yourcontrols,2024-12-04,0,0.0,Yes
cozo,2024-12-04,0,0.0,Yes
bloop,2024-12-04,0,0.0,Yes
grex,2024-12-04,0,0.0,Yes
Xline,2024-12-03,0,0.0,Yes
dotter,2024-12-03,0,0.0,Yes
pua-lang,2024-12-02,0,0.0,Yes
display-switch,2024-12-01,0,0.0,Yes
narrowlink,2024-11-30,0,0.0,Yes
maplibre-rs,2024-11-29,0,0.0,Yes
rip,2024-11-26,0,0.0,Yes
cacache-rs,2024-11-26,0,0.0,Yes
melody,2024-11-24,0,0.0,Yes
ratchet,2024-11-23,0,0.0,Yes
book-cn,2024-11-22,0,0.0,Yes
ngrrram,2024-11-22,0,0.0,Yes
pb-jelly,2024-11-21,0,0.0,Yes
rust-cpp,2024-11-20,0,0.0,Yes
fundsp,2024-11-18,0,0.0,Yes
tuigreet,2024-11-12,0,0.0,Yes
orogene,2024-11-11,0,0.0,Yes
kerla,2024-11-11,0,0.0,Yes
typst-lsp,2024-11-05,0,0.0,Yes
podlet,2024-11-05,0,0.0,Yes
filprofiler,2024-11-04,0,0.0,Yes
PyOxidizer,2024-11-03,0,0.0,Yes
age-plugin-yubikey,2024-11-02,0,0.0,Yes
microbin,2024-11-02,0,0.0,Yes
metaplex-program-library,2024-11-01,0,0.0,Yes
KeyEcho,2024-10-31,0,0.0,Yes
llm-chain,2024-10-31,0,0.0,Yes
nox,2024-10-29,0,0.0,Yes
cargo-call-stack,2024-10-28,0,0.0,Yes
borgo,2024-10-27,0,0.0,Yes
cherrybomb,2024-10-25,0,0.0,Yes
cr-sqlite,2024-10-25,0,0.0,Yes
druid,2024-10-25,0,0.0,Yes
chromiumoxide,2024-10-24,0,0.0,Yes
hackernews-TUI,2024-10-22,0,0.0,Yes
autometrics-rs,2024-10-21,0,0.0,Yes
huff-rs,2024-10-20,0,0.0,Yes
viu,2024-10-20,0,0.0,Yes
Damn_Vulnerable_C_Program,2024-10-19,0,0.0,Yes
fang,2024-10-18,0,0.0,Yes
arrayvec,2024-10-17,0,0.0,Yes
envio,2024-10-16,0,0.0,Yes
celeste,2024-10-14,0,0.0,Yes
jmap-server,2024-10-08,0,0.0,Yes
node-bindgen,2024-10-08,0,0.0,Yes
book,2024-10-07,0,0.0,Yes
paste,2024-10-06,0,0.0,Yes
cargo-watch,2024-10-02,0,0.0,Yes
diamond-types,2024-10-01,0,0.0,Yes
choose,2024-10-01,0,0.0,Yes
rust-ffmpeg,2024-09-29,0,0.0,Yes
percy,2024-09-29,0,0.0,Yes
synth,2024-09-27,0,0.0,Yes
vtracer,2024-09-27,0,0.0,Yes
pacquet,2024-09-26,0,0.0,Yes
silicon,2024-09-26,0,0.0,Yes
fst,2024-09-25,0,0.0,Yes
aho-corasick,2024-09-25,0,0.0,Yes
byteorder,2024-09-25,0,0.0,Yes
exa,2024-09-24,0,0.0,Yes
ethers-rs,2024-09-23,0,0.0,Yes
Theseus,2024-09-22,0,0.0,Yes
ajour,2024-09-17,0,0.0,Yes
nurl,2024-09-16,0,0.0,Yes
napkin-math,2024-09-15,0,0.0,Yes
Figment,2024-09-13,0,0.0,Yes
rust-gpu,2024-09-11,0,0.0,Yes
lodestone,2024-09-09,0,0.0,Yes
gdnative,2024-09-09,0,0.0,Yes
comfy,2024-09-08,0,0.0,Yes
com-rs,2024-09-07,0,0.0,Yes
dune,2024-09-07,0,0.0,Yes
rust-s3,2024-09-06,0,0.0,Yes
river,2024-09-06,0,0.0,Yes
ripdrag,2024-09-02,0,0.0,Yes
zero-to-production,2024-09-01,0,0.0,Yes
shellharden,2024-09-01,0,0.0,Yes
developer-relations,2024-08-28,0,0.0,Yes
dnspeep,2024-08-27,0,0.0,Yes
plrust,2024-08-26,0,0.0,Yes
prsqlite,2024-08-25,0,0.0,Yes
geopolars,2024-08-22,0,0.0,Yes
MIRAI,2024-08-22,0,0.0,Yes
crab,2024-08-19,0,0.0,Yes
magi,2024-08-14,0,0.0,Yes
rust-cpython,2024-08-14,0,0.0,Yes
biodiff,2024-08-07,0,0.0,Yes
pier,2024-08-07,0,0.0,Yes
pwninit,2024-08-04,0,0.0,Yes
rafx,2024-08-04,0,0.0,Yes
mini-redis,2024-08-03,0,0.0,Yes
color-eyre,2024-08-01,0,0.0,Yes
rust-esp32-std-demo,2024-08-01,0,0.0,Yes
cargo-mommy,2024-07-30,0,0.0,Yes
sway-applications,2024-07-30,0,0.0,Yes
too-many-lists,2024-07-30,0,0.0,Yes
magic-cli,2024-07-27,0,0.0,Yes
bonsaidb,2024-07-25,0,0.0,Yes
minitrace-rust,2024-07-23,0,0.0,Yes
gloo,2024-07-21,0,0.0,Yes
rustcat,2024-07-20,0,0.0,Yes
bellman,2024-07-15,0,0.0,Yes
clog-cli,2024-07-09,0,0.0,Yes
Leafish,2024-07-07,0,0.0,Yes
zkevm-circuits,2024-07-05,0,0.0,Yes
solo2,2024-07-04,0,0.0,Yes
OctaSine,2024-07-03,0,0.0,Yes
crunchy-cli,2024-07-01,0,0.0,Yes
thunder,2024-06-30,0,0.0,Yes
CADmium,2024-06-28,0,0.0,Yes
cxx2flow,2024-06-27,0,0.0,Yes
llm,2024-06-24,0,0.0,Yes
pdfrip,2024-06-18,0,0.0,Yes
paper-plane,2024-06-16,0,0.0,Yes
hoard,2024-06-13,0,0.0,Yes
envy,2024-06-07,0,0.0,Yes
Ebou,2024-06-07,0,0.0,Yes
specs,2024-06-07,0,0.0,Yes
june,2024-06-03,0,0.0,Yes
oatmeal,2024-06-01,0,0.0,Yes
jless,2024-06-01,0,0.0,Yes
teller,2024-05-19,0,0.0,Yes
wonnx,2024-05-18,0,0.0,Yes
zip-old,2024-05-10,0,0.0,Yes
cargo-bloat,2024-05-10,0,0.0,Yes
pipeless,2024-05-08,0,0.0,Yes
num,2024-05-08,0,0.0,Yes
rust-crdt,2024-05-06,0,0.0,Yes
huak,2024-05-04,0,0.0,Yes
move,2024-05-04,0,0.0,Yes
Replibyte,2024-05-04,0,0.0,Yes
rend3,2024-05-03,0,0.0,Yes
BetterNCM-Installer,2024-05-02,0,0.0,Yes
neolink,2024-05-01,0,0.0,Yes
rust-yew-realworld-example-app,2024-05-01,0,0.0,Yes
isahc,2024-04-30,0,0.0,Yes
noosphere,2024-04-22,0,0.0,Yes
relm,2024-04-19,0,0.0,Yes
fast_rsync,2024-04-18,0,0.0,Yes
mCaptcha,2024-04-17,0,0.0,Yes
agatedb,2024-04-16,0,0.0,Yes
dozer,2024-04-16,0,0.0,Yes
org-rs,2024-04-15,0,0.0,Yes
ZoKrates,2024-04-15,0,0.0,Yes
grpc-rust,2024-04-08,0,0.0,Yes
prusti-dev,2024-03-26,0,0.0,Yes
erdtree,2024-03-26,0,0.0,Yes
serde-yaml,2024-03-25,0,0.0,Yes
vpncloud,2024-03-21,0,0.0,Yes
submillisecond,2024-03-18,0,0.0,Yes
sqlsync,2024-03-11,0,0.0,Yes
notecalc3,2024-03-07,0,0.0,Yes
suckit,2024-03-05,0,0.0,Yes
ninja,2024-03-04,0,0.0,Yes
create-your-own-lang-with-rust,2024-02-28,0,0.0,Yes
toipe,2024-02-27,0,0.0,Yes
feather,2024-02-20,0,0.0,Yes
binserve,2024-02-18,0,0.0,Yes
Coerce-rs,2024-02-16,0,0.0,Yes
teip,2024-02-15,0,0.0,Yes
physx-rs,2024-02-12,0,0.0,Yes
scaphandre,2024-02-12,0,0.0,Yes
Rudra,2024-02-12,0,0.0,Yes
gdrive,2024-02-01,0,0.0,Yes
lemmeknow,2024-02-01,0,0.0,Yes
probe-run,2024-01-30,0,0.0,Yes
arrow2,2024-01-29,0,0.0,Yes
rust-sloth,2024-01-28,0,0.0,Yes
vue-compiler,2024-01-27,0,0.0,Yes
tectonicdb,2024-01-25,0,0.0,Yes
dfdx,2024-01-25,0,0.0,Yes
rjvm,2024-01-24,0,0.0,Yes
soroban-example-dapp,2024-01-24,0,0.0,Yes
aigc,2024-01-23,0,0.0,Yes
ordinals-collections,2024-01-21,0,0.0,Yes
macrokata,2024-01-19,0,0.0,Yes
plz-cli,2024-01-17,0,0.0,Yes
weggli,2024-01-16,0,0.0,Yes
rusty-celery,2024-01-09,0,0.0,Yes
SPWN-language,2024-01-06,0,0.0,Yes
test-case,2024-01-05,0,0.0,Yes
tower-lsp,2024-01-05,0,0.0,Yes
tide,2024-01-05,0,0.0,Yes
cornucopia,2024-01-03,0,0.0,Yes
dim,2023-12-29,0,0.0,Yes
rust-raspberrypi-OS-tutorials,2023-12-14,0,0.0,Yes
seam,2023-11-30,0,0.0,Yes
llama2.rs,2023-11-29,0,0.0,Yes
termchat,2023-11-27,0,0.0,Yes
Kindelia,2023-11-25,0,0.0,Yes
rustfix,2023-11-22,0,0.0,Yes
stc,2023-11-17,0,0.0,Yes
zksync,2023-11-08,0,0.0,Yes
sbtc-developer-release,2023-11-07,0,0.0,Yes
teaching-material,2023-10-30,0,0.0,Yes
jsonrpc,2023-10-26,0,0.0,Yes
naga,2023-10-26,0,0.0,Yes
indy-sdk,2023-10-24,0,0.0,Yes
pico-args,2023-10-19,0,0.0,Yes
orange,2023-10-15,0,0.0,Yes
bazuka,2023-10-12,0,0.0,Yes
Toshi,2023-10-12,0,0.0,Yes
catfs,2023-10-09,0,0.0,Yes
laminar,2023-10-07,0,0.0,Yes
rinha-de-compiler,2023-10-04,0,0.0,Yes
artemis,2023-10-04,0,0.0,Yes
workflows,2023-10-02,0,0.0,Yes
krustlet,2023-10-02,0,0.0,Yes
rvemu,2023-10-01,0,0.0,Yes
mycelite,2023-09-25,0,0.0,Yes
distant,2023-09-16,0,0.0,Yes
bus,2023-09-09,0,0.0,Yes
left-right,2023-09-09,0,0.0,Yes
tools,2023-08-29,0,0.0,Yes
cumulus,2023-08-25,0,0.0,Yes
substrate,2023-08-25,0,0.0,Yes
polkadot,2023-08-25,0,0.0,Yes
rCore,2023-08-24,0,0.0,Yes
drill,2023-08-21,0,0.0,Yes
tunshell,2023-08-15,0,0.0,Yes
ed25519-dalek,2023-08-12,0,0.0,Yes
rusty-sando,2023-08-08,0,0.0,Yes
pb,2023-08-08,0,0.0,Yes
multi-party-ecdsa,2023-08-07,0,0.0,Yes
tui-rs,2023-08-06,0,0.0,Yes
firefly,2023-08-04,0,0.0,Yes
wrangler-legacy,2023-08-03,0,0.0,Yes
packed_simd,2023-07-30,0,0.0,Yes
Good-MITM,2023-07-21,0,0.0,Yes
llama-node,2023-07-10,0,0.0,Yes
zine,2023-07-04,0,0.0,Yes
rx,2023-07-02,0,0.0,Yes
stork,2023-07-01,0,0.0,Yes
stronghold.rs,2023-06-29,0,0.0,Yes
zsh-yarn-autocompletions,2023-06-29,0,0.0,Yes
csml-engine,2023-06-28,0,0.0,Yes
auto-commit,2023-06-26,0,0.0,Yes
awesome-alternatives-in-rust,2023-06-25,0,0.0,Yes
diem,2023-06-20,0,0.0,Yes
nanoid,2023-06-17,0,0.0,Yes
bupstash,2023-06-09,0,0.0,Yes
zemeroth,2023-06-09,0,0.0,Yes
runebender,2023-06-06,0,0.0,Yes
cargo-cache,2023-06-04,0,0.0,Yes
synapse,2023-06-01,0,0.0,Yes
generational-arena,2023-05-22,0,0.0,Yes
OffensiveNotion,2023-05-21,0,0.0,Yes
tiny-http,2023-05-16,0,0.0,Yes
magicpak,2023-05-11,0,0.0,Yes
rustle,2023-05-11,0,0.0,Yes
wasmer-python,2023-05-01,0,0.0,Yes
quaint,2023-04-25,0,0.0,Yes
dura,2023-04-24,0,0.0,Yes
rust-semverver,2023-04-17,0,0.0,Yes
ClojureRS,2023-04-16,0,0.0,Yes
htmlq,2023-04-15,0,0.0,Yes
rust-rosetta,2023-04-14,0,0.0,Yes
fleet,2023-04-13,0,0.0,Yes
bitvec,2023-04-12,0,0.0,Yes
chiselstrike,2023-04-10,0,0.0,Yes
universal-android-debloater,2023-04-10,0,0.0,Yes
Project-Lightspeed,2023-04-03,0,0.0,Yes
eureka,2023-04-01,0,0.0,Yes
exonum,2023-03-22,0,0.0,Yes
tmux-thumbs,2023-03-21,0,0.0,Yes
mvsqlite,2023-03-17,0,0.0,Yes
vst-rs,2023-03-13,0,0.0,Yes
arrayfire-rust,2023-02-26,0,0.0,Yes
aliyundrive-fuse,2023-02-18,0,0.0,Yes
MirrorX,2023-02-18,0,0.0,Yes
percival,2023-02-16,0,0.0,Yes
nsh,2023-02-11,0,0.0,Yes
bingrep,2023-02-06,0,0.0,Yes
os_kernel_lab,2023-01-27,0,0.0,Yes
gobang,2023-01-25,0,0.0,Yes
privaxy,2023-01-25,0,0.0,Yes
arpchat,2023-01-24,0,0.0,Yes
texture-synthesis,2023-01-22,0,0.0,Yes
luminance-rs,2023-01-21,0,0.0,Yes
bracket-lib,2023-01-10,0,0.0,Yes
forma,2023-01-04,0,0.0,Yes
stevenarella,2023-01-01,0,0.0,Yes
redbpf,2022-12-08,0,0.0,Yes
ppfuzz,2022-12-01,0,0.0,Yes
akula,2022-11-30,0,0.0,Yes
rnix-lsp,2022-11-27,0,0.0,Yes
zCore,2022-11-22,0,0.0,Yes
sudo_pair,2022-11-18,0,0.0,Yes
undermoon,2022-11-05,0,0.0,Yes
rust-ipfs,2022-10-22,0,0.0,Yes
orbtk,2022-10-13,0,0.0,Yes
topgrade,2022-10-12,0,0.0,Yes
bayard,2022-10-11,0,0.0,Yes
mainframer,2022-10-11,0,0.0,Yes
pcap2socks,2022-10-08,0,0.0,Yes
moonwalk,2022-10-08,0,0.0,Yes
unreal-rust,2022-10-02,0,0.0,Yes
tunnelto,2022-09-24,0,0.0,Yes
toml-rs,2022-09-23,0,0.0,Yes
savage,2022-09-08,0,0.0,Yes
rezolus,2022-09-06,0,0.0,Yes
sodiumoxide,2022-09-03,0,0.0,Yes
chiselstore,2022-09-02,0,0.0,Yes
rls,2022-08-29,0,0.0,Yes
rdedup,2022-08-25,0,0.0,Yes
fcp,2022-08-23,0,0.0,Yes
mev-bundle-generator,2022-08-11,0,0.0,Yes
zaplib,2022-08-07,0,0.0,Yes
cargo-mobile,2022-08-04,0,0.0,Yes
mutagen,2022-07-29,0,0.0,Yes
catproc,2022-07-27,0,0.0,Yes
blueboat,2022-07-26,0,0.0,Yes
tre,2022-07-13,0,0.0,Yes
rust_sqlite,2022-07-12,0,0.0,Yes
volt,2022-07-11,0,0.0,Yes
xcnotary,2022-07-10,0,0.0,Yes
wsl-distrod,2022-07-07,0,0.0,Yes
ruduino,2022-06-29,0,0.0,Yes
rustrogueliketutorial,2022-06-17,0,0.0,Yes
xargo,2022-06-16,0,0.0,Yes
wagi,2022-06-15,0,0.0,Yes
vim-markdown-composer,2022-06-14,0,0.0,Yes
vagga,2022-06-14,0,0.0,Yes
delicate,2022-05-21,0,0.0,Yes
surf,2022-05-10,0,0.0,Yes
tensorbase,2022-05-10,0,0.0,Yes
mooneye-gb,2022-05-09,0,0.0,Yes
im-rs,2022-04-29,0,0.0,Yes
rusoto,2022-04-25,0,0.0,Yes
headcrab,2022-04-12,0,0.0,Yes
racer,2022-04-08,0,0.0,Yes
AppToolkit,2022-04-05,0,0.0,Yes
openethereum,2022-04-05,0,0.0,Yes
doctave,2022-04-02,0,0.0,Yes
rslint,2022-03-28,0,0.0,Yes
lucet,2022-03-23,0,0.0,Yes
realworld-axum-sqlx,2022-03-12,0,0.0,Yes
rust-sciter,2022-02-21,0,0.0,Yes
vgtk,2022-02-16,0,0.0,Yes
geektime-rust,2022-02-05,0,0.0,Yes
nlprule,2022-02-04,0,0.0,Yes
typed-html,2022-01-27,0,0.0,Yes
moxie,2022-01-26,0,0.0,Yes
datafrog,2022-01-20,0,0.0,Yes
conrod,2022-01-17,0,0.0,Yes
dijo,2022-01-15,0,0.0,Yes
oakc,2022-01-11,0,0.0,Yes
bastion,2022-01-07,0,0.0,Yes
relly,2021-12-08,0,0.0,Yes
amethyst,2021-12-06,0,0.0,Yes
WSL-Hello-sudo,2021-12-04,0,0.0,Yes
frum,2021-11-28,0,0.0,Yes
zz,2021-11-18,0,0.0,Yes
spotify-tui,2021-11-17,0,0.0,Yes
winapi-rs,2021-11-06,0,0.0,Yes
tab-rs,2021-10-26,0,0.0,Yes
hora,2021-10-23,0,0.0,Yes
legion,2021-10-03,0,0.0,Yes
zbox,2021-09-29,0,0.0,Yes
todo-or-die,2021-09-17,0,0.0,Yes
shiplift,2021-09-01,0,0.0,Yes
handlr,2021-08-28,0,0.0,Yes
kiro-editor,2021-08-27,0,0.0,Yes
wickdb,2021-08-21,0,0.0,Yes
puppy-browser,2021-08-09,0,0.0,Yes
nog,2021-08-05,0,0.0,Yes
gfx,2021-08-03,0,0.0,Yes
vega,2021-06-29,0,0.0,Yes
lorri,2021-06-11,0,0.0,Yes
kosmonaut,2021-06-04,0,0.0,Yes
wgpu-rs,2021-06-03,0,0.0,Yes
nat,2021-05-28,0,0.0,Yes
async-raft,2021-05-27,0,0.0,Yes
telegram-bot,2021-05-20,0,0.0,Yes
pikelet,2021-05-16,0,0.0,Yes
nft_ptr,2021-04-11,0,0.0,Yes
heim,2021-04-08,0,0.0,Yes
iai,2021-02-25,0,0.0,Yes
rendy,2021-01-29,0,0.0,Yes
riker,2021-01-09,0,0.0,Yes
neovim-gtk,2021-01-02,0,0.0,Yes
atm-cli,2020-12-07,0,0.0,Yes
citybound,2020-11-20,0,0.0,Yes
quicksilver,2020-10-17,0,0.0,Yes
rudr,2020-09-03,0,0.0,Yes
ytop,2020-08-29,0,0.0,Yes
flutter-rs,2020-08-13,0,0.0,Yes
fuse-rs,2020-07-29,0,0.0,Yes
dotenv,2020-06-26,0,0.0,Yes
rustybox,2020-05-31,0,0.0,Yes
coffee,2020-05-10,0,0.0,Yes
valora,2020-04-27,0,0.0,Yes
static-assertions,2020-02-11,0,0.0,Yes
rdbc,2020-01-19,0,0.0,Yes
ketos,2020-01-17,0,0.0,Yes
