Project,Repo URL,Created At,First CI Run Date,Time to First CI (months),Active Period (months),Total PRs,Total Issues,Contributors,Workflows Used,Workflow Runs (Success),Workflow Runs (Failure)
utkarshkukreti/select.rs,https://github.com/utkarshkukreti/utkarshkukreti/select.rs,2015-07-15T14:01:00Z,2025-03-15,116,121,31,48,18,Yes,8,0
rust-cli/confy,https://github.com/rust-cli/rust-cli/confy,2018-03-26T14:17:52Z,2024-08-22,77,89,71,51,32,Yes,155,2
rust-lang/portable-simd,https://github.com/rust-lang/rust-lang/portable-simd,2020-09-22T01:47:36Z,2024-08-07,46,59,273,202,72,Yes,129,23
aramperes/onetun,https://github.com/aramperes/aramperes/onetun,2021-10-10T21:51:49Z,2024-12-01,38,47,74,35,12,Yes,150,23
servo/ipc-channel,https://github.com/servo/servo/ipc-channel,2015-06-23T20:28:18Z,2024-07-14,109,122,288,122,72,Yes,188,40
mcginty/snow,https://github.com/mcginty/mcginty/snow,2016-10-16T12:09:30Z,2024-07-23,93,106,120,76,43,Yes,261,19
SamiPerttu/fundsp,https://github.com/SamiPerttu/SamiPerttu/fundsp,2020-11-15T18:52:09Z,2024-07-12,44,57,41,32,17,Yes,42,10
BurntSushi/bstr,https://github.com/BurntSushi/BurntSushi/bstr,2019-02-11T15:46:10Z,2024-07-15,65,78,105,98,38,Yes,365,86
erickt/rust-zmq,https://github.com/erickt/erickt/rust-zmq,2011-12-14T16:48:50Z,2024-12-12,156,164,257,166,60,Yes,6,7
lusingander/serie,https://github.com/lusingander/lusingander/serie,2024-07-28T07:22:08Z,2024-07-28,0,13,53,36,12,Yes,217,18
evenfurther/pathfinding,https://github.com/evenfurther/evenfurther/pathfinding,2016-12-27T18:53:12Z,2024-07-26,91,104,612,85,35,Yes,1017,144
tesselode/kira,https://github.com/tesselode/tesselode/kira,2020-07-27T05:35:03Z,2024-08-10,48,61,43,83,21,Yes,138,90
telegram-rs/telegram-bot,https://github.com/telegram-rs/telegram-rs/telegram-bot,2015-06-26T09:55:12Z,,,122,143,129,37,No,0,0
mattsse/chromiumoxide,https://github.com/mattsse/mattsse/chromiumoxide,2020-11-28T22:11:09Z,2024-07-23,44,57,142,123,37,Yes,22,17
microsoft/avml,https://github.com/microsoft/microsoft/avml,2019-06-06T23:01:51Z,2024-07-15,61,75,685,25,10,Yes,1267,92
orhun/rustypaste,https://github.com/orhun/orhun/rustypaste,2021-07-27T10:29:28Z,2024-07-17,36,49,371,77,27,Yes,1110,90
rust-cv/cv,https://github.com/rust-cv/rust-cv/cv,2020-04-04T17:46:04Z,2025-07-21,64,65,32,51,12,Yes,5,1
ogxd/gxhash,https://github.com/ogxd/ogxd/gxhash,2023-09-12T20:05:01Z,2024-07-29,11,23,68,51,12,Yes,178,103
oconnor663/duct.rs,https://github.com/oconnor663/oconnor663/duct.rs,2016-02-20T18:54:26Z,2024-08-01,101,114,27,94,14,Yes,31,9
suptejas/volt,https://github.com/suptejas/suptejas/volt,2021-05-10T15:39:26Z,,,52,50,15,17,No,0,0
sourcefrog/cargo-mutants,https://github.com/sourcefrog/sourcefrog/cargo-mutants,2021-09-08T15:56:21Z,2024-07-14,34,48,234,253,22,Yes,895,154
general-works/Glint,https://github.com/general-works/general-works/Glint,2025-05-18T14:32:37Z,2025-05-18,0,3,0,1,2,Yes,1,3
tqwewe/kameo,https://github.com/tqwewe/tqwewe/kameo,2024-03-29T14:57:41Z,2024-09-02,5,17,135,67,19,Yes,478,130
matthiaskrgr/cargo-cache,https://github.com/matthiaskrgr/matthiaskrgr/cargo-cache,2017-12-05T23:31:11Z,2024-07-15,79,93,17,128,8,Yes,0,410
aripiprazole/rinha-de-compiler,https://github.com/aripiprazole/aripiprazole/rinha-de-compiler,2023-09-06T16:08:00Z,,,24,279,17,193,No,0,0
gimli-rs/gimli,https://github.com/gimli-rs/gimli-rs/gimli,2016-06-15T00:39:04Z,2024-07-16,97,110,560,225,73,Yes,104,10
orhun/ratzilla,https://github.com/orhun/orhun/ratzilla,2025-01-01T23:56:29Z,2025-01-14,0,8,77,47,17,Yes,312,53
warycat/rustgym,https://github.com/warycat/warycat/rustgym,2019-06-26T04:14:32Z,2024-11-13,65,74,27,50,6,Yes,11,3
Nazariglez/notan,https://github.com/Nazariglez/Nazariglez/notan,2019-10-09T09:55:11Z,2024-07-14,57,71,225,131,32,Yes,451,10
lunatic-solutions/submillisecond,https://github.com/lunatic-solutions/lunatic-solutions/submillisecond,2022-05-04T13:20:43Z,,,40,84,43,10,No,0,0
heim-rs/heim,https://github.com/heim-rs/heim-rs/heim,2019-04-11T12:37:15Z,2024-07-15,63,77,134,240,18,Yes,366,45
dtolnay/trybuild,https://github.com/dtolnay/dtolnay/trybuild,2019-05-04T20:27:23Z,2024-07-15,62,76,169,143,26,Yes,502,14
Kobzol/cargo-wizard,https://github.com/Kobzol/Kobzol/cargo-wizard,2024-03-03T15:21:27Z,2025-04-25,14,18,14,13,2,Yes,5,0
Xuanwo/backon,https://github.com/Xuanwo/Xuanwo/backon,2022-04-12T11:48:23Z,2024-07-17,27,41,127,54,25,Yes,773,54
DNSCrypt/doh-server,https://github.com/DNSCrypt/DNSCrypt/doh-server,2018-02-05T23:29:47Z,2024-11-03,81,91,44,61,8,Yes,294,8
mmastrac/rust-ctor,https://github.com/mmastrac/mmastrac/rust-ctor,2018-12-06T03:50:42Z,2024-09-13,69,81,270,71,31,Yes,65,44
daboross/fern,https://github.com/daboross/daboross/fern,2014-12-16T01:43:47Z,2024-10-20,118,128,66,83,24,Yes,16,18
Lokathor/bytemuck,https://github.com/Lokathor/Lokathor/bytemuck,2019-09-20T00:43:50Z,2024-07-21,58,71,177,137,68,Yes,149,26
jetli/rust-yew-realworld-example-app,https://github.com/jetli/jetli/rust-yew-realworld-example-app,2019-11-04T03:57:57Z,,,70,24,27,6,No,0,0
magic-wormhole/magic-wormhole.rs,https://github.com/magic-wormhole/magic-wormhole/magic-wormhole.rs,2018-03-15T20:33:15Z,2024-07-14,76,89,173,145,33,Yes,683,184
smol-rs/async-channel,https://github.com/smol-rs/smol-rs/async-channel,2020-05-31T00:00:08Z,2024-07-21,50,63,61,49,24,Yes,77,18
hahwul/jwt-hack,https://github.com/hahwul/hahwul/jwt-hack,2020-07-02T16:17:09Z,2024-07-19,49,62,28,26,9,Yes,155,19
fast/fastrace,https://github.com/fast/fast/fastrace,2024-07-16T09:42:30Z,2024-07-16,0,13,87,44,36,Yes,376,131
Gankra/cargo-mommy,https://github.com/Gankra/Gankra/cargo-mommy,2022-12-19T06:50:20Z,2024-07-15,19,32,56,36,17,Yes,56,72
nnethercote/dhat-rs,https://github.com/nnethercote/nnethercote/dhat-rs,2020-12-07T01:09:42Z,2025-02-20,50,57,15,28,8,Yes,0,1
dtolnay/miniserde,https://github.com/dtolnay/dtolnay/miniserde,2018-09-13T15:58:47Z,2024-07-15,70,83,38,23,7,Yes,433,15
awesome-rust-com/awesome-rust,https://github.com/awesome-rust-com/awesome-rust-com/awesome-rust,2019-08-29T07:24:51Z,2024-07-17,59,72,54,8,52,Yes,34,0
djc/bb8,https://github.com/djc/djc/bb8,2018-01-29T21:38:04Z,2024-07-19,78,91,160,99,45,Yes,193,48
8051Enthusiast/biodiff,https://github.com/8051Enthusiast/8051Enthusiast/biodiff,2021-05-23T06:37:49Z,2024-08-06,38,51,3,19,4,Yes,6,2
awslabs/flowgger,https://github.com/awslabs/awslabs/flowgger,2015-08-09T17:08:53Z,2025-06-16,118,121,47,40,17,Yes,5,1
rust-num/num-traits,https://github.com/rust-num/rust-num/num-traits,2017-12-19T01:37:18Z,2024-07-21,79,92,175,186,131,Yes,46,28
rust-lang/rustfix,https://github.com/rust-lang/rust-lang/rustfix,2016-07-07T09:24:03Z,,,110,108,102,35,No,0,0
dtolnay/proc-macro2,https://github.com/dtolnay/dtolnay/proc-macro2,2017-05-20T02:35:07Z,2024-07-15,86,99,295,222,31,Yes,552,43
image-rs/imageproc,https://github.com/image-rs/image-rs/imageproc,2015-09-27T18:11:32Z,2024-07-15,106,119,468,255,80,Yes,683,52
linebender/kurbo,https://github.com/linebender/linebender/kurbo,2018-12-27T17:17:06Z,2024-07-22,67,80,381,110,49,Yes,456,57
aevyrie/bevy_mod_picking,https://github.com/aevyrie/aevyrie/bevy_mod_picking,2020-08-31T03:39:05Z,2024-07-14,46,60,186,160,54,Yes,4,23
pacak/cargo-show-asm,https://github.com/pacak/pacak/cargo-show-asm,2022-03-04T02:12:53Z,2024-07-22,29,42,293,110,28,Yes,234,67
pendulum-project/ntpd-rs,https://github.com/pendulum-project/pendulum-project/ntpd-rs,2022-03-04T19:15:34Z,2024-07-15,28,42,1656,280,34,Yes,2466,379
messense/jieba-rs,https://github.com/messense/messense/jieba-rs,2018-05-06T09:41:22Z,2024-12-25,80,88,79,50,19,Yes,108,8
bitcoindevkit/bdk,https://github.com/bitcoindevkit/bitcoindevkit/bdk,2020-01-22T21:16:35Z,2024-07-15,54,67,1173,625,89,Yes,4543,767
rust-lang/datafrog,https://github.com/rust-lang/rust-lang/datafrog,2018-05-16T13:37:32Z,2024-11-05,78,87,42,12,13,Yes,2,0
kriomant/ch57x-keyboard-tool,https://github.com/kriomant/kriomant/ch57x-keyboard-tool,2023-01-16T20:18:30Z,2024-08-25,19,31,18,111,12,Yes,5,0
rust-av/rust-av,https://github.com/rust-av/rust-av/rust-av,2016-01-30T22:32:47Z,2024-09-14,103,115,118,78,23,Yes,65,4
bluss/arrayvec,https://github.com/bluss/bluss/arrayvec,2015-05-19T15:08:23Z,2024-07-30,110,123,191,103,44,Yes,37,18
rust-osdev/bootimage,https://github.com/rust-osdev/rust-osdev/bootimage,2018-01-19T14:25:27Z,2024-07-15,78,91,42,57,15,Yes,69,346
Leafwing-Studios/leafwing-input-manager,https://github.com/Leafwing-Studios/Leafwing-Studios/leafwing-input-manager,2021-12-24T17:19:41Z,2024-07-15,31,44,398,295,67,Yes,310,113
tokio-rs/slab,https://github.com/tokio-rs/tokio-rs/slab,2015-06-08T21:13:52Z,2024-07-21,109,123,116,40,38,Yes,70,15
autometrics-dev/autometrics-rs,https://github.com/autometrics-dev/autometrics-dev/autometrics-rs,2023-01-12T10:58:47Z,2024-07-19,18,31,126,59,16,Yes,12,9
bbqsrc/cargo-ndk,https://github.com/bbqsrc/bbqsrc/cargo-ndk,2018-04-14T13:34:46Z,2024-08-17,76,88,51,112,22,Yes,61,47
RoaringBitmap/roaring-rs,https://github.com/RoaringBitmap/RoaringBitmap/roaring-rs,2014-12-27T05:50:48Z,2024-08-05,115,128,235,104,45,Yes,60,93
sciter-sdk/rust-sciter,https://github.com/sciter-sdk/sciter-sdk/rust-sciter,2016-03-07T08:02:47Z,,,114,45,104,19,No,0,0
actix/actix-extras,https://github.com/actix/actix/actix-extras,2020-01-29T10:11:59Z,2024-07-15,54,67,411,145,304,Yes,610,121
dirs-dev/directories-rs,https://github.com/dirs-dev/dirs-dev/directories-rs,2017-12-18T06:32:24Z,2025-01-12,85,92,37,54,16,Yes,1,0
riquito/tuc,https://github.com/riquito/riquito/tuc,2020-05-30T08:13:49Z,2024-08-01,50,63,189,17,8,Yes,115,12
zcash/halo2,https://github.com/zcash/zcash/halo2,2020-08-24T19:19:43Z,2024-12-13,52,60,507,335,40,Yes,81,57
lichess-org/fishnet,https://github.com/lichess-org/lichess-org/fishnet,2016-03-10T17:26:19Z,2024-07-18,100,114,73,173,39,Yes,27,3
rust-fuzz/arbitrary,https://github.com/rust-fuzz/rust-fuzz/arbitrary,2017-05-08T05:51:27Z,2024-08-04,87,100,143,85,59,Yes,56,12
paritytech/jsonrpc,https://github.com/paritytech/paritytech/jsonrpc,2016-11-21T15:32:15Z,,,105,447,242,76,No,0,0
jonhoo/bus,https://github.com/jonhoo/jonhoo/bus,2016-06-01T00:38:04Z,2024-07-15,97,111,18,22,14,Yes,410,0
lucaspoffo/renet,https://github.com/lucaspoffo/lucaspoffo/renet,2020-08-07T16:04:02Z,2024-07-10,47,61,115,63,26,Yes,41,51
1Password/arboard,https://github.com/1Password/1Password/arboard,2020-07-04T10:15:12Z,2024-08-02,49,62,138,65,60,Yes,80,17
ivmarkov/rust-esp32-std-demo,https://github.com/ivmarkov/ivmarkov/rust-esp32-std-demo,2020-11-15T19:28:28Z,2024-07-15,44,57,33,128,20,Yes,1,19
not-fl3/nanoserde,https://github.com/not-fl3/not-fl3/nanoserde,2020-06-20T18:21:22Z,2024-07-25,49,62,92,50,32,Yes,65,19
robmikh/minesweeper-rs,https://github.com/robmikh/robmikh/minesweeper-rs,2020-04-26T22:51:12Z,2025-02-05,57,64,45,16,10,Yes,4,0
kyoheiu/felix,https://github.com/kyoheiu/kyoheiu/felix,2021-09-13T07:20:05Z,2024-09-28,36,47,149,155,19,Yes,64,0
Trouv/bevy_ecs_ldtk,https://github.com/Trouv/Trouv/bevy_ecs_ldtk,2021-11-10T23:37:20Z,2024-07-18,32,46,176,172,28,Yes,62,5
tower-rs/tower-http,https://github.com/tower-rs/tower-rs/tower-http,2018-01-22T21:30:55Z,2024-07-22,78,91,369,205,83,Yes,96,42
smartcorelib/smartcore,https://github.com/smartcorelib/smartcorelib/smartcore,2019-05-08T05:14:51Z,2024-08-05,63,76,182,128,30,Yes,334,141
dyc3/steamguard-cli,https://github.com/dyc3/dyc3/steamguard-cli,2016-08-22T15:00:36Z,2024-07-16,95,108,211,180,20,Yes,235,40
nashaofu/xcap,https://github.com/nashaofu/nashaofu/xcap,2022-03-07T13:43:12Z,2024-08-11,29,42,122,112,29,Yes,112,50
dfrg/swash,https://github.com/dfrg/dfrg/swash,2021-04-29T14:29:51Z,2024-09-08,40,52,62,46,16,Yes,73,2
akula-bft/akula,https://github.com/akula-bft/akula-bft/akula,2021-01-05T22:56:47Z,,,56,284,0,20,No,0,0
microsoft/Spartan,https://github.com/microsoft/microsoft/Spartan,2019-12-16T22:03:06Z,2024-09-19,57,68,50,38,16,Yes,12,13
SergioBenitez/Figment,https://github.com/SergioBenitez/SergioBenitez/Figment,2020-10-10T10:58:01Z,2024-07-22,45,59,33,95,14,Yes,10,1
talwat/lowfi,https://github.com/talwat/talwat/lowfi,2024-09-23T19:58:50Z,2024-10-01,0,11,31,60,13,Yes,22,12
tauri-apps/window-vibrancy,https://github.com/tauri-apps/tauri-apps/window-vibrancy,2021-11-30T17:19:44Z,2024-07-15,31,45,110,74,17,Yes,644,150
ibraheemdev/papaya,https://github.com/ibraheemdev/ibraheemdev/papaya,2023-11-20T05:59:21Z,2024-07-19,8,21,44,36,7,Yes,386,66
fspoettel/advent-of-code-rust,https://github.com/fspoettel/fspoettel/advent-of-code-rust,2021-12-29T14:03:42Z,2024-09-18,33,44,47,34,15,Yes,12,0
meilisearch/heed,https://github.com/meilisearch/meilisearch/heed,2019-10-04T16:25:17Z,2024-08-11,58,71,222,116,28,Yes,136,179
rust-embedded/svd2rust,https://github.com/rust-embedded/rust-embedded/svd2rust,2016-10-09T02:47:52Z,2024-07-23,93,107,635,305,98,Yes,542,75
ccxt/binance-rs,https://github.com/ccxt/ccxt/binance-rs,2017-10-26T17:47:52Z,2024-06-22,80,94,184,78,71,Yes,22,43
dtolnay/erased-serde,https://github.com/dtolnay/dtolnay/erased-serde,2016-08-21T19:18:01Z,2024-07-15,95,108,63,50,6,Yes,420,5
robiot/rustcat,https://github.com/robiot/robiot/rustcat,2021-06-04T17:03:47Z,,,51,36,32,17,No,0,0
fu5ha/ultraviolet,https://github.com/fu5ha/fu5ha/ultraviolet,2019-10-20T09:58:39Z,2025-04-26,66,70,88,85,41,Yes,7,4
microsoft/Nova,https://github.com/microsoft/microsoft/Nova,2021-07-22T17:39:31Z,2024-08-19,37,49,348,58,44,Yes,281,42
jonasbb/serde_with,https://github.com/jonasbb/jonasbb/serde_with,2017-08-17T22:20:21Z,2024-07-14,83,96,635,181,53,Yes,909,73
alloy-rs/alloy,https://github.com/alloy-rs/alloy-rs/alloy,2023-04-17T23:31:47Z,2024-07-14,15,28,2123,678,223,Yes,5547,909
Nilirad/bevy_prototype_lyon,https://github.com/Nilirad/Nilirad/bevy_prototype_lyon,2020-09-07T17:19:02Z,2024-07-14,46,60,187,97,25,Yes,103,60
RustCrypto/AEADs,https://github.com/RustCrypto/RustCrypto/AEADs,2019-08-16T19:26:22Z,2024-07-15,59,72,582,123,45,Yes,3811,405
linebender/runebender,https://github.com/linebender/linebender/runebender,2019-05-22T15:15:02Z,,,75,191,80,12,No,0,0
matklad/xshell,https://github.com/matklad/matklad/xshell,2020-10-15T22:52:14Z,2024-07-15,45,58,54,47,14,Yes,18,27
hyperium/h3,https://github.com/hyperium/hyperium/h3,2020-06-12T18:24:22Z,2024-07-25,49,62,215,93,42,Yes,123,77
rust-analyzer/rowan,https://github.com/rust-analyzer/rust-analyzer/rowan,2018-10-02T13:48:24Z,2024-08-16,70,83,142,59,36,Yes,39,9
paritytech/jsonrpsee,https://github.com/paritytech/paritytech/jsonrpsee,2019-09-02T12:36:28Z,2024-07-10,58,72,1041,535,90,Yes,1264,141
gimli-rs/object,https://github.com/gimli-rs/gimli-rs/object,2016-08-19T20:41:55Z,2024-07-18,95,108,587,210,108,Yes,188,35
RustCrypto/password-hashes,https://github.com/RustCrypto/RustCrypto/password-hashes,2017-08-16T08:31:50Z,2024-07-15,83,96,513,111,54,Yes,3130,281
rust-secure-code/cargo-auditable,https://github.com/rust-secure-code/rust-secure-code/cargo-auditable,2019-01-12T19:14:19Z,2024-07-23,66,79,114,105,15,Yes,505,49
mattsse/voyager,https://github.com/mattsse/mattsse/voyager,2020-12-22T10:26:48Z,2024-12-13,48,56,9,10,6,Yes,0,2
boinkor-net/governor,https://github.com/boinkor-net/boinkor-net/governor,2019-11-15T03:25:24Z,2024-07-19,56,69,214,65,25,Yes,875,58
jam1garner/binrw,https://github.com/jam1garner/jam1garner/binrw,2020-10-31T19:19:07Z,2024-10-13,47,58,112,173,29,Yes,35,14
twilight-rs/twilight,https://github.com/twilight-rs/twilight-rs/twilight,2019-09-01T18:59:16Z,2024-07-14,58,72,1839,581,97,Yes,761,604
rhysd/kiro-editor,https://github.com/rhysd/rhysd/kiro-editor,2019-08-25T14:59:44Z,,,72,8,10,7,No,0,0
mlange-42/git-graph,https://github.com/mlange-42/mlange-42/git-graph,2020-12-07T22:40:35Z,2025-01-19,49,57,49,54,9,Yes,23,12
veeso/tui-realm,https://github.com/veeso/veeso/tui-realm,2021-04-07T15:42:01Z,2024-10-12,42,53,52,60,14,Yes,376,50
tikv/minitrace-rust,https://github.com/tikv/tikv/minitrace-rust,2020-05-28T03:17:25Z,2024-07-16,50,63,156,78,24,Yes,19,13
dtolnay/reflect,https://github.com/dtolnay/dtolnay/reflect,2018-05-14T14:51:32Z,2024-07-15,74,87,11,28,4,Yes,413,12
lipanski/mockito,https://github.com/lipanski/lipanski/mockito,2016-01-10T22:18:04Z,2024-07-31,103,116,114,103,39,Yes,41,3
davidB/kubectl-view-allocations,https://github.com/davidB/davidB/kubectl-view-allocations,2019-09-08T17:25:00Z,2024-07-29,59,72,231,58,9,Yes,196,35
jprochazk/garde,https://github.com/jprochazk/jprochazk/garde,2023-03-25T01:17:12Z,2024-07-23,16,29,62,81,16,Yes,19,13
yassinebridi/serpl,https://github.com/yassinebridi/yassinebridi/serpl,2024-06-20T22:27:13Z,2024-07-16,1,14,15,28,6,Yes,13,9
servo/font-kit,https://github.com/servo/servo/font-kit,2018-06-14T19:04:42Z,2024-07-18,73,86,151,115,64,Yes,30,12
cmyr/cargo-instruments,https://github.com/cmyr/cmyr/cargo-instruments,2019-03-16T23:44:23Z,2025-02-10,71,77,63,52,22,Yes,44,3
bee-san/Ares,https://github.com/bee-san/bee-san/Ares,2021-08-18T08:20:30Z,2025-02-23,42,48,390,76,13,Yes,552,417
jeromefroe/lru-rs,https://github.com/jeromefroe/jeromefroe/lru-rs,2016-12-12T02:20:34Z,2024-07-13,91,105,159,58,61,Yes,31,10
dirs-dev/dirs-rs,https://github.com/dirs-dev/dirs-dev/dirs-rs,2018-05-01T20:39:46Z,2025-01-12,80,88,23,40,14,Yes,1,0
LukeMathWalker/wiremock-rs,https://github.com/LukeMathWalker/LukeMathWalker/wiremock-rs,2020-04-12T08:50:26Z,2024-07-15,51,65,103,71,43,Yes,365,109
dtolnay/dyn-clone,https://github.com/dtolnay/dtolnay/dyn-clone,2018-01-13T21:47:14Z,2024-07-15,78,91,18,17,3,Yes,437,10
owo-colors/owo-colors,https://github.com/owo-colors/owo-colors/owo-colors,2020-08-25T06:18:42Z,2024-09-04,48,60,96,53,24,Yes,378,23
avr-rust/ruduino,https://github.com/avr-rust/avr-rust/ruduino,2016-07-06T23:27:41Z,2024-07-15,96,110,16,35,6,No,0,0
taiki-e/cargo-hack,https://github.com/taiki-e/taiki-e/cargo-hack,2019-10-29T19:35:29Z,2024-07-15,57,70,170,113,17,Yes,873,53
ccbrown/iocraft,https://github.com/ccbrown/ccbrown/iocraft,2024-09-02T03:39:17Z,2024-09-17,0,12,75,50,6,Yes,298,23
orhun/halp,https://github.com/orhun/orhun/halp,2023-03-07T20:30:32Z,2024-07-18,16,30,338,17,8,Yes,561,471
chenxiaolong/avbroot,https://github.com/chenxiaolong/chenxiaolong/avbroot,2022-06-25T23:13:24Z,2024-07-14,25,38,314,164,7,Yes,619,14
dtolnay/indoc,https://github.com/dtolnay/dtolnay/indoc,2016-03-19T07:01:28Z,2024-07-15,100,113,32,33,8,Yes,421,11
sstadick/hck,https://github.com/sstadick/sstadick/hck,2021-06-24T13:48:14Z,2024-07-17,37,50,66,30,8,Yes,35,7
zip-rs/zip-old,https://github.com/zip-rs/zip-rs/zip-old,2014-09-07T11:54:21Z,,,132,231,183,75,No,0,0
statrs-dev/statrs,https://github.com/statrs-dev/statrs-dev/statrs,2016-03-11T06:38:50Z,2024-07-18,100,114,184,167,53,Yes,350,176
0x676e67/thunder,https://github.com/0x676e67/0x676e67/thunder,2023-04-14T06:07:21Z,,,28,107,51,5,No,0,0
dimforge/parry,https://github.com/dimforge/dimforge/parry,2020-12-17T17:06:08Z,2024-07-02,42,56,256,112,44,Yes,305,183
rust-windowing/gl-rs,https://github.com/rust-windowing/rust-windowing/gl-rs,2013-01-16T23:05:49Z,2025-08-08,151,151,404,151,77,Yes,6,3
dalek-cryptography/ed25519-dalek,https://github.com/dalek-cryptography/dalek-cryptography/ed25519-dalek,2016-12-08T21:49:17Z,,,105,184,142,40,No,0,0
oxidecomputer/progenitor,https://github.com/oxidecomputer/oxidecomputer/progenitor,2021-06-19T07:37:00Z,2024-07-15,37,50,1010,164,38,Yes,766,96
n0-computer/sendme,https://github.com/n0-computer/n0-computer/sendme,2023-12-12T08:20:28Z,2024-07-22,7,21,62,38,11,Yes,111,18
mdeloof/statig,https://github.com/mdeloof/mdeloof/statig,2021-08-19T20:51:31Z,2025-01-01,40,48,32,39,14,Yes,100,8
tokio-rs/async-stream,https://github.com/tokio-rs/tokio-rs/async-stream,2019-08-10T00:02:12Z,2024-07-21,59,73,76,40,18,Yes,31,40
gsquire/topngx,https://github.com/gsquire/gsquire/topngx,2020-06-08T19:59:51Z,2025-04-05,58,63,8,2,1,Yes,5,2
oxidecomputer/typify,https://github.com/oxidecomputer/oxidecomputer/typify,2021-09-24T07:41:25Z,2024-07-15,34,47,715,164,28,Yes,676,20
dtolnay/prettyplease,https://github.com/dtolnay/dtolnay/prettyplease,2022-01-06T00:12:03Z,2024-07-15,30,44,80,42,4,Yes,574,19
fitzgen/generational-arena,https://github.com/fitzgen/fitzgen/generational-arena,2018-08-21T05:15:32Z,,,84,34,22,17,No,0,0
Kobzol/cargo-pgo,https://github.com/Kobzol/Kobzol/cargo-pgo,2022-07-13T13:56:50Z,2024-07-22,24,37,38,35,8,Yes,31,35
yaa110/nomino,https://github.com/yaa110/yaa110/nomino,2020-04-17T03:23:39Z,2024-11-21,55,64,9,20,4,Yes,34,9
esp-rs/std-training,https://github.com/esp-rs/esp-rs/std-training,2022-01-26T19:12:51Z,2024-07-15,30,43,185,91,29,Yes,517,171
alexcrichton/tar-rs,https://github.com/alexcrichton/alexcrichton/tar-rs,2014-07-17T14:56:29Z,2024-08-07,121,133,210,198,81,Yes,270,23
makeecat/Peng,https://github.com/makeecat/makeecat/Peng,2024-07-07T19:52:02Z,2024-08-01,1,14,32,5,4,Yes,506,23
zhxie/pcap2socks,https://github.com/zhxie/zhxie/pcap2socks,2020-06-06T15:34:02Z,,,63,4,34,3,No,0,0
rsadsb/adsb_deku,https://github.com/rsadsb/rsadsb/adsb_deku,2021-01-20T00:00:46Z,2024-07-15,42,55,261,90,13,Yes,829,261
RustCrypto/block-ciphers,https://github.com/RustCrypto/RustCrypto/block-ciphers,2016-12-16T11:35:26Z,2024-07-15,91,104,381,109,52,Yes,3174,222
mbrubeck/agate,https://github.com/mbrubeck/mbrubeck/agate,2020-05-17T05:16:51Z,2024-07-14,50,63,305,69,24,Yes,1139,17
PistonDevelopers/glfw-rs,https://github.com/PistonDevelopers/PistonDevelopers/glfw-rs,2012-09-15T05:09:59Z,2025-06-05,153,155,414,177,106,Yes,1,1
smol-rs/polling,https://github.com/smol-rs/smol-rs/polling,2020-08-06T13:02:49Z,2024-07-21,47,61,170,79,33,Yes,144,52
dragostis/chili,https://github.com/dragostis/dragostis/chili,2024-08-27T18:12:53Z,2024-09-13,1,12,27,11,4,Yes,65,21
taiki-e/pin-project,https://github.com/taiki-e/taiki-e/pin-project,2019-01-08T14:42:10Z,2024-07-15,66,80,300,62,13,Yes,828,86
sudipghimire533/ytui-music,https://github.com/sudipghimire533/sudipghimire533/ytui-music,2021-08-22T13:09:02Z,2024-11-09,39,48,14,42,8,Yes,0,17
nushell/reedline,https://github.com/nushell/nushell/reedline,2021-02-28T09:42:07Z,2024-07-18,41,54,671,272,114,Yes,386,60
pubgrub-rs/pubgrub,https://github.com/pubgrub-rs/pubgrub-rs/pubgrub,2020-09-11T14:01:40Z,2024-07-15,46,59,266,86,18,Yes,909,51
dropbox/fast_rsync,https://github.com/dropbox/dropbox/fast_rsync,2020-02-28T22:18:28Z,2025-04-21,62,66,20,6,3,Yes,14,0
RustCrypto/elliptic-curves,https://github.com/RustCrypto/RustCrypto/elliptic-curves,2020-01-06T01:08:07Z,2024-07-15,54,68,1194,169,53,Yes,9437,855
purpleprotocol/mimalloc_rust,https://github.com/purpleprotocol/purpleprotocol/mimalloc_rust,2019-06-24T12:22:49Z,2024-07-15,61,74,65,79,26,Yes,285,160
zkat/cacache-rs,https://github.com/zkat/zkat/cacache-rs,2019-05-21T00:35:02Z,2024-11-26,66,75,47,43,18,Yes,4,0
dtolnay/ryu,https://github.com/dtolnay/dtolnay/ryu,2018-07-29T00:58:48Z,2024-07-15,72,85,34,23,8,Yes,426,3
valpackett/systemstat,https://github.com/valpackett/valpackett/systemstat,2016-02-19T12:02:57Z,2024-12-14,106,114,65,63,33,Yes,6,0
Axect/Peroxide,https://github.com/Axect/Axect/Peroxide,2018-04-20T18:38:06Z,2024-07-30,75,88,39,40,25,Yes,77,10
seanmonstar/httparse,https://github.com/seanmonstar/seanmonstar/httparse,2015-02-20T18:35:34Z,2024-09-01,114,126,139,70,49,Yes,139,28
pop-os/libcosmic,https://github.com/pop-os/pop-os/libcosmic,2021-11-13T03:22:29Z,2024-07-15,32,45,665,278,43,Yes,1206,126
KOBA789/relly,https://github.com/KOBA789/KOBA789/relly,2020-12-22T15:49:19Z,,,56,6,6,3,No,0,0
stepchowfun/docuum,https://github.com/stepchowfun/stepchowfun/docuum,2020-01-04T09:52:31Z,2024-07-26,55,68,289,51,21,Yes,49,13
knurling-rs/probe-run,https://github.com/knurling-rs/knurling-rs/probe-run,2020-08-14T08:46:46Z,,,60,252,178,31,No,0,0
lmt-swallow/puppy-browser,https://github.com/lmt-swallow/lmt-swallow/puppy-browser,2021-04-29T06:42:36Z,,,52,12,0,1,No,0,0
retrage/gpt-macro,https://github.com/retrage/retrage/gpt-macro,2023-03-05T13:14:11Z,2024-07-22,17,30,21,1,3,Yes,74,1
someguynamedjosh/ouroboros,https://github.com/someguynamedjosh/someguynamedjosh/ouroboros,2020-09-20T01:04:15Z,2024-07-24,46,59,47,89,30,Yes,0,11
Cretezy/lazyjj,https://github.com/Cretezy/Cretezy/lazyjj,2024-05-21T19:55:32Z,2024-07-25,2,15,90,67,16,Yes,102,135
Plonky3/Plonky3,https://github.com/Plonky3/Plonky3/Plonky3,2023-03-30T05:46:08Z,2024-07-14,16,29,898,101,75,Yes,1467,417
KipData/KiteSQL,https://github.com/KipData/KipData/KiteSQL,2023-06-05T03:53:10Z,2024-07-18,13,27,215,73,18,Yes,219,106
llogiq/mutagen,https://github.com/llogiq/llogiq/mutagen,2018-02-12T17:22:16Z,2024-07-15,77,90,120,92,22,Yes,173,54
aome510/hackernews-TUI,https://github.com/aome510/aome510/hackernews-TUI,2021-02-15T06:36:41Z,2024-10-21,44,54,77,33,13,Yes,6,3
Detegr/rust-ctrlc,https://github.com/Detegr/Detegr/rust-ctrlc,2015-02-15T13:58:29Z,2024-08-05,114,126,79,55,39,Yes,12,4
kornelski/cavif-rs,https://github.com/kornelski/kornelski/cavif-rs,2020-08-26T00:43:20Z,2024-12-26,52,60,23,80,13,Yes,8,1
diwic/dbus-rs,https://github.com/diwic/diwic/dbus-rs,2014-11-23T12:14:49Z,2024-08-01,116,129,193,263,93,Yes,21,10
a16z/magi,https://github.com/a16z/a16z/magi,2023-02-15T01:50:00Z,2024-08-13,18,30,198,70,24,Yes,4,0
softprops/shiplift,https://github.com/softprops/softprops/shiplift,2015-03-26T03:15:20Z,,,125,200,130,63,No,0,0
nvzqz/static-assertions,https://github.com/nvzqz/nvzqz/static-assertions,2017-08-12T18:02:22Z,,,96,17,44,5,No,0,0
Fullstop000/wickdb,https://github.com/Fullstop000/Fullstop000/wickdb,2019-01-25T02:29:56Z,,,79,85,27,10,No,0,0
dtolnay/semver,https://github.com/dtolnay/dtolnay/semver,2014-07-30T15:01:22Z,2024-07-15,119,133,192,139,67,Yes,430,9
serialport/serialport-rs,https://github.com/serialport/serialport/serialport-rs,2022-02-07T19:56:13Z,2024-07-17,29,43,145,125,70,Yes,142,67
open-source-cooperative/keyring-rs,https://github.com/open-source-cooperative/open-source-cooperative/keyring-rs,2016-02-08T00:04:35Z,2024-07-14,101,115,155,113,30,Yes,273,38
bheisler/iai,https://github.com/bheisler/bheisler/iai,2021-01-02T20:54:31Z,,,56,9,31,3,No,0,0
dimforge/salva,https://github.com/dimforge/dimforge/salva,2019-09-24T08:33:49Z,2024-08-26,59,71,41,26,8,Yes,17,13
RazrFalcon/pico-args,https://github.com/RazrFalcon/RazrFalcon/pico-args,2019-07-08T16:37:49Z,2025-02-21,67,74,34,28,16,Yes,1,0
frondeus/test-case,https://github.com/frondeus/frondeus/test-case,2019-06-27T07:25:22Z,2024-07-15,61,74,76,75,26,Yes,0,225
narrowlink/narrowlink,https://github.com/narrowlink/narrowlink/narrowlink,2023-07-30T21:04:19Z,2024-09-03,13,25,50,49,3,Yes,29,16
zesterer/pollster,https://github.com/zesterer/zesterer/pollster,2020-04-07T14:18:29Z,2024-10-25,55,65,22,7,10,Yes,9,3
chipsenkbeil/distant,https://github.com/chipsenkbeil/chipsenkbeil/distant,2021-07-26T02:03:40Z,2024-07-15,36,49,38,202,2,Yes,404,7
ruma/ruma,https://github.com/ruma/ruma/ruma,2020-06-03T12:05:42Z,2024-07-14,49,63,1565,627,158,Yes,2343,244
gschup/ggrs,https://github.com/gschup/gschup/ggrs,2021-04-13T13:30:48Z,2024-11-11,43,52,52,45,13,Yes,36,5
dropbox/pb-jelly,https://github.com/dropbox/dropbox/pb-jelly,2020-07-13T18:28:34Z,2024-11-21,52,61,151,28,11,Yes,23,13
kawasin73/prsqlite,https://github.com/kawasin73/kawasin73/prsqlite,2023-02-18T07:53:47Z,2024-08-25,18,30,5,37,1,Yes,2,1
baoyachi/shadow-rs,https://github.com/baoyachi/baoyachi/shadow-rs,2020-07-27T10:13:01Z,2024-07-18,48,61,130,108,28,Yes,574,90
seanmonstar/num_cpus,https://github.com/seanmonstar/seanmonstar/num_cpus,2015-03-17T01:09:24Z,2024-10-07,115,125,99,45,54,Yes,8,9
dotenv-rs/dotenv,https://github.com/dotenv-rs/dotenv-rs/dotenv,2019-05-06T21:55:08Z,2025-08-23,76,76,41,57,32,No,0,0
zaeleus/noodles,https://github.com/zaeleus/zaeleus/noodles,2018-10-06T20:14:49Z,2024-07-14,69,83,65,249,22,Yes,183,6
NilsIrl/MozWire,https://github.com/NilsIrl/NilsIrl/MozWire,2020-08-15T16:49:31Z,2024-09-03,49,60,38,33,6,Yes,4,0
microsoft/com-rs,https://github.com/microsoft/microsoft/com-rs,2019-07-31T14:28:22Z,2024-09-07,61,73,148,93,23,Yes,0,2
RustCrypto/RSA,https://github.com/RustCrypto/RustCrypto/RSA,2018-07-17T18:15:35Z,2024-07-27,72,85,377,193,51,Yes,567,105
davidpdrsn/todo-or-die,https://github.com/davidpdrsn/davidpdrsn/todo-or-die,2021-09-05T14:31:51Z,,,48,3,5,1,No,0,0
a8m/pb,https://github.com/a8m/a8m/pb,2015-10-14T19:08:31Z,,,118,71,53,28,No,0,0
NiklasEi/bevy_asset_loader,https://github.com/NiklasEi/NiklasEi/bevy_asset_loader,2021-05-16T20:32:22Z,2024-07-15,38,51,110,146,22,Yes,45,31
mullvad/windows-service-rs,https://github.com/mullvad/mullvad/windows-service-rs,2018-05-22T12:32:44Z,2024-09-09,76,87,95,46,32,Yes,19,3
mrdimidium/nanoid,https://github.com/mrdimidium/mrdimidium/nanoid,2017-12-26T18:31:40Z,,,92,25,14,17,No,0,0
chiselstrike/chiselstore,https://github.com/chiselstrike/chiselstrike/chiselstore,2021-11-12T16:06:47Z,,,45,17,24,3,No,0,0
p-e-w/savage,https://github.com/p-e-w/p-e-w/savage,2021-11-28T06:31:25Z,,,45,32,14,2,No,0,0
typst/pdf-writer,https://github.com/typst/typst/pdf-writer,2020-11-16T22:57:36Z,2024-08-06,45,57,45,18,13,Yes,129,14
tokio-rs/rdbc,https://github.com/tokio-rs/tokio-rs/rdbc,2019-12-15T19:38:50Z,,,68,30,39,5,No,0,0
gltf-rs/gltf,https://github.com/gltf-rs/gltf-rs/gltf,2016-11-13T09:55:26Z,2024-07-23,92,105,247,213,63,Yes,8,7
rharish101/ReGreet,https://github.com/rharish101/rharish101/ReGreet,2022-12-01T10:01:22Z,2024-08-03,20,33,34,82,11,Yes,55,8
lemunozm/termchat,https://github.com/lemunozm/lemunozm/termchat,2020-08-17T22:46:56Z,,,60,36,23,6,No,0,0
athre0z/color-backtrace,https://github.com/athre0z/athre0z/color-backtrace,2019-04-18T17:14:16Z,2024-09-01,64,76,20,31,10,Yes,14,5
alceal/plotlars,https://github.com/alceal/alceal/plotlars,2024-07-27T09:58:09Z,2024-08-29,1,13,43,19,7,Yes,138,11
sharkdp/vivid,https://github.com/sharkdp/sharkdp/vivid,2018-11-19T21:57:40Z,2024-09-30,70,81,85,80,51,Yes,27,0
hanshuaikang/Nping,https://github.com/hanshuaikang/hanshuaikang/Nping,2024-12-21T14:51:14Z,2024-12-28,0,8,42,56,2,Yes,115,2
rust-phf/rust-phf,https://github.com/rust-phf/rust-phf/rust-phf,2014-01-17T07:23:04Z,2024-07-19,126,139,220,128,72,Yes,65,28
esp-rs/esp-idf-hal,https://github.com/esp-rs/esp-rs/esp-idf-hal,2020-11-23T06:16:08Z,2024-07-14,44,57,274,263,105,Yes,687,604
est31/cargo-udeps,https://github.com/est31/est31/cargo-udeps,2019-08-26T20:10:57Z,2024-07-22,59,72,193,116,33,Yes,313,6
robertpsoane/ducker,https://github.com/robertpsoane/robertpsoane/ducker,2024-06-15T06:32:11Z,2024-07-14,1,14,186,16,9,Yes,653,48
pradt2/always-online-stun,https://github.com/pradt2/pradt2/always-online-stun,2021-11-17T12:35:39Z,2024-07-14,32,45,3,19,4,Yes,7135,2080
JelteF/derive_more,https://github.com/JelteF/JelteF/derive_more,2016-03-24T09:38:18Z,2024-07-19,100,113,235,260,69,Yes,580,98
dotenv-linter/dotenv-linter,https://github.com/dotenv-linter/dotenv-linter/dotenv-linter,2019-11-30T15:15:55Z,2024-07-15,55,69,674,218,89,Yes,870,153
bahdotsh/wrkflw,https://github.com/bahdotsh/bahdotsh/wrkflw,2025-03-29T07:25:48Z,2025-04-14,1,5,26,30,6,Yes,185,44
RustCrypto/traits,https://github.com/RustCrypto/RustCrypto/traits,2017-03-20T17:24:37Z,2024-07-15,88,101,1717,251,66,Yes,8212,347
colored-rs/colored,https://github.com/colored-rs/colored-rs/colored,2016-03-12T23:06:49Z,2024-07-15,100,114,110,95,44,Yes,33,24
dtolnay/case-studies,https://github.com/dtolnay/dtolnay/case-studies,2019-05-11T03:13:53Z,2024-07-15,62,76,9,11,2,Yes,415,1
rust-lang/git2-rs,https://github.com/rust-lang/rust-lang/git2-rs,2014-08-01T22:30:49Z,2024-07-18,120,133,663,518,269,Yes,144,47
algesten/ureq,https://github.com/algesten/algesten/ureq,2018-06-10T18:43:13Z,2024-07-14,73,87,701,385,112,Yes,694,254
Keats/jsonwebtoken,https://github.com/Keats/Keats/jsonwebtoken,2015-11-01T22:35:34Z,2024-08-20,106,118,209,225,79,Yes,6,11
J-F-Liu/lopdf,https://github.com/J-F-Liu/J-F-Liu/lopdf,2016-12-13T05:05:53Z,2024-08-05,92,104,222,222,75,Yes,177,33
fitzgen/bumpalo,https://github.com/fitzgen/fitzgen/bumpalo,2018-11-20T01:04:24Z,2024-09-07,70,81,160,126,60,Yes,30,8
alexykn/sps,https://github.com/alexykn/alexykn/sps,2025-04-12T09:12:20Z,2025-04-20,0,5,40,23,12,Yes,362,32
glotlabs/gdrive,https://github.com/glotlabs/glotlabs/gdrive,2022-12-29T15:36:30Z,,,32,22,130,6,No,0,0
google/argh,https://github.com/google/google/argh,2020-01-30T20:19:33Z,2024-12-20,59,67,98,105,41,Yes,9,10
pop-os/cosmic-text,https://github.com/pop-os/pop-os/cosmic-text,2022-10-18T18:07:53Z,2024-07-20,21,34,218,173,63,Yes,119,141
fabianlindfors/reshape,https://github.com/fabianlindfors/fabianlindfors/reshape,2021-10-19T14:31:49Z,2024-09-29,35,46,17,19,6,Yes,4,0
rust-random/rand,https://github.com/rust-random/rust-random/rand,2015-02-03T05:59:32Z,2024-07-16,113,127,1003,643,301,Yes,1020,211
latex-lsp/texlab,https://github.com/latex-lsp/latex-lsp/texlab,2018-12-21T13:08:47Z,2024-07-15,67,80,989,427,35,Yes,539,64
rust-embedded/heapless,https://github.com/rust-embedded/rust-embedded/heapless,2017-03-05T05:32:09Z,2024-07-14,88,102,416,186,111,Yes,636,220
rust-fuzz/afl.rs,https://github.com/rust-fuzz/rust-fuzz/afl.rs,2015-04-08T23:19:35Z,2024-07-14,111,125,498,143,43,Yes,387,37
tauri-apps/tao,https://github.com/tauri-apps/tauri-apps/tao,2021-05-03T02:40:47Z,2024-07-15,38,52,808,296,404,Yes,1221,166
m4b/bingrep,https://github.com/m4b/m4b/bingrep,2017-02-26T09:21:23Z,,,102,11,32,7,No,0,0
vincent-herlemont/native_db,https://github.com/vincent-herlemont/vincent-herlemont/native_db,2023-05-09T19:14:39Z,2024-07-15,14,28,350,67,18,Yes,4997,894
jkfran/killport,https://github.com/jkfran/jkfran/killport,2023-03-17T14:21:02Z,2024-12-09,21,29,29,15,10,Yes,7,1
Macchina-CLI/macchina,https://github.com/Macchina-CLI/Macchina-CLI/macchina,2021-01-08T22:35:23Z,2024-07-28,43,56,175,144,27,Yes,30,26
kkawakam/rustyline,https://github.com/kkawakam/kkawakam/rustyline,2015-03-20T03:13:04Z,2024-07-20,112,125,592,296,72,Yes,173,36
asomers/mockall,https://github.com/asomers/asomers/mockall,2019-02-07T22:59:28Z,2024-07-14,65,79,278,322,33,Yes,0,29
ufoscout/docker-compose-wait,https://github.com/ufoscout/ufoscout/docker-compose-wait,2016-11-30T17:48:49Z,2024-07-27,92,105,40,39,12,Yes,1,4
bitshifter/glam-rs,https://github.com/bitshifter/bitshifter/glam-rs,2018-10-09T12:20:03Z,2024-07-14,69,83,356,252,103,Yes,852,104
amethyst/legion,https://github.com/amethyst/amethyst/legion,2019-03-09T03:17:06Z,,,78,123,176,46,No,0,0
rust-fuzz/cargo-fuzz,https://github.com/rust-fuzz/rust-fuzz/cargo-fuzz,2017-02-21T04:04:56Z,2024-07-16,89,102,201,210,82,Yes,49,16
fltk-rs/fltk-rs,https://github.com/fltk-rs/fltk-rs/fltk-rs,2019-10-24T16:44:19Z,2024-07-14,57,70,770,380,46,Yes,1224,36
iovxw/rssbot,https://github.com/iovxw/iovxw/rssbot,2017-02-18T09:25:04Z,2024-09-24,91,102,380,104,8,Yes,74,18
ilai-deutel/kibi,https://github.com/ilai-deutel/ilai-deutel/kibi,2020-02-10T07:44:48Z,2024-07-15,53,67,372,37,32,Yes,1150,102
queer/boxxy,https://github.com/queer/queer/boxxy,2023-02-08T21:16:54Z,2024-07-19,17,31,231,45,8,Yes,121,63
yamafaktory/jql,https://github.com/yamafaktory/yamafaktory/jql,2018-09-02T20:42:42Z,2024-09-23,73,84,241,53,23,Yes,53,2
samwho/spacer,https://github.com/samwho/samwho/spacer,2023-06-10T18:00:03Z,2025-01-10,19,27,13,20,7,Yes,20,17
pythops/oryx,https://github.com/pythops/pythops/oryx,2024-09-01T17:28:50Z,2024-09-01,0,12,37,28,4,Yes,344,90
zmwangx/rust-ffmpeg,https://github.com/zmwangx/zmwangx/rust-ffmpeg,2018-09-13T21:42:02Z,2024-07-03,70,83,94,105,35,Yes,119,315
greyblake/nutype,https://github.com/greyblake/greyblake/nutype,2022-10-09T20:44:18Z,2024-07-29,22,35,122,93,13,Yes,81,21
EmbarkStudios/puffin,https://github.com/EmbarkStudios/EmbarkStudios/puffin,2020-08-10T09:03:31Z,2024-07-15,47,61,193,65,40,Yes,91,97
barter-rs/barter-rs,https://github.com/barter-rs/barter-rs/barter-rs,2022-10-09T16:39:34Z,2024-07-22,21,35,136,78,8,Yes,22,7
bnjbvr/rouille,https://github.com/bnjbvr/bnjbvr/rouille,2021-09-09T17:51:04Z,2024-11-04,38,48,69,12,53,Yes,13,0
mooman219/fontdue,https://github.com/mooman219/mooman219/fontdue,2019-08-01T21:34:19Z,2024-11-12,63,73,59,103,29,Yes,14,6
kevinmehall/rust-peg,https://github.com/kevinmehall/kevinmehall/rust-peg,2013-08-19T01:18:13Z,2024-07-21,131,144,139,239,55,Yes,31,7
bodil/im-rs,https://github.com/bodil/bodil/im-rs,2017-04-17T15:04:02Z,2024-07-15,87,100,98,120,41,Yes,0,27
rust-av/Av1an,https://github.com/rust-av/rust-av/Av1an,2020-01-07T22:49:55Z,2024-07-23,55,68,688,434,71,Yes,914,212
orium/rpds,https://github.com/orium/orium/rpds,2017-07-06T09:06:16Z,2024-07-17,84,98,39,62,11,Yes,166,5
pdf-rs/pdf,https://github.com/pdf-rs/pdf-rs/pdf,2016-12-11T11:00:01Z,2024-08-02,92,105,119,139,47,Yes,16,9
cessen/ropey,https://github.com/cessen/cessen/ropey,2017-12-07T02:29:51Z,2024-08-29,81,93,41,68,14,Yes,13,7
servo/rust-smallvec,https://github.com/servo/servo/rust-smallvec,2015-04-05T21:42:27Z,2024-07-27,112,125,269,118,92,Yes,54,25
LeeeSe/MessAuto,https://github.com/LeeeSe/LeeeSe/MessAuto,2022-12-15T06:50:56Z,2025-08-18,32,32,20,76,4,Yes,14,2
fereidani/kanal,https://github.com/fereidani/fereidani/kanal,2022-07-13T12:23:47Z,2024-07-15,24,37,16,43,10,Yes,1262,10
databricks/click,https://github.com/databricks/databricks/click,2017-07-07T23:50:56Z,2025-08-21,97,98,140,89,15,Yes,9,2
regolith-labs/ore-cli,https://github.com/regolith-labs/regolith-labs/ore-cli,2024-01-07T15:27:38Z,2024-07-18,6,20,118,67,23,Yes,13,35
http-rs/surf,https://github.com/http-rs/http-rs/surf,2019-07-07T09:48:40Z,,,74,178,188,43,No,0,0
tikv/pprof-rs,https://github.com/tikv/tikv/pprof-rs,2019-10-21T06:36:07Z,2024-11-07,61,70,193,86,36,Yes,158,29
rust-lang/polonius,https://github.com/rust-lang/rust-lang/polonius,2018-05-01T15:40:59Z,2025-06-06,85,88,149,52,26,Yes,2,1
Aleph-Alpha/ts-rs,https://github.com/Aleph-Alpha/Aleph-Alpha/ts-rs,2020-12-15T14:21:32Z,2024-07-15,43,56,224,179,51,Yes,195,52
orhun/gpg-tui,https://github.com/orhun/orhun/gpg-tui,2020-12-26T16:28:59Z,2024-07-18,43,56,313,52,15,Yes,544,362
geiger-rs/cargo-geiger,https://github.com/geiger-rs/geiger-rs/cargo-geiger,2018-06-20T21:43:55Z,2024-07-15,73,86,404,136,37,Yes,286,437
fornwall/rust-script,https://github.com/fornwall/fornwall/rust-script,2020-10-24T21:00:13Z,2024-09-03,46,58,75,80,29,Yes,42,35
console-rs/dialoguer,https://github.com/console-rs/console-rs/dialoguer,2017-05-09T14:04:17Z,2025-08-22,99,100,176,155,76,Yes,15,5
kaist-cp/cs431,https://github.com/kaist-cp/kaist-cp/cs431,2019-06-20T01:18:09Z,2024-07-15,61,74,27,945,12,Yes,38,1
avhz/RustQuant,https://github.com/avhz/avhz/RustQuant,2022-08-31T10:03:24Z,2024-07-14,22,36,169,125,45,Yes,359,420
mufeedvh/moonwalk,https://github.com/mufeedvh/mufeedvh/moonwalk,2021-12-19T11:24:00Z,,,44,5,7,2,No,0,0
colin-kiegel/rust-derive-builder,https://github.com/colin-kiegel/colin-kiegel/rust-derive-builder,2016-08-06T15:03:46Z,2024-07-16,95,109,147,199,36,Yes,87,27
jacobdeichert/mask,https://github.com/jacobdeichert/jacobdeichert/mask,2019-07-06T20:47:44Z,2024-07-18,60,74,52,66,16,Yes,29,3
tokio-rs/io-uring,https://github.com/tokio-rs/tokio-rs/io-uring,2019-10-11T16:55:33Z,2024-07-21,57,71,214,145,58,Yes,104,25
dtolnay/quote,https://github.com/dtolnay/dtolnay/quote,2016-09-03T05:34:45Z,2024-07-15,94,108,130,167,25,Yes,452,15
SeaQL/sea-query,https://github.com/SeaQL/SeaQL/sea-query,2020-12-16T03:44:23Z,2024-07-18,43,56,558,305,118,Yes,532,195
ozkriff/zemeroth,https://github.com/ozkriff/ozkriff/zemeroth,2017-07-12T09:28:19Z,,,98,334,357,16,No,0,0
jakobhellermann/bevy-inspector-egui,https://github.com/jakobhellermann/jakobhellermann/bevy-inspector-egui,2021-01-18T08:39:24Z,2024-07-19,42,55,119,156,70,Yes,54,44
skyzh/type-exercise-in-rust,https://github.com/skyzh/skyzh/type-exercise-in-rust,2022-01-20T14:11:37Z,,,43,12,3,6,No,0,0
golemparts/rppal,https://github.com/golemparts/golemparts/rppal,2017-03-01T15:16:36Z,2024-08-08,89,102,48,120,25,Yes,57,0
tarkah/tickrs,https://github.com/tarkah/tarkah/tickrs,2020-02-20T00:37:35Z,2025-02-19,60,66,78,74,9,Yes,19,12
dimforge/bevy_rapier,https://github.com/dimforge/dimforge/bevy_rapier,2020-08-24T16:20:27Z,2024-07-15,47,60,329,305,73,Yes,269,169
dtolnay/typetag,https://github.com/dtolnay/dtolnay/typetag,2019-01-21T08:14:33Z,2024-07-15,66,79,39,60,8,Yes,475,18
tafia/quick-xml,https://github.com/tafia/tafia/quick-xml,2016-01-27T11:37:44Z,2024-07-15,102,115,440,455,126,Yes,240,50
grovesNL/glow,https://github.com/grovesNL/grovesNL/glow,2018-12-28T17:06:08Z,2024-07-16,67,80,217,131,70,Yes,89,8
jvns/dnspeep,https://github.com/jvns/jvns/dnspeep,2021-03-28T17:59:46Z,,,53,12,19,7,No,0,0
nagisa/rust_libloading,https://github.com/nagisa/nagisa/rust_libloading,2015-11-07T19:31:57Z,2024-07-20,104,118,74,106,35,Yes,8,22
max-niederman/ttyper,https://github.com/max-niederman/max-niederman/ttyper,2021-02-15T01:30:59Z,2024-08-07,42,54,72,85,41,Yes,35,2
orhun/systeroid,https://github.com/orhun/orhun/systeroid,2021-10-17T21:44:27Z,2024-07-21,33,46,171,16,8,Yes,148,53
wormtql/yas,https://github.com/wormtql/wormtql/yas,2021-10-06T08:10:53Z,2024-07-27,34,47,49,170,21,Yes,1,10
enigo-rs/enigo,https://github.com/enigo-rs/enigo-rs/enigo,2017-01-27T21:29:02Z,2024-07-15,90,103,276,193,49,Yes,1310,293
Stebalien/tempfile,https://github.com/Stebalien/Stebalien/tempfile,2015-04-12T20:21:14Z,2024-07-22,111,125,235,133,75,Yes,278,92
Marwes/combine,https://github.com/Marwes/Marwes/combine,2015-01-12T11:04:51Z,2025-01-10,120,127,207,163,61,Yes,4,0
Eugeny/russh,https://github.com/Eugeny/Eugeny/russh,2022-02-07T22:04:56Z,2024-07-16,29,43,331,205,80,Yes,793,131
kbknapp/cargo-outdated,https://github.com/kbknapp/kbknapp/cargo-outdated,2015-08-03T01:39:00Z,2024-07-22,108,121,214,206,67,Yes,23,35
tokio-rs/tokio-uring,https://github.com/tokio-rs/tokio-rs/tokio-uring,2021-03-30T17:48:00Z,2024-07-17,40,53,215,101,32,Yes,4,6
ferrilab/bitvec,https://github.com/ferrilab/ferrilab/bitvec,2018-06-28T06:26:44Z,,,86,87,203,34,No,0,0
gorilla-devs/ferium,https://github.com/gorilla-devs/gorilla-devs/ferium,2021-09-04T11:08:48Z,2024-08-09,35,48,57,376,15,Yes,17,23
quantumsheep/sshs,https://github.com/quantumsheep/quantumsheep/sshs,2022-01-31T23:57:33Z,2024-08-13,30,43,38,79,11,Yes,32,11
3Hren/msgpack-rust,https://github.com/3Hren/3Hren/msgpack-rust,2015-03-20T11:09:01Z,2025-02-05,119,125,157,212,46,Yes,0,2
Chleba/netscanner,https://github.com/Chleba/Chleba/netscanner,2023-12-10T16:27:52Z,2024-08-07,8,21,12,38,11,Yes,39,3
obi1kenobi/cargo-semver-checks,https://github.com/obi1kenobi/obi1kenobi/cargo-semver-checks,2022-07-13T00:19:33Z,2024-07-15,24,38,997,382,64,Yes,1495,359
EFForg/apkeep,https://github.com/EFForg/EFForg/apkeep,2021-04-27T03:49:42Z,2024-10-02,41,52,133,77,7,Yes,14,0
itsjunetime/tdf,https://github.com/itsjunetime/itsjunetime/tdf,2024-05-26T22:59:25Z,2024-11-20,6,15,15,84,6,Yes,49,37
wooorm/markdown-rs,https://github.com/wooorm/wooorm/markdown-rs,2022-06-08T13:53:33Z,2024-08-01,26,39,64,109,17,Yes,87,21
willdoescode/nat,https://github.com/willdoescode/willdoescode/nat,2020-10-22T04:56:31Z,,,58,19,55,14,No,0,0
hyperium/http,https://github.com/hyperium/hyperium/http,2017-03-14T18:21:23Z,2024-08-07,89,101,466,309,122,Yes,71,4
zkat/big-brain,https://github.com/zkat/zkat/big-brain,2020-07-11T01:08:31Z,2024-07-14,48,62,59,59,27,Yes,11,5
hoodie/notify-rust,https://github.com/hoodie/hoodie/notify-rust,2015-05-20T22:29:24Z,2024-08-01,110,123,143,94,34,Yes,214,40
burtonageo/cargo-bundle,https://github.com/burtonageo/burtonageo/cargo-bundle,2016-01-10T21:30:16Z,2024-08-15,103,116,110,102,40,Yes,47,16
cyphar/paperback,https://github.com/cyphar/cyphar/paperback,2017-11-29T00:07:49Z,2024-06-27,79,93,162,26,3,Yes,1230,62
mufeedvh/pdfrip,https://github.com/mufeedvh/mufeedvh/pdfrip,2022-02-11T12:54:11Z,2024-12-27,34,42,19,44,8,Yes,1,1
m1guelpf/auto-commit,https://github.com/m1guelpf/m1guelpf/auto-commit,2022-10-30T17:09:58Z,,,34,10,14,5,No,0,0
sharkdp/binocle,https://github.com/sharkdp/sharkdp/binocle,2021-09-13T05:29:46Z,2025-01-01,40,47,17,51,15,Yes,2,2
ebkalderon/tower-lsp,https://github.com/ebkalderon/ebkalderon/tower-lsp,2019-09-02T02:54:56Z,,,72,333,88,22,No,0,0
XAMPPRocky/octocrab,https://github.com/XAMPPRocky/XAMPPRocky/octocrab,2020-04-30T08:13:03Z,2024-06-20,50,64,531,232,202,Yes,302,48
time-rs/time,https://github.com/time-rs/time-rs/time,2014-11-10T22:52:18Z,2024-07-15,116,130,261,404,70,Yes,106,36
m-ou-se/inline-python,https://github.com/m-ou-se/m-ou-se/inline-python,2019-04-17T10:40:19Z,2025-02-12,70,76,24,48,8,Yes,17,6
nats-io/nats.rs,https://github.com/nats-io/nats-io/nats.rs,2020-02-24T19:51:25Z,2024-06-27,52,66,1078,312,97,Yes,333,132
brendanzab/codespan,https://github.com/brendanzab/brendanzab/codespan,2018-02-20T02:11:13Z,2025-02-05,84,90,283,110,41,Yes,140,39
nvzqz/divan,https://github.com/nvzqz/nvzqz/divan,2023-06-30T05:01:57Z,2024-11-01,16,26,26,50,9,Yes,21,6
blst-security/cherrybomb,https://github.com/blst-security/blst-security/cherrybomb,2021-11-17T07:02:22Z,2024-10-16,35,45,94,65,17,Yes,0,3
rustgd/cgmath,https://github.com/rustgd/rustgd/cgmath,2013-08-26T05:16:44Z,2024-07-21,131,144,377,183,99,Yes,62,1
helix-editor/nucleo,https://github.com/helix-editor/helix-editor/nucleo,2023-07-27T20:07:09Z,2024-11-08,15,25,48,28,16,Yes,37,23
wssheldon/osintui,https://github.com/wssheldon/wssheldon/osintui,2022-09-29T02:39:35Z,2024-07-22,22,35,27,19,4,Yes,46,2
jamesmunns/postcard,https://github.com/jamesmunns/jamesmunns/postcard,2019-04-03T23:26:26Z,2024-08-19,65,77,150,116,66,Yes,141,29
Nukesor/comfy-table,https://github.com/Nukesor/Nukesor/comfy-table,2019-12-26T18:29:21Z,2024-08-05,55,68,109,74,21,Yes,238,81
lemunozm/message-io,https://github.com/lemunozm/lemunozm/message-io,2020-07-03T19:37:30Z,2025-01-07,54,62,98,80,15,Yes,3,2
sharksforarms/deku,https://github.com/sharksforarms/sharksforarms/deku,2020-03-18T15:55:42Z,2024-07-16,52,65,313,253,40,Yes,928,377
YiNNx/cmd-wrapped,https://github.com/YiNNx/YiNNx/cmd-wrapped,2023-12-29T18:13:52Z,2024-08-31,8,20,23,22,11,Yes,18,6
SuperCuber/dotter,https://github.com/SuperCuber/SuperCuber/dotter,2017-05-06T15:10:54Z,2024-08-01,87,100,63,139,27,Yes,8,3
jrmuizel/raqote,https://github.com/jrmuizel/jrmuizel/raqote,2019-04-24T23:48:13Z,2024-07-24,63,76,79,133,26,Yes,2,1
graphql-rust/graphql-client,https://github.com/graphql-rust/graphql-rust/graphql-client,2018-06-02T20:32:06Z,2024-07-15,73,87,283,263,70,Yes,589,252
servo/core-foundation-rs,https://github.com/servo/servo/core-foundation-rs,2012-08-30T21:58:23Z,2024-07-14,142,156,582,156,192,Yes,106,45
dtolnay/inventory,https://github.com/dtolnay/dtolnay/inventory,2018-12-24T16:39:22Z,2024-07-15,67,80,44,37,12,Yes,448,14
dtolnay/no-panic,https://github.com/dtolnay/dtolnay/no-panic,2018-08-03T20:17:43Z,2024-07-15,71,85,37,37,3,Yes,457,1
TedDriggs/darling,https://github.com/TedDriggs/TedDriggs/darling,2017-05-02T02:41:17Z,2024-07-15,86,100,164,197,40,Yes,686,54
cksac/fake-rs,https://github.com/cksac/cksac/fake-rs,2016-06-29T15:56:36Z,2024-08-05,97,110,147,103,70,Yes,63,63
Ralith/hecs,https://github.com/Ralith/Ralith/hecs,2019-12-09T02:03:13Z,2024-10-01,58,69,276,130,33,Yes,248,26
amqp-rs/lapin,https://github.com/amqp-rs/amqp-rs/lapin,2017-03-02T16:10:03Z,2024-07-15,88,102,137,305,44,Yes,595,99
rust-shell-script/rust_cmd_lib,https://github.com/rust-shell-script/rust-shell-script/rust_cmd_lib,2019-09-19T18:41:05Z,2024-09-04,60,71,17,57,10,Yes,35,4
iliekturtles/uom,https://github.com/iliekturtles/iliekturtles/uom,2016-06-21T20:52:57Z,2024-08-14,98,110,247,284,60,Yes,199,59
BurntSushi/aho-corasick,https://github.com/BurntSushi/BurntSushi/aho-corasick,2015-06-11T23:02:10Z,2024-07-15,109,123,74,77,32,Yes,420,7
paupino/rust-decimal,https://github.com/paupino/paupino/rust-decimal,2016-11-12T15:43:56Z,2024-08-02,93,105,448,295,89,Yes,76,22
japaric/xargo,https://github.com/japaric/japaric/xargo,2016-03-26T20:35:55Z,2025-08-07,112,113,167,182,30,No,0,0
supabase/pg_jsonschema,https://github.com/supabase/supabase/pg_jsonschema,2022-03-22T13:17:28Z,2024-07-19,28,41,56,22,18,Yes,59,16
zargony/fuse-rs,https://github.com/zargony/zargony/fuse-rs,2013-10-08T11:13:53Z,,,143,85,85,25,No,0,0
sharkdp/diskus,https://github.com/sharkdp/sharkdp/diskus,2018-11-01T16:50:49Z,2024-10-01,71,82,23,33,12,Yes,4,4
regexident/cargo-modules,https://github.com/regexident/regexident/cargo-modules,2016-06-25T17:13:52Z,2024-07-15,97,110,294,92,25,Yes,915,73
osa1/tiny,https://github.com/osa1/osa1/tiny,2016-01-06T01:43:57Z,2024-08-06,103,116,151,285,24,Yes,20,9
uuid-rs/uuid,https://github.com/uuid-rs/uuid-rs/uuid,2014-07-30T22:03:55Z,2024-07-15,119,133,537,292,165,Yes,817,116
zkcrypto/bellman,https://github.com/zkcrypto/zkcrypto/bellman,2015-12-24T10:00:37Z,2024-07-15,103,116,80,43,19,Yes,1,6
DNSCrypt/encrypted-dns-server,https://github.com/DNSCrypt/DNSCrypt/encrypted-dns-server,2019-09-01T20:07:18Z,2024-07-17,58,72,269,65,10,Yes,533,29
ramosbugs/oauth2-rs,https://github.com/ramosbugs/ramosbugs/oauth2-rs,2014-07-02T15:15:34Z,2024-07-14,120,134,153,167,57,Yes,419,6
async-raft/async-raft,https://github.com/async-raft/async-raft/async-raft,2019-06-12T15:47:29Z,,,75,66,76,12,No,0,0
estk/log4rs,https://github.com/estk/estk/log4rs,2015-01-27T17:09:19Z,2024-07-12,113,127,187,240,55,Yes,241,63
adam-mcdaniel/dune,https://github.com/adam-mcdaniel/adam-mcdaniel/dune,2021-09-07T00:39:49Z,2024-09-07,36,48,56,49,3,Yes,1,2
idanarye/rust-typed-builder,https://github.com/idanarye/idanarye/rust-typed-builder,2017-10-04T15:41:10Z,2024-07-14,81,95,70,94,35,Yes,43,2
vorner/arc-swap,https://github.com/vorner/vorner/arc-swap,2018-03-30T11:31:31Z,2024-07-21,76,89,106,62,16,Yes,187,154
bnjbvr/cargo-machete,https://github.com/bnjbvr/bnjbvr/cargo-machete,2021-10-24T19:33:47Z,2024-08-23,34,46,114,79,31,Yes,106,28
bodil/vgtk,https://github.com/bodil/bodil/vgtk,2019-01-06T03:12:19Z,2024-07-15,66,80,58,34,10,Yes,0,27
riker-rs/riker,https://github.com/riker-rs/riker-rs/riker,2018-07-08T10:21:28Z,2024-07-15,72,86,97,84,23,Yes,348,62
dtolnay/paste,https://github.com/dtolnay/dtolnay/paste,2018-11-01T02:45:41Z,2024-07-15,68,82,51,53,9,Yes,87,3
rgwood/systemctl-tui,https://github.com/rgwood/rgwood/systemctl-tui,2023-08-16T03:02:09Z,2024-08-18,12,24,18,33,7,Yes,9,0
RustAudio/vst-rs,https://github.com/RustAudio/RustAudio/vst-rs,2017-08-13T14:46:09Z,,,96,107,89,43,No,0,0
bluealloy/revm,https://github.com/bluealloy/bluealloy/revm,2021-09-29T09:21:18Z,2024-07-14,33,47,2449,471,225,Yes,10492,1833
bitflags/bitflags,https://github.com/bitflags/bitflags/bitflags,2015-01-15T08:30:44Z,2024-07-15,114,127,264,194,87,Yes,105,16
BurntSushi/byteorder,https://github.com/BurntSushi/BurntSushi/byteorder,2015-02-03T23:28:34Z,2024-07-15,113,127,109,109,51,Yes,412,7
Manishearth/rust-gc,https://github.com/Manishearth/Manishearth/rust-gc,2015-05-17T03:31:43Z,2024-07-17,110,123,113,77,36,Yes,22,1
oxidecomputer/dropshot,https://github.com/oxidecomputer/oxidecomputer/dropshot,2020-06-19T17:18:17Z,2024-07-15,49,62,1270,138,40,Yes,1073,140
Abraxas-365/langchain-rust,https://github.com/Abraxas-365/Abraxas-365/langchain-rust,2024-01-31T14:40:00Z,2024-07-14,5,19,230,89,30,Yes,150,84
rxRust/rxRust,https://github.com/rxRust/rxRust/rxRust,2019-05-19T01:32:49Z,2024-10-25,65,75,195,59,35,Yes,5,7
fadeevab/design-patterns-rust,https://github.com/fadeevab/fadeevab/design-patterns-rust,2022-07-19T16:53:16Z,2024-12-29,29,37,15,2,5,Yes,2,2
Canop/termimad,https://github.com/Canop/Canop/termimad,2019-05-16T20:39:52Z,2024-07-25,62,75,27,44,13,Yes,21,0
foyer-rs/foyer,https://github.com/foyer-rs/foyer-rs/foyer,2023-05-12T03:02:26Z,2024-07-15,14,28,806,255,17,Yes,1622,159
swanandx/lemmeknow,https://github.com/swanandx/swanandx/lemmeknow,2021-08-29T12:08:19Z,,,48,7,27,6,No,0,0
g1mv/density,https://github.com/g1mv/g1mv/density,2013-10-05T15:35:37Z,2024-11-09,133,143,38,58,11,Yes,31,13
mrjackwills/oxker,https://github.com/mrjackwills/mrjackwills/oxker,2022-04-25T02:44:00Z,2024-08-01,27,40,14,57,10,Yes,10,3
toml-rs/toml-rs,https://github.com/toml-rs/toml-rs/toml-rs,2014-06-21T00:06:20Z,,,134,228,249,105,No,0,0
i3visio/solana-mev-bot,https://github.com/i3visio/i3visio/solana-mev-bot,2014-12-31T02:00:03Z,2025-08-16,127,128,25,0,11,Yes,2,11
rust-lang/flate2-rs,https://github.com/rust-lang/rust-lang/flate2-rs,2014-07-17T19:03:20Z,2024-08-03,121,133,250,235,108,Yes,241,42
JakWai01/lurk,https://github.com/JakWai01/JakWai01/lurk,2022-05-15T11:32:43Z,2024-07-21,26,39,43,24,16,Yes,17,4
ZenGo-X/multi-party-ecdsa,https://github.com/ZenGo-X/ZenGo-X/multi-party-ecdsa,2018-06-28T12:42:15Z,2024-07-15,73,86,97,120,28,Yes,0,410
tokio-rs/turmoil,https://github.com/tokio-rs/tokio-rs/turmoil,2022-08-03T23:38:19Z,2024-07-15,23,37,184,56,32,Yes,105,20
facebookexperimental/MIRAI,https://github.com/facebookexperimental/facebookexperimental/MIRAI,2018-11-06T20:56:35Z,2024-07-15,68,82,1144,130,23,Yes,16,0
RustAudio/dasp,https://github.com/RustAudio/RustAudio/dasp,2015-02-13T06:01:52Z,2024-09-10,115,126,114,75,23,Yes,3,4
dtolnay/serde-yaml,https://github.com/dtolnay/dtolnay/serde-yaml,2016-02-24T08:11:01Z,,,114,185,231,43,No,0,0
Razaekel/noise-rs,https://github.com/Razaekel/Razaekel/noise-rs,2013-07-30T01:42:23Z,2025-02-09,138,145,225,130,49,Yes,2,0
redox-os/orbtk,https://github.com/redox-os/redox-os/orbtk,2015-12-14T19:17:13Z,,,116,202,295,61,No,0,0
johanhelsing/matchbox,https://github.com/johanhelsing/johanhelsing/matchbox,2021-09-01T19:28:15Z,2024-07-11,34,48,366,152,33,Yes,448,70
crossterm-rs/crossterm,https://github.com/crossterm-rs/crossterm-rs/crossterm,2018-01-03T13:34:42Z,2024-07-29,79,92,496,510,184,Yes,129,30
tower-rs/tower,https://github.com/tower-rs/tower-rs/tower,2017-07-24T23:53:00Z,2024-07-19,84,97,615,222,105,Yes,188,27
sfackler/rust-postgres,https://github.com/sfackler/sfackler/rust-postgres,2013-07-23T04:43:50Z,2024-07-22,132,145,449,813,156,Yes,254,30
casbin/casbin-rs,https://github.com/casbin/casbin/casbin-rs,2019-08-14T04:42:36Z,2024-07-31,60,72,260,123,29,Yes,365,69
xacrimon/dashmap,https://github.com/xacrimon/xacrimon/dashmap,2019-12-06T21:48:39Z,2024-08-21,56,69,143,208,47,Yes,58,12
Findomain/Findomain,https://github.com/Findomain/Findomain/Findomain,2019-04-14T18:38:54Z,2025-04-20,72,76,176,162,22,Yes,116,65
ron-rs/ron,https://github.com/ron-rs/ron-rs/ron,2015-04-20T21:20:04Z,2024-07-21,111,124,334,245,64,Yes,320,67
rust-lang/rls,https://github.com/rust-lang/rust-lang/rls,2016-08-30T21:42:03Z,,,108,783,1001,161,No,0,0
rust-unofficial/too-many-lists,https://github.com/rust-unofficial/rust-unofficial/too-many-lists,2015-05-23T16:58:06Z,2024-07-30,110,123,186,134,79,Yes,2,0
oxipng/oxipng,https://github.com/oxipng/oxipng/oxipng,2016-01-11T15:45:39Z,2024-07-12,102,116,461,260,57,Yes,442,26
rkyv/rkyv,https://github.com/rkyv/rkyv/rkyv,2020-11-05T07:11:05Z,2024-07-17,44,58,173,449,84,Yes,664,147
chronotope/chrono,https://github.com/chronotope/chronotope/chrono,2014-03-28T11:38:39Z,2024-07-16,124,137,1046,675,250,Yes,895,208
lapce/floem,https://github.com/lapce/lapce/floem,2023-01-31T21:05:12Z,2024-07-16,17,31,626,189,67,Yes,713,134
Aloxaf/silicon,https://github.com/Aloxaf/Aloxaf/silicon,2019-07-07T14:50:55Z,2024-09-26,63,74,182,92,31,Yes,1,8
TimelyDataflow/timely-dataflow,https://github.com/TimelyDataflow/TimelyDataflow/timely-dataflow,2014-12-07T18:54:59Z,2024-07-23,116,129,522,181,65,Yes,636,53
tikv/raft-rs,https://github.com/tikv/tikv/raft-rs,2017-12-19T07:56:10Z,2024-09-05,81,92,381,162,88,Yes,26,27
TaKO8Ki/gobang,https://github.com/TaKO8Ki/TaKO8Ki/gobang,2021-06-12T04:41:33Z,,,51,103,65,9,No,0,0
Amanieu/parking_lot,https://github.com/Amanieu/Amanieu/parking_lot,2016-05-13T10:59:24Z,2025-01-13,104,111,263,225,120,Yes,34,8
racer-rust/racer,https://github.com/racer-rust/racer-rust/racer,2014-03-03T19:57:29Z,2024-07-15,124,138,583,602,176,Yes,0,410
YS-L/csvlens,https://github.com/YS-L/YS-L/csvlens,2021-08-14T16:59:09Z,2024-07-14,35,48,53,99,19,Yes,201,16
rust-itertools/itertools,https://github.com/rust-itertools/rust-itertools/itertools,2014-07-28T22:34:37Z,2024-07-15,120,133,650,402,178,Yes,126,95
greshake/i3status-rust,https://github.com/greshake/greshake/i3status-rust,2017-04-15T16:01:31Z,2024-07-22,87,100,1115,1078,293,Yes,394,15
Julien-cpsn/ATAC,https://github.com/Julien-cpsn/Julien-cpsn/ATAC,2024-02-05T19:57:09Z,2024-07-25,6,19,64,84,20,Yes,181,44
bastion-rs/bastion,https://github.com/bastion-rs/bastion-rs/bastion,2019-07-21T16:01:28Z,,,73,232,112,30,No,0,0
atanunq/viu,https://github.com/atanunq/atanunq/viu,2019-04-12T14:51:16Z,2024-10-13,66,77,46,90,17,Yes,7,0
rust-lang/hashbrown,https://github.com/rust-lang/rust-lang/hashbrown,2018-10-28T21:58:58Z,2024-07-14,68,82,435,206,125,Yes,232,68
zesterer/flume,https://github.com/zesterer/zesterer/flume,2019-07-30T15:58:22Z,2024-07-28,60,73,80,86,42,Yes,16,1
TimelyDataflow/differential-dataflow,https://github.com/TimelyDataflow/TimelyDataflow/differential-dataflow,2015-05-05T12:00:16Z,2024-09-09,112,124,461,177,41,Yes,668,115
juhaku/utoipa,https://github.com/juhaku/juhaku/utoipa,2021-09-30T22:00:31Z,2024-07-17,34,47,580,667,119,Yes,1014,245
dtolnay/cargo-expand,https://github.com/dtolnay/dtolnay/cargo-expand,2016-06-05T05:15:56Z,2024-07-15,97,111,119,130,13,Yes,987,31
hora-search/hora,https://github.com/hora-search/hora-search/hora,2021-05-15T07:46:32Z,,,51,17,30,6,No,0,0
RazrFalcon/cargo-bloat,https://github.com/RazrFalcon/RazrFalcon/cargo-bloat,2018-01-07T18:50:37Z,,,92,29,82,21,No,0,0
kognise/arpchat,https://github.com/kognise/kognise/arpchat,2022-03-21T03:29:09Z,,,41,5,18,3,No,0,0
solidiquis/erdtree,https://github.com/solidiquis/solidiquis/erdtree,2022-05-05T06:03:04Z,,,40,140,114,26,No,0,0
ihciah/shadow-tls,https://github.com/ihciah/ihciah/shadow-tls,2022-08-25T11:38:48Z,2024-12-04,27,36,10,109,8,Yes,2,6
suptejas/fleet,https://github.com/suptejas/suptejas/fleet,2022-04-14T10:20:34Z,,,40,18,48,9,No,0,0
TheDan64/inkwell,https://github.com/TheDan64/TheDan64/inkwell,2017-06-27T20:11:17Z,2024-07-17,85,98,260,324,100,Yes,373,75
tokio-rs/loom,https://github.com/tokio-rs/tokio-rs/loom,2018-12-15T06:11:47Z,2024-07-21,67,80,255,132,55,Yes,68,22
rust-lang/log,https://github.com/rust-lang/rust-lang/log,2014-12-13T21:45:04Z,2024-07-31,116,128,396,294,129,Yes,89,20
mikaelmello/inquire,https://github.com/mikaelmello/mikaelmello/inquire,2021-06-15T03:39:07Z,2024-08-29,38,50,125,154,27,Yes,19,61
rust-embedded/embedded-hal,https://github.com/rust-embedded/rust-embedded/embedded-hal,2017-06-09T20:57:29Z,2024-07-16,85,99,424,266,75,Yes,629,55
Keats/validator,https://github.com/Keats/Keats/validator,2016-12-27T05:32:07Z,2024-07-14,91,104,164,219,85,Yes,46,18
zkat/miette,https://github.com/zkat/zkat/miette,2021-08-03T02:30:49Z,2024-08-05,36,49,194,229,80,Yes,30,36
chinedufn/percy,https://github.com/chinedufn/chinedufn/percy,2018-07-16T11:14:12Z,2024-08-23,73,85,99,109,28,Yes,15,2
Jondolf/avian,https://github.com/Jondolf/Jondolf/avian,2022-05-29T11:28:38Z,2024-07-15,26,39,457,321,66,Yes,473,263
rajasekarv/vega,https://github.com/rajasekarv/rajasekarv/vega,2019-10-22T19:13:09Z,2025-04-07,66,70,69,65,22,Yes,0,1
kube-rs/kube,https://github.com/kube-rs/kube-rs/kube,2018-11-11T23:53:47Z,2024-07-15,68,82,1047,614,154,Yes,2490,530
memorysafety/river,https://github.com/memorysafety/memorysafety/river,2024-02-12T15:58:26Z,2024-07-15,5,18,39,49,3,Yes,60,3
shshemi/tabiew,https://github.com/shshemi/shshemi/tabiew,2024-04-27T16:21:19Z,2024-07-26,3,16,14,67,15,Yes,120,17
LukeMathWalker/cargo-chef,https://github.com/LukeMathWalker/LukeMathWalker/cargo-chef,2020-10-19T17:52:16Z,2024-07-15,45,58,129,185,62,Yes,804,74
vnt-dev/vnt,https://github.com/vnt-dev/vnt-dev/vnt,2023-01-03T14:08:46Z,2024-07-20,18,32,30,120,7,Yes,16,7
snapview/tokio-tungstenite,https://github.com/snapview/snapview/tokio-tungstenite,2017-03-17T17:15:58Z,2024-08-03,89,101,135,230,63,Yes,24,6
Xudong-Huang/may,https://github.com/Xudong-Huang/Xudong-Huang/may,2017-03-24T03:15:37Z,2024-07-25,88,101,21,98,12,Yes,50,20
rust-scraper/scraper,https://github.com/rust-scraper/rust-scraper/scraper,2016-01-01T21:45:09Z,2024-07-06,102,116,138,117,35,Yes,171,28
std-microblock/BetterNCM-Installer,https://github.com/std-microblock/std-microblock/BetterNCM-Installer,2022-04-16T09:28:50Z,2024-10-02,30,40,2,72,3,Yes,0,1
cjbassi/ytop,https://github.com/cjbassi/cjbassi/ytop,2019-07-20T00:36:33Z,,,73,28,86,12,No,0,0
zhiburt/tabled,https://github.com/zhiburt/zhiburt/tabled,2020-02-25T09:31:25Z,2024-07-13,53,66,295,259,52,Yes,444,232
Peternator7/strum,https://github.com/Peternator7/Peternator7/strum,2017-02-05T02:50:40Z,2025-02-01,96,103,226,221,116,Yes,28,9
indexmap-rs/indexmap,https://github.com/indexmap-rs/indexmap-rs/indexmap,2016-09-15T13:06:08Z,2024-07-26,94,107,268,141,53,Yes,187,4
Storyyeller/Krakatau,https://github.com/Storyyeller/Storyyeller/Krakatau,2012-10-20T01:36:08Z,2025-01-28,147,154,24,184,3,Yes,2,0
ntex-rs/ntex,https://github.com/ntex-rs/ntex-rs/ntex,2020-01-31T02:50:12Z,2025-04-01,62,67,437,140,257,Yes,1922,273
snapview/tungstenite-rs,https://github.com/snapview/snapview/tungstenite-rs,2017-03-17T15:38:17Z,2024-07-02,87,101,260,253,90,Yes,410,47
tokio-rs/bytes,https://github.com/tokio-rs/tokio-rs/bytes,2015-01-30T08:05:46Z,2024-07-21,114,127,501,294,123,Yes,206,37
rust-windowing/glutin,https://github.com/rust-windowing/rust-windowing/glutin,2014-07-27T07:13:16Z,2024-07-21,120,133,1050,661,219,Yes,112,40
microsoft/windows-drivers-rs,https://github.com/microsoft/microsoft/windows-drivers-rs,2023-09-16T21:45:21Z,2024-07-14,10,23,351,119,19,Yes,14403,2225
dtolnay/async-trait,https://github.com/dtolnay/dtolnay/async-trait,2019-07-22T19:21:13Z,2024-07-15,60,73,122,170,19,Yes,460,26
RustAudio/rodio,https://github.com/RustAudio/RustAudio/rodio,2015-07-22T11:38:27Z,2024-07-14,108,121,385,398,121,Yes,410,252
zesterer/ariadne,https://github.com/zesterer/zesterer/ariadne,2021-07-13T22:37:03Z,2024-08-05,37,49,68,82,38,Yes,13,24
rust-lang-nursery/lazy-static.rs,https://github.com/rust-lang-nursery/rust-lang-nursery/lazy-static.rs,2014-06-24T08:25:15Z,2024-07-18,121,134,110,120,61,Yes,13,1
EmbarkStudios/cargo-deny,https://github.com/EmbarkStudios/EmbarkStudios/cargo-deny,2019-05-13T07:50:05Z,2024-07-24,62,76,423,345,72,Yes,177,44
moka-rs/moka,https://github.com/moka-rs/moka-rs/moka,2020-04-05T17:18:18Z,2024-07-19,51,65,325,161,24,Yes,1585,116
ryanmcgrath/cacao,https://github.com/ryanmcgrath/ryanmcgrath/cacao,2020-02-28T04:07:41Z,2024-07-15,53,66,79,70,29,Yes,126,22
matklad/once_cell,https://github.com/matklad/matklad/once_cell,2018-08-02T00:00:59Z,2024-09-02,73,85,193,94,57,Yes,65,23
tafia/calamine,https://github.com/tafia/tafia/calamine,2016-06-24T10:44:23Z,2024-07-18,97,110,315,231,87,Yes,141,22
jonhoo/left-right,https://github.com/jonhoo/jonhoo/left-right,2017-02-04T20:44:56Z,2024-07-15,89,103,63,52,28,Yes,409,1
TheAlgorithms/Rust,https://github.com/TheAlgorithms/TheAlgorithms/Rust,2018-09-13T13:29:27Z,2024-07-15,70,83,830,74,240,Yes,1655,154
rustic-rs/rustic,https://github.com/rustic-rs/rustic-rs/rustic,2022-03-14T16:10:32Z,2024-07-13,28,41,900,424,42,Yes,4551,1124
HigherOrderCO/Bend,https://github.com/HigherOrderCO/HigherOrderCO/Bend,2023-08-29T20:44:32Z,2024-07-12,10,24,482,268,45,Yes,163,27
Rigellute/spotify-tui,https://github.com/Rigellute/Rigellute/spotify-tui,2019-08-16T19:31:53Z,,,72,594,565,107,No,0,0
0x192/universal-android-debloater,https://github.com/0x192/0x192/universal-android-debloater,2021-10-07T12:08:51Z,2024-12-03,38,47,299,803,50,Yes,0,1
rayon-rs/rayon,https://github.com/rayon-rs/rayon-rs/rayon,2014-10-02T15:38:05Z,2024-07-21,118,131,649,598,157,Yes,135,6
microsoft/edit,https://github.com/microsoft/microsoft/edit,2025-03-21T18:58:21Z,2025-05-28,2,5,267,340,61,Yes,184,19
orf/gping,https://github.com/orf/orf/gping,2015-10-17T14:34:25Z,2024-07-21,105,118,376,162,62,Yes,464,68
rathole-org/rathole,https://github.com/rathole-org/rathole-org/rathole,2021-12-14T05:03:07Z,2024-10-15,34,44,154,242,27,Yes,7,19
imsnif/bandwhich,https://github.com/imsnif/imsnif/bandwhich,2019-09-06T21:08:33Z,2024-07-22,58,72,290,178,52,Yes,82,137
fdehau/tui-rs,https://github.com/fdehau/fdehau/tui-rs,2016-11-08T09:19:25Z,,,106,377,300,97,No,0,0
cloudflare/pingora,https://github.com/cloudflare/cloudflare/pingora,2023-05-05T20:03:08Z,2024-07-15,14,28,315,335,69,Yes,1697,205
Spotifyd/spotifyd,https://github.com/Spotifyd/Spotifyd/spotifyd,2014-12-10T21:05:13Z,2024-09-05,117,129,537,801,129,Yes,54,28
seanmonstar/warp,https://github.com/seanmonstar/seanmonstar/warp,2018-07-11T17:43:50Z,2024-07-23,72,86,471,662,180,Yes,42,24
sharkdp/hexyl,https://github.com/sharkdp/sharkdp/hexyl,2018-11-05T22:53:35Z,2024-07-16,68,82,136,115,56,Yes,29,12
rust-bakery/nom,https://github.com/rust-bakery/rust-bakery/nom,2014-11-23T11:16:23Z,2024-07-18,116,129,919,941,385,Yes,141,47
RustCrypto/hashes,https://github.com/RustCrypto/RustCrypto/hashes,2016-11-18T07:40:17Z,2024-07-15,92,105,513,204,80,Yes,7106,550
serde-rs/serde,https://github.com/serde-rs/serde-rs/serde,2013-11-13T15:22:58Z,2024-07-15,128,141,1019,1892,198,Yes,600,165
jpochyla/psst,https://github.com/jpochyla/jpochyla/psst,2020-05-27T16:46:58Z,2024-07-14,50,63,259,389,76,Yes,277,251
actix/actix,https://github.com/actix/actix/actix,2017-09-18T05:13:28Z,2024-09-12,84,95,357,262,134,Yes,225,17
vi/websocat,https://github.com/vi/vi/websocat,2016-11-23T13:36:22Z,2024-08-16,93,105,45,249,24,Yes,13,11
mainmatter/100-exercises-to-learn-rust,https://github.com/mainmatter/mainmatter/100-exercises-to-learn-rust,2024-05-12T20:20:12Z,2024-07-17,2,16,206,87,52,Yes,101,127
dtolnay/anyhow,https://github.com/dtolnay/dtolnay/anyhow,2019-10-05T03:04:29Z,2024-07-15,57,71,188,221,24,Yes,509,41
sharkdp/pastel,https://github.com/sharkdp/sharkdp/pastel,2019-06-02T16:04:32Z,2024-08-01,62,75,133,130,47,Yes,48,14
rust-lang/futures-rs,https://github.com/rust-lang/rust-lang/futures-rs,2016-03-30T16:03:08Z,2024-07-15,99,113,1813,1151,358,Yes,371,262
ynqa/jnv,https://github.com/ynqa/ynqa/jnv,2024-03-18T13:33:43Z,2024-07-25,4,17,51,47,13,Yes,179,32
linkerd/linkerd2-proxy,https://github.com/linkerd/linkerd/linkerd2-proxy,2018-07-07T22:40:57Z,2024-07-15,72,86,4114,0,57,Yes,6192,768
flamegraph-rs/flamegraph,https://github.com/flamegraph-rs/flamegraph-rs/flamegraph,2019-03-07T16:31:30Z,2024-08-08,65,78,220,176,91,Yes,125,16
image-rs/image,https://github.com/image-rs/image-rs/image,2014-05-25T11:39:07Z,2024-07-05,121,135,1392,1109,359,Yes,346,360
serde-rs/json,https://github.com/serde-rs/serde-rs/json,2015-05-19T16:30:20Z,2024-07-15,110,123,504,772,141,Yes,617,61
WebAssembly/WASI,https://github.com/WebAssembly/WebAssembly/WASI,2019-04-02T18:23:05Z,2025-06-12,74,77,353,269,76,Yes,3,0
http-rs/tide,https://github.com/http-rs/http-rs/tide,2018-08-08T14:32:04Z,,,85,565,350,137,No,0,0
PaulJuliusMartinez/jless,https://github.com/PaulJuliusMartinez/PaulJuliusMartinez/jless,2021-04-24T05:35:41Z,2024-09-07,40,52,54,123,7,Yes,0,5
tealdeer-rs/tealdeer,https://github.com/tealdeer-rs/tealdeer-rs/tealdeer,2015-12-29T09:23:05Z,2024-07-16,103,116,261,169,73,Yes,157,52
console-rs/indicatif,https://github.com/console-rs/console-rs/indicatif,2017-04-23T13:54:48Z,2024-07-18,87,100,376,353,136,Yes,581,67
dtolnay/thiserror,https://github.com/dtolnay/dtolnay/thiserror,2019-10-09T06:20:06Z,2024-07-15,57,71,199,221,20,Yes,721,47
rhaiscript/rhai,https://github.com/rhaiscript/rhaiscript/rhai,2016-02-29T21:22:58Z,2024-07-16,100,114,527,466,60,Yes,63,65
dimforge/rapier,https://github.com/dimforge/dimforge/rapier,2020-08-25T20:05:14Z,2024-07-14,47,60,398,392,75,Yes,564,165
tokio-rs/tokio,https://github.com/tokio-rs/tokio-rs/tokio,2016-09-09T22:31:36Z,2024-07-14,94,108,4282,2525,948,Yes,7190,762
webrtc-rs/webrtc,https://github.com/webrtc-rs/webrtc-rs/webrtc,2019-08-15T06:18:40Z,2024-07-17,59,72,377,308,154,Yes,242,92
bytedance/monoio,https://github.com/bytedance/bytedance/monoio,2021-11-30T08:25:46Z,2024-06-24,31,45,221,120,48,Yes,347,83
ProvableHQ/leo,https://github.com/ProvableHQ/ProvableHQ/leo,2020-03-10T03:54:41Z,2024-07-16,52,66,2467,20866,76,Yes,1118,196
dtolnay/proc-macro-workshop,https://github.com/dtolnay/dtolnay/proc-macro-workshop,2019-03-27T14:18:16Z,2024-07-15,64,77,41,38,12,Yes,418,6
tokio-rs/mini-redis,https://github.com/tokio-rs/tokio-rs/mini-redis,2019-12-04T05:48:38Z,2024-07-18,55,69,112,42,32,Yes,7,1
smol-rs/smol,https://github.com/smol-rs/smol-rs/smol,2020-02-04T10:07:52Z,2024-07-21,53,67,179,140,38,Yes,116,17
async-rs/async-std,https://github.com/async-rs/async-rs/async-std,2019-08-08T12:52:13Z,2024-08-20,60,73,666,431,148,Yes,16,24
ivanceras/svgbob,https://github.com/ivanceras/ivanceras/svgbob,2016-10-09T06:33:27Z,2024-11-17,97,107,29,89,15,Yes,32,1
rust-ndarray/ndarray,https://github.com/rust-ndarray/rust-ndarray/ndarray,2014-08-04T09:27:53Z,2024-07-19,119,133,744,677,113,Yes,207,140
plotters-rs/plotters,https://github.com/plotters-rs/plotters-rs/plotters,2019-04-24T17:23:56Z,2024-07-16,63,76,291,342,107,Yes,623,46
youki-dev/youki,https://github.com/youki-dev/youki-dev/youki,2021-03-27T11:06:58Z,2024-07-14,40,53,2862,367,136,Yes,4974,901
quinn-rs/quinn,https://github.com/quinn-rs/quinn-rs/quinn,2018-04-03T07:47:41Z,2024-07-15,75,89,1635,731,161,Yes,1596,652
meilisearch/meilisearch,https://github.com/meilisearch/meilisearch/meilisearch,2018-04-23T11:45:28Z,2024-07-01,74,88,2540,2308,227,Yes,6783,3190
n0-computer/iroh,https://github.com/n0-computer/n0-computer/iroh,2022-03-14T19:30:08Z,2024-07-13,28,41,2182,844,42,Yes,18533,3950
