name,Has Tests (static),Tests in CI (configured),Tests in CI (recent runs),Coverage in CI (configured),Coverage Tool (configured),Test Tool (guess),Test Evidence,Coverage Latest (%),Coverage Mean (%),Coverage Best (%),Coverage Samples,Method,Latest Run ID,Latest Run Date
cornucopia,Yes,Yes,No,Yes,cargo,cargo,files/workflow,,,,0,,,
tuono,No,Yes,Yes,No,,cargo,jobs/workflow,,,,0,,17358243092,2025-08-31T14:10:40Z
cicada,Yes,Yes,Yes,Yes,upload-artifact,cargo,files/jobs/workflow,,,,0,,17179470254,2025-08-23T19:47:40Z
btleplug,No,Yes,No,Yes,codecov/grcov/instrument-coverage/report-file,cargo,workflow,,,,0,,16416019516,2025-07-21T11:42:43Z
zino,No,Yes,No,No,,cargo,workflow,,,,0,,17634165116,2025-09-11T04:37:42Z
bevy_game_template,No,Yes,Yes,No,,cargo,jobs/workflow,,,,0,,16024140702,2025-07-02T11:41:28Z
eframe_template,No,Yes,Yes,Yes,cargo,cargo,jobs/workflow,,,,0,,16215532554,2025-07-11T08:30:07Z
riscv,No,Yes,No,No,,cargo,workflow,,,,0,,17630013117,2025-09-11T00:09:16Z
rutie,No,Yes,No,No,,cargo,workflow,,,,0,,13400448231,2025-02-18T21:32:30Z
lorri,Yes,Yes,No,No,,cargo,files/workflow,,,,0,,,
nox,No,Yes,No,Yes,llvm-tools/upload-artifact,pytest,workflow,,,,0,,15387977949,2025-06-02T08:50:31Z
kati,Yes,Yes,Yes,No,,cargo,files/jobs/workflow,,,,0,,17618131726,2025-09-10T15:06:40Z
lodestone,No,Yes,No,Yes,cargo/upload-artifact,cargo,workflow,,,,0,,,
tetra,No,Yes,No,No,,cargo,workflow,,,,0,,15137182637,2025-05-20T12:12:26Z
printpdf,Yes,Yes,Yes,No,,cargo,files/jobs/workflow,,,,0,,17595573739,2025-09-09T21:03:09Z
tmux-thumbs,No,Yes,No,Yes,coveralls/tarpaulin/upload-artifact,cargo,workflow,,,,0,,,
argc,Yes,Yes,Yes,Yes,llvm-tools,cargo,files/jobs/workflow,,,,0,,16818340532,2025-08-07T23:46:55Z
hydro,Yes,Yes,Yes,No,,cargo,files/jobs/workflow,,,,0,,17633643794,2025-09-11T04:03:44Z
lingua-rs,Yes,Yes,No,Yes,codecov/upload-artifact,pytest,files/workflow,,,,0,,17619642726,2025-09-10T16:02:28Z
swift-bridge,No,Yes,No,No,,cargo,workflow,,,,0,,17280868815,2025-08-27T23:05:13Z
realworld-axum-sqlx,No,Yes,No,No,,cargo,workflow,,,,0,,,
color-eyre,Yes,Yes,No,Yes,cargo,cargo,files/workflow,,,,0,,,
lemurs,No,No,No,Yes,cargo/upload-artifact,,workflow,,,,0,,15051486413,2025-05-15T17:32:58Z
customasm,Yes,Yes,Yes,Yes,cargo,cargo,files/jobs/workflow,,,,0,,16404226532,2025-07-20T21:05:30Z
voicevox_core,No,Yes,Yes,Yes,llvm-tools/upload-artifact,cargo,jobs/workflow,,,,0,,17628184896,2025-09-10T22:13:53Z
kunai,No,Yes,No,No,,,workflow,,,,0,,17615841515,2025-09-10T13:45:52Z
pwninit,No,Yes,No,No,,cargo,workflow,,,,0,,,
trow,Yes,Yes,Yes,Yes,llvm-tools/upload-artifact,go,files/jobs/logs/workflow,,,,0,,17334049117,2025-08-29T20:53:50Z
ClojureRS,No,Yes,No,No,,cargo,workflow,,,,0,,,
pulsar,No,Yes,Yes,Yes,upload-artifact,,jobs/workflow,,,,0,,16619830936,2025-07-30T10:17:05Z
env_logger,Yes,Yes,Yes,Yes,coveralls/llvm-tools/tarpaulin,cargo,files/jobs/workflow,,,,0,,17484535461,2025-09-05T05:24:58Z
tachyonfx,Yes,Yes,Yes,No,,cargo,files/jobs/workflow,,,,0,,17550784701,2025-09-08T12:28:50Z
autopy,No,No,No,Yes,upload-artifact,,workflow,,,,0,,17496000955,2025-09-05T14:25:46Z
kas,Yes,Yes,Yes,No,,cargo,files/jobs/workflow,,,,0,,17588562226,2025-09-09T16:02:53Z
glaredb,No,Yes,Yes,Yes,llvm-cov/llvm-tools/report-file/upload-artifact,cargo,jobs/workflow,,,,0,,17624117588,2025-09-10T19:04:01Z
aliyundrive-fuse,No,Yes,No,Yes,cargo/upload-artifact,cargo,workflow,,,,0,,,
tun2proxy,Yes,No,Yes,Yes,upload-artifact,cargo,files/jobs/workflow,,,,0,,17631128436,2025-09-11T01:19:25Z
neolink,No,No,No,Yes,cargo/upload-artifact,,workflow,,,,0,,10969198528,2024-09-21T03:10:31Z
madsim,No,Yes,Yes,Yes,cargo,cargo,jobs/workflow,,,,0,,16639208089,2025-07-31T03:38:14Z
book,No,Yes,Yes,No,,cargo,jobs/workflow,,,,0,,16909589399,2025-08-12T12:59:00Z
sentry-cli,Yes,Yes,Yes,Yes,upload-artifact,cargo,files/jobs/workflow,,,,0,,17624991428,2025-09-10T19:41:46Z
envy,No,Yes,No,Yes,coveralls/tarpaulin,cargo,files/workflow,,,,0,,17610265632,2025-09-10T10:03:40Z
nsh,Yes,Yes,No,No,,cargo,files/workflow,,,,0,,,
mooneye-gb,No,Yes,No,Yes,cargo/upload-artifact,cargo,workflow,,,,0,,,
paperclip,Yes,Yes,Yes,Yes,cargo,cargo,files/jobs/workflow,,,,0,,17606366298,2025-09-10T07:22:14Z
macmon,No,No,No,Yes,upload-artifact,,workflow,,,,0,,15402651051,2025-06-02T20:58:15Z
book-cn,No,No,Yes,No,,,jobs,,,,0,,15891973463,2025-06-26T03:03:58Z
steam-tui,No,Yes,Yes,No,,cargo,jobs/workflow,,,,0,,16409160862,2025-07-21T05:20:37Z
rustrogueliketutorial,No,Yes,No,No,,cargo,workflow,,,,0,,,
cn-font-split,Yes,Yes,No,Yes,upload-artifact,jest,files/workflow,,,,0,,17559577356,2025-09-08T17:53:44Z
hwatch,No,No,No,Yes,cargo/upload-artifact,,workflow,,,,0,,13936132174,2025-03-19T00:27:58Z
fas-rs,No,No,No,Yes,upload-artifact,,workflow,,,,0,,17607610043,2025-09-10T08:17:10Z
websurfx,Yes,Yes,No,Yes,cargo,cargo,files/workflow,,,,0,,17632452293,2025-09-11T02:45:04Z
anyrun,No,No,No,Yes,cargo/llvm-tools,,workflow,,,,0,,17631537568,2025-09-11T01:46:28Z
minirust,Yes,No,Yes,Yes,llvm-tools,cargo,files/jobs,,,,0,,17326291787,2025-08-29T14:18:23Z
rpgp,Yes,Yes,Yes,Yes,cargo/llvm-tools,cargo,files/jobs/workflow,,,,0,,17621714727,2025-09-10T17:25:53Z
Dorion,No,No,No,Yes,upload-artifact,,workflow,,,,0,,17310554071,2025-08-28T23:42:00Z
cyme,Yes,Yes,Yes,Yes,upload-artifact,cargo,files/jobs/workflow,,,,0,,16565823224,2025-07-28T09:49:54Z
cortex-m,No,Yes,Yes,No,,cargo,jobs/workflow,,,,0,,17512144000,2025-09-06T08:17:23Z
testcontainers-rs,No,Yes,Yes,Yes,cargo/llvm-tools,,jobs/workflow,,,,0,,17542228312,2025-09-08T06:46:35Z
nexus-cli,Yes,Yes,Yes,Yes,upload-artifact,cargo,files/jobs/workflow,,,,0,,17607587581,2025-09-10T08:16:17Z
zine,No,Yes,No,No,,cargo,workflow,,,,0,,,
bupstash,No,Yes,No,Yes,cargo,cargo,workflow,,,,0,,,
cocogitto,Yes,Yes,Yes,Yes,cargo/codecov/llvm-cov/llvm-tools/report-file/upload-artifact,cargo,files/jobs/workflow,90.24,87.65,93.55,11,checks,17633835654,2025-09-11T04:16:10Z
boxer,No,No,No,No,,,,,,,0,,14671511003,2025-04-25T18:53:12Z
tremor-runtime,Yes,Yes,No,Yes,codecov/llvm-cov/llvm-tools/upload-artifact,cargo,files/workflow,,,,0,,17630375297,2025-09-11T00:30:43Z
amber,Yes,Yes,No,Yes,codecov,cargo,files/workflow,,,,0,,17625386723,2025-09-10T20:01:05Z
NimPlant,No,Yes,Yes,No,,,jobs/workflow,,,,0,,13748065258,2025-03-09T11:47:56Z
mayastor,Yes,Yes,Yes,Yes,upload-artifact,pytest,files/jobs/workflow,,,,0,,17630149641,2025-09-11T00:17:35Z
iamb,No,Yes,No,Yes,upload-artifact,cargo,workflow,,,,0,,17595318186,2025-09-09T20:51:31Z
wagi,No,Yes,No,Yes,cargo/upload-artifact,cargo,workflow,,,,0,,,
whisper-rs,No,No,No,No,,,,,,,0,,16611107621,2025-07-30T01:18:48Z
xitca-web,Yes,Yes,Yes,Yes,llvm-tools,cargo,files/jobs/workflow,,,,0,,16568182969,2025-07-28T11:47:14Z
datenlord,Yes,Yes,Yes,Yes,cargo/codecov/llvm-cov/llvm-tools/upload-artifact,cargo,files/jobs/workflow,,,,0,,17633857665,2025-09-11T04:17:46Z
rustfinity,No,Yes,Yes,No,,cargo,jobs/workflow,,,,0,,15806893618,2025-06-22T13:05:10Z
cudarc,No,No,No,Yes,cargo,,workflow,,,,0,,17606717953,2025-09-10T07:37:39Z
catfs,Yes,Yes,No,Yes,cargo,cargo,files/workflow,,,,0,,,
router,No,No,No,No,,,,,,,0,,17634663170,2025-09-11T05:10:54Z
govee2mqtt,No,Yes,No,Yes,upload-artifact,cargo,workflow,,,,0,,17630421461,2025-09-11T00:33:33Z
seam,No,No,No,No,,,,,,,0,,17629501720,2025-09-10T23:32:38Z
OpenVehicleDiag,No,No,No,Yes,cargo,,workflow,,,,0,,16527109886,2025-07-25T16:43:36Z
motorhead,No,Yes,Yes,No,,cargo,jobs/workflow,,,,0,,16442288507,2025-07-22T10:57:34Z
memflow,No,Yes,Yes,Yes,cargo/codecov/llvm-cov/llvm-tools/report-file,cargo,jobs/workflow,,,,0,,17123459562,2025-08-21T09:52:51Z
mailcrab,No,Yes,No,Yes,upload-artifact,cargo,workflow,,,,0,,16677542553,2025-08-01T14:23:44Z
clog-cli,No,Yes,No,Yes,cargo,cargo,workflow,,,,0,,,
headcrab,Yes,Yes,No,No,,cargo,files/workflow,,,,0,,,
sailfish,Yes,Yes,Yes,Yes,codecov/grcov/report-file,cargo,files/jobs/workflow,,,,0,,16966179842,2025-08-14T13:14:02Z
szyszka,No,Yes,No,Yes,upload-artifact,cargo,workflow,,,,0,,17568930525,2025-09-09T01:27:02Z
ironbar,No,Yes,No,Yes,cargo/llvm-tools,cargo,workflow,,,,0,,17629523969,2025-09-10T23:34:07Z
ollama-rs,No,Yes,Yes,No,,cargo,jobs/workflow,,,,0,,17563520254,2025-09-08T20:40:17Z
open-xiaoai,No,No,No,No,,,,,,,0,,17356502382,2025-08-31T11:28:40Z
eva,No,Yes,No,Yes,cargo,cargo,workflow,,,,0,,17631491402,2025-09-11T01:43:19Z
pls,No,Yes,No,Yes,upload-artifact,,workflow,,,,0,,17599547199,2025-09-10T00:43:20Z
scooter,Yes,Yes,Yes,No,,cargo,files/jobs/workflow,,,,0,,17625350732,2025-09-10T19:59:25Z
goose,Yes,Yes,Yes,Yes,cargo,cargo,files/jobs/workflow,,,,0,,17635523293,2025-09-11T06:02:48Z
sail,No,Yes,No,Yes,codecov/grcov/instrument-coverage/upload-artifact,cargo,files/workflow,25.02,50.79,83.33,9,artifacts:lcov/checks,17632675599,2025-09-11T02:59:16Z
rune,Yes,No,No,Yes,upload-artifact,cargo,files/workflow,,,,0,,17420311033,2025-09-03T01:26:35Z
SwayOSD,No,No,No,No,,,,,,,0,,17501802709,2025-09-05T18:47:33Z
nanocl,Yes,Yes,Yes,Yes,cargo/codecov/report-file,cargo,files/jobs/workflow,86.21,81.93,100.0,12,checks,17636425993,2025-09-11T06:46:51Z
gurk-rs,Yes,Yes,Yes,Yes,upload-artifact,cargo,files/jobs/workflow,,,,0,,17426498209,2025-09-03T07:37:40Z
fend,No,Yes,Yes,Yes,codecov/instrument-coverage/llvm-cov/upload-artifact,cargo,jobs/workflow,100.0,78.12,100.0,6,checks,17621848027,2025-09-10T17:31:05Z
toml,No,Yes,Yes,Yes,coveralls/llvm-tools/tarpaulin,cargo,jobs/workflow,,,,0,,17160865194,2025-08-22T16:40:01Z
libbpf-rs,No,Yes,Yes,No,,cargo,jobs/workflow,,,,0,,17632476457,2025-09-11T02:46:33Z
core,Yes,Yes,Yes,Yes,llvm-tools,cargo,files/jobs/workflow,,,,0,,17619236318,2025-09-10T15:45:54Z
x86_64,No,Yes,Yes,No,,cargo,jobs/workflow,,,,0,,17634279908,2025-09-11T04:45:32Z
filprofiler,Yes,Yes,No,Yes,upload-artifact,cargo,files/workflow,,,,0,,11656159261,2024-11-04T00:45:38Z
cairo-contracts,Yes,Yes,Yes,Yes,codecov/report-file,cargo,files/jobs/workflow,92.38,92.38,92.38,15,checks,17618307631,2025-09-10T15:12:42Z
mustang,Yes,Yes,Yes,No,,cargo,files/jobs/workflow,,,,0,,14765852211,2025-04-30T22:49:53Z
y-sweet,Yes,Yes,Yes,Yes,cargo/upload-artifact,pytest,files/jobs/logs/workflow,,,,0,,17618707738,2025-09-10T15:26:21Z
cookcli,Yes,Yes,Yes,Yes,codecov/llvm-tools/report-file/tarpaulin/upload-artifact,cargo,files/jobs/workflow,,,,0,,17601810051,2025-09-10T03:00:39Z
snark,No,Yes,No,Yes,cargo,cargo,workflow,,,,0,,17606040016,2025-09-10T07:08:10Z
ntsc-rs,No,No,No,Yes,upload-artifact,,workflow,,,,0,,17535161993,2025-09-07T23:11:21Z
dezoomify-rs,Yes,Yes,Yes,Yes,upload-artifact,cargo,files/jobs/workflow,,,,0,,17522539391,2025-09-07T02:16:28Z
llama-node,No,No,No,Yes,upload-artifact,,workflow,,,,0,,,
shellfirm,No,Yes,Yes,Yes,upload-artifact,cargo,jobs/workflow,,,,0,,17463211722,2025-09-04T12:04:36Z
thorium,No,No,No,Yes,upload-artifact,,workflow,,,,0,,17597830098,2025-09-09T22:57:42Z
Leafish,No,Yes,No,Yes,upload-artifact,cargo,workflow,,,,0,,,
ula,No,No,No,Yes,cargo,,workflow,,,,0,,13239752851,2025-02-10T11:25:24Z
rvemu,Yes,Yes,No,No,,cargo,files/workflow,,,,0,,,
apalis,No,Yes,No,Yes,cargo,cargo,workflow,,,,0,,17506618066,2025-09-05T23:21:53Z
window-switcher,No,Yes,Yes,Yes,llvm-tools,cargo,jobs/workflow,,,,0,,16183128495,2025-07-10T00:26:33Z
bluetui,No,No,Yes,No,,,jobs,,,,0,,17345345900,2025-08-30T15:11:50Z
rust-brotli,No,Yes,No,Yes,llvm-tools,,workflow,,,,0,,11198921992,2024-10-06T04:26:22Z
envio,No,Yes,No,Yes,upload-artifact,cargo,workflow,,,,0,,11361597632,2024-10-16T08:12:30Z
agatedb,Yes,Yes,No,Yes,cargo/codecov/llvm-cov/llvm-tools/report-file,cargo,files/workflow,,,,0,,,
winterfell,No,Yes,No,No,,,workflow,,,,0,,17264765679,2025-08-27T10:58:11Z
lantern,No,Yes,No,Yes,codecov/grcov/instrument-coverage/report-file/upload-artifact,cargo,files/workflow,72.96,72.96,72.96,4,checks,12295629336,2024-12-12T11:38:35Z
ripsecrets,Yes,No,No,Yes,upload-artifact,cargo,files/workflow,,,,0,,17391815255,2025-09-02T02:50:26Z
terminator,No,Yes,Yes,Yes,upload-artifact,cargo,jobs/workflow,,,,0,,17628472710,2025-09-10T22:29:02Z
lakekeeper,Yes,Yes,Yes,Yes,llvm-tools/upload-artifact,cargo,files/jobs/workflow,,,,0,,17619297588,2025-09-10T15:48:23Z
laminar,Yes,Yes,No,Yes,codecov,cargo,files/workflow,,,,0,,,
openapi-tui,No,Yes,Yes,Yes,cargo,cargo,jobs/workflow,,,,0,,15737836818,2025-06-18T16:02:06Z
noita_entangled_worlds,No,No,No,Yes,upload-artifact,,workflow,,,,0,,17388743278,2025-09-01T23:06:40Z
axum-login,No,Yes,No,Yes,codecov/tarpaulin,cargo,workflow,100.0,95.59,100.0,4,checks,17608879110,2025-09-10T09:07:58Z
rbw,No,Yes,Yes,No,,cargo,jobs/workflow,,,,0,,17475391924,2025-09-04T20:06:35Z
rdedup,No,Yes,No,Yes,cargo,cargo,workflow,,,,0,,17629917200,2025-09-11T00:03:17Z
femtovg,Yes,Yes,Yes,No,,cargo,files/jobs/workflow,,,,0,,17494757903,2025-09-05T13:35:20Z
cargo-sweep,Yes,Yes,Yes,Yes,cargo,cargo,files/jobs/workflow,,,,0,,16268599179,2025-07-14T13:45:44Z
synapse,Yes,No,No,Yes,cargo/upload-artifact,cargo,files/workflow,,,,0,,,
eyra,Yes,Yes,Yes,No,,cargo,files/jobs/workflow,,,,0,,14764645265,2025-04-30T21:23:24Z
libimagequant,Yes,Yes,No,Yes,cargo,cargo,files/workflow,,,,0,,16611051257,2025-07-30T01:14:23Z
cases,No,Yes,No,No,,cargo,workflow,,,,0,,17570246331,2025-09-09T02:51:06Z
pods,No,No,No,No,,,,,,,0,,17632381838,2025-09-11T02:40:30Z
starlark-rust,No,Yes,Yes,No,,cargo,jobs/workflow,,,,0,,17560313837,2025-09-08T18:25:41Z
rustybox,Yes,Yes,No,No,,cargo,files/workflow,,,,0,,,
stack-graphs,No,Yes,No,Yes,upload-artifact,cargo,workflow,,,,0,,17596834606,2025-09-09T22:02:14Z
rusty-sando,No,No,No,No,,,,,,,0,,,
yara-x,No,Yes,Yes,Yes,codecov/grcov/llvm-cov/llvm-tools/report-file/upload-artifact,go,jobs/workflow,,,,0,,17632369835,2025-09-11T02:39:46Z
Good-MITM,No,Yes,No,Yes,cargo/upload-artifact,,workflow,,,,0,,17345620036,2025-08-30T15:40:08Z
shuttle,No,Yes,No,No,,cargo,workflow,,,,0,,17630743131,2025-09-11T00:55:04Z
srgn,Yes,Yes,No,Yes,codecov/llvm-tools/tarpaulin,cargo,files/workflow,,,,0,,17561839392,2025-09-08T19:28:56Z
rust_serialization_benchmark,Yes,Yes,No,No,,cargo,files/workflow,,,,0,,16698832591,2025-08-02T23:33:25Z
hyperion,No,Yes,Yes,Yes,codecov/llvm-cov/llvm-tools/report-file/upload-artifact,cargo,files/jobs/workflow,,,,0,,17602300035,2025-09-10T03:28:57Z
rusty-celery,Yes,No,Yes,Yes,cargo,cargo,files/jobs/workflow,,,,0,,14643240393,2025-04-24T13:45:59Z
azure-sdk-for-rust,No,No,No,Yes,upload-artifact,,workflow,,,,0,,17635392536,2025-09-11T05:54:47Z
ngx-rust,Yes,Yes,Yes,No,,cargo,files/jobs/workflow,,,,0,,17627473974,2025-09-10T21:35:53Z
moxie,Yes,Yes,No,Yes,codecov/report-file/upload-artifact,cargo,files/workflow,,,,0,,,
xcp,Yes,Yes,Yes,No,,cargo,files/jobs/logs/workflow,,,,0,,17312842231,2025-08-29T02:19:00Z
edge-runtime,No,Yes,Yes,Yes,coveralls/llvm-cov/llvm-tools/report-file,cargo,jobs/workflow,,,,0,,17631837317,2025-09-11T02:06:19Z
jmcomic-downloader,No,No,No,Yes,upload-artifact,,workflow,,,,0,,16781935748,2025-08-06T15:52:36Z
trane,Yes,Yes,Yes,Yes,coveralls/llvm-cov/llvm-tools/report-file,cargo,files/jobs/workflow,,,,0,,17630610655,2025-09-11T00:46:01Z
eureka,Yes,Yes,No,Yes,cargo/codecov,cargo,files/workflow,,,,0,,,
rust-cpp,Yes,Yes,No,No,,cargo,files/workflow,,,,0,,11928611152,2024-11-20T07:22:18Z
plonky2,No,Yes,Yes,No,,cargo,jobs/workflow,,,,0,,17633589998,2025-09-11T04:00:30Z
golem,No,Yes,Yes,Yes,upload-artifact,cargo,jobs/workflow,,,,0,,17632568533,2025-09-11T02:52:04Z
arrayfire-rust,Yes,Yes,No,Yes,cargo,cargo,files/workflow,,,,0,,,
stratisd,Yes,Yes,No,No,,cargo,files/workflow,,,,0,,17633341100,2025-09-11T03:41:42Z
book,No,Yes,Yes,No,,,jobs/workflow,,,,0,,11216435050,2024-10-07T13:20:12Z
reStream,No,No,No,No,,,,,,,0,,13860279267,2025-03-14T15:47:39Z
luxtorpeda,No,Yes,No,Yes,upload-artifact,,workflow,,,,0,,17562930935,2025-09-08T20:15:49Z
cargo-lambda,Yes,Yes,No,Yes,upload-artifact,cargo,files/workflow,,,,0,,17638507949,2025-09-11T08:19:07Z
MirrorX,No,No,No,No,,,,,,,0,,,
copper-rs,No,Yes,Yes,Yes,llvm-tools,,jobs/workflow,,,,0,,17550598487,2025-09-08T12:22:05Z
zkevm-circuits,No,Yes,No,Yes,cargo,go,workflow,,,,0,,,
codesnap.nvim,No,No,No,No,,,,,,,0,,15806058207,2025-06-22T11:22:12Z
wluma,No,Yes,Yes,Yes,llvm-tools,,jobs/workflow,,,,0,,15753158945,2025-06-19T08:22:31Z
jolt,No,Yes,Yes,Yes,llvm-tools,cargo,jobs/workflow,,,,0,,17626681335,2025-09-10T21:00:06Z
flux,No,No,No,No,,,,,,,0,,16551162588,2025-07-27T12:32:37Z
rendy,No,Yes,No,No,,cargo,workflow,,,,0,,,
hl,Yes,Yes,Yes,Yes,codecov,cargo,files/jobs/workflow,84.28,84.28,84.28,16,checks,17573296579,2025-09-09T06:01:58Z
orz,Yes,No,No,No,,cargo,files,,,,0,,17624114569,2025-09-10T19:03:55Z
migrate-to-uv,Yes,No,Yes,Yes,upload-artifact,cargo,files/jobs/workflow,,,,0,,17634964925,2025-09-11T05:28:21Z
pxp,No,Yes,No,No,,cargo,workflow,,,,0,,13843074920,2025-03-13T19:31:04Z
lv_binding_rust,No,Yes,No,No,,cargo,workflow,,,,0,,14698100871,2025-04-28T01:07:44Z
solana-playground,No,No,No,No,,,,,,,0,,17620519971,2025-09-10T16:37:22Z
shipyard,Yes,Yes,No,Yes,upload-artifact,cargo,files/workflow,,,,0,,17103653443,2025-08-20T15:55:47Z
onetagger,No,No,No,Yes,upload-artifact,,workflow,,,,0,,16783358225,2025-08-06T16:59:06Z
cntr,No,Yes,Yes,Yes,cargo,cargo,jobs/logs/workflow,,,,0,,17635568268,2025-09-11T06:05:03Z
fcp,Yes,Yes,No,Yes,cargo,cargo,files/workflow,,,,0,,,
nftables-nat-rust,No,No,No,No,,,,,,,0,,16937457894,2025-08-13T12:38:35Z
lorri,Yes,No,Yes,No,,cargo,files/jobs,,,,0,,14553289456,2025-04-19T22:08:01Z
matugen,No,No,No,No,,,,,,,0,,17560678686,2025-09-08T18:40:29Z
pg_vectorize,No,Yes,Yes,No,,cargo,jobs/workflow,,,,0,,16923110575,2025-08-12T23:13:27Z
bite,No,Yes,Yes,Yes,upload-artifact,cargo,jobs/workflow,,,,0,,14684479671,2025-04-26T19:38:06Z
llm-ls,No,Yes,No,Yes,upload-artifact,,workflow,,,,0,,15444243088,2025-06-04T13:55:08Z
compio,No,Yes,Yes,No,,,jobs/workflow,,,,0,,17623335432,2025-09-10T18:30:29Z
koto,No,Yes,Yes,Yes,llvm-tools,cargo,jobs/workflow,,,,0,,17130285882,2025-08-21T14:41:30Z
rsmpeg,Yes,Yes,Yes,Yes,upload-artifact,cargo,files/jobs/workflow,,,,0,,17465306378,2025-09-04T13:22:37Z
goxlr-utility,No,Yes,Yes,Yes,upload-artifact,,jobs/workflow,,,,0,,17266918526,2025-08-27T12:38:28Z
rust_os,No,No,No,No,,,,,,,0,,17580213874,2025-09-09T10:50:04Z
tunshell,No,No,No,No,,,,,,,0,,,
rust-sloth,No,Yes,No,Yes,upload-artifact,cargo,workflow,,,,0,,,
gossip,No,No,No,Yes,upload-artifact,,workflow,,,,0,,17533283293,2025-09-07T20:08:06Z
valheim-docker,No,No,No,No,,,,,,,0,,17626551894,2025-09-10T20:53:14Z
spring-rs,No,Yes,Yes,No,,cargo,jobs/workflow,,,,0,,17384417086,2025-09-01T17:57:16Z
may_minihttp,No,No,No,Yes,cargo,,workflow,,,,0,,15063900074,2025-05-16T08:14:52Z
hoodik,No,Yes,Yes,Yes,upload-artifact,cargo,jobs/workflow,,,,0,,16993503204,2025-08-15T15:37:51Z
signal-hook,Yes,Yes,Yes,Yes,cargo/codecov/grcov,cargo,files/jobs/workflow,,,,0,,17521855386,2025-09-07T01:08:22Z
chirpstack,No,No,Yes,No,,,jobs,,,,0,,17611050440,2025-09-10T10:34:57Z
flapigen-rs,No,No,Yes,No,,,jobs,,,,0,,17583711324,2025-09-09T13:10:51Z
KeyEcho,No,No,No,No,,,,,,,0,,,
RustFFT,Yes,Yes,Yes,No,,cargo,files/jobs/workflow,,,,0,,17510363714,2025-09-06T05:09:28Z
org-rs,No,Yes,No,No,,cargo,workflow,,,,0,,,
palette,No,Yes,No,Yes,codecov/llvm-cov/llvm-tools,cargo,files/workflow,81.85,81.94,82.0,9,checks,16861936074,2025-08-10T13:20:08Z
june,Yes,Yes,No,No,,cargo,files/workflow,,,,0,,,
cxx2flow,No,No,No,Yes,cargo/upload-artifact,,workflow,,,,0,,,
rust-cssparser,No,Yes,Yes,No,,cargo,jobs/workflow,,,,0,,17266500318,2025-08-27T12:20:20Z
cot,No,Yes,Yes,Yes,codecov/llvm-cov/llvm-tools,cargo,files/jobs/workflow,89.83,90.79,91.76,6,checks,17630586586,2025-09-11T00:44:25Z
poise,No,Yes,No,Yes,cargo,cargo,workflow,,,,0,,17618847920,2025-09-10T15:31:08Z
dynasm-rs,No,Yes,No,No,,cargo,workflow,,,,0,,17635320774,2025-09-11T05:50:08Z
avail,No,Yes,No,Yes,cargo/instrument-coverage/upload-artifact,cargo,workflow,,,,0,,17400650135,2025-09-02T10:25:30Z
yellowstone-grpc,No,Yes,No,Yes,upload-artifact,cargo,workflow,,,,0,,17623877569,2025-09-10T18:53:19Z
rig,Yes,Yes,Yes,Yes,upload-artifact,cargo,files/jobs/workflow,,,,0,,17638000587,2025-09-11T07:58:56Z
swhkd,No,Yes,Yes,No,,cargo,jobs/workflow,,,,0,,17639862090,2025-09-11T09:13:40Z
evtx,Yes,Yes,Yes,Yes,cargo/upload-artifact,cargo,files/jobs/workflow,,,,0,,17012660152,2025-08-16T20:37:20Z
suckit,Yes,Yes,Yes,Yes,codecov/report-file/tarpaulin/upload-artifact,cargo,files/jobs/workflow,,,,0,,15620540743,2025-06-12T20:51:01Z
quicksilver,No,Yes,No,No,,cargo,workflow,,,,0,,,
bevy_lunex,No,No,No,No,,,,,,,0,,16225814385,2025-07-11T17:18:32Z
crowbook,Yes,No,No,No,,cargo,files,,,,0,,17105775756,2025-08-20T17:29:50Z
developer-relations,No,Yes,No,No,,cargo,workflow,,,,0,,,
eunomia-bpf,No,Yes,Yes,Yes,codecov/upload-artifact,cargo,files/jobs/workflow,,,,0,,17508290417,2025-09-06T01:43:47Z
laurel,Yes,Yes,Yes,Yes,upload-artifact,cargo,files/jobs/workflow,,,,0,,16890434074,2025-08-11T19:46:22Z
create-your-own-lang-with-rust,No,Yes,No,Yes,cargo,cargo,workflow,,,,0,,,
csbindgen,No,Yes,Yes,No,,cargo,jobs/workflow,,,,0,,17630012296,2025-09-11T00:09:12Z
pyrometer,No,Yes,No,No,,cargo,workflow,,,,0,,13332514146,2025-02-14T15:41:19Z
lilos,No,No,No,Yes,upload-artifact,,workflow,,,,0,,17602907510,2025-09-10T04:09:24Z
virtual-display-rs,No,No,No,Yes,upload-artifact,,workflow,,,,0,,17631080349,2025-09-11T01:16:30Z
pacquet,No,Yes,Yes,Yes,codecov/llvm-cov/llvm-tools/report-file/upload-artifact,,files/jobs/workflow,100.0,100.0,100.0,4,checks,11050582741,2024-09-26T10:39:34Z
audioserve,Yes,Yes,No,Yes,codecov/llvm-cov/llvm-tools/report-file,cargo,files/workflow,54.43,54.45,54.46,12,checks,17632635069,2025-09-11T02:56:32Z
ripasso,Yes,Yes,Yes,Yes,cargo,cargo,files/jobs/workflow,,,,0,,16852137785,2025-08-09T17:54:35Z
socket2,Yes,Yes,Yes,Yes,llvm-tools,cargo,files/jobs/workflow,,,,0,,17469691400,2025-09-04T15:58:26Z
meteroid,Yes,Yes,Yes,Yes,upload-artifact,cargo,files/jobs/workflow,,,,0,,17638311402,2025-09-11T08:11:26Z
openmls,No,Yes,Yes,Yes,codecov/grcov/instrument-coverage/llvm-tools,cargo,files/jobs/workflow,97.11,88.6,97.11,29,checks,17616576722,2025-09-10T14:12:05Z
landscape,No,No,No,Yes,upload-artifact,,workflow,,,,0,,17577977981,2025-09-09T09:20:58Z
dovi_tool,Yes,Yes,Yes,Yes,upload-artifact,cargo,files/jobs/workflow,,,,0,,17419361650,2025-09-03T00:24:40Z
etl,No,Yes,Yes,Yes,coveralls/llvm-cov/llvm-tools/report-file,cargo,jobs/workflow,,,,0,,17637407841,2025-09-11T07:31:01Z
cartero,No,Yes,No,Yes,upload-artifact,cargo,workflow,,,,0,,17635517671,2025-09-11T06:02:32Z
linkme,Yes,Yes,Yes,Yes,upload-artifact,cargo,files/jobs/workflow,,,,0,,17631930109,2025-09-11T02:12:25Z
core,Yes,Yes,Yes,Yes,llvm-tools/upload-artifact,pytest,files/jobs/logs/workflow,,,,0,,17640871307,2025-09-11T09:54:27Z
bartib,No,Yes,Yes,Yes,upload-artifact,,jobs/workflow,,,,0,,15677310330,2025-06-16T09:39:11Z
allsorts,Yes,Yes,Yes,No,,cargo,files/jobs/workflow,,,,0,,16763971862,2025-08-05T23:56:02Z
rosrust,No,Yes,No,No,,cargo,workflow,,,,0,,13124157548,2025-02-03T22:32:03Z
winnow,Yes,Yes,Yes,Yes,codecov/coveralls/llvm-tools/tarpaulin,cargo,files/jobs/workflow,,,,0,,17422178820,2025-09-03T03:28:53Z
algebra,No,Yes,No,Yes,cargo/llvm-tools,cargo,workflow,,,,0,,17630828273,2025-09-11T01:00:49Z
hyper-mcp,Yes,Yes,Yes,No,,cargo,files/jobs/workflow,,,,0,,17621181180,2025-09-10T17:05:01Z
indextree,No,Yes,Yes,Yes,codecov/llvm-cov/llvm-tools/report-file/upload-artifact,,files/jobs/workflow,87.0,87.0,87.0,1,checks,17642423568,2025-09-11T11:01:00Z
veryl,No,Yes,Yes,Yes,upload-artifact,cargo,jobs/workflow,,,,0,,17636893798,2025-09-11T07:08:52Z
pipeless,No,No,No,Yes,upload-artifact,,workflow,,,,0,,,
Astar,Yes,Yes,No,Yes,codecov/report-file/tarpaulin/upload-artifact,jest,files/workflow,,,,0,,17641233359,2025-09-11T10:09:25Z
Acala,No,Yes,No,Yes,codecov/llvm-tools/tarpaulin/upload-artifact,,files/workflow,,,,0,,17635736038,2025-09-11T06:13:09Z
whkd,No,No,No,Yes,upload-artifact,,workflow,,,,0,,17587802798,2025-09-09T15:33:18Z
ketos,Yes,Yes,No,No,,cargo,files/workflow,,,,0,,,
disruptor-rs,Yes,Yes,Yes,Yes,cargo/codecov/llvm-cov/llvm-tools/report-file,cargo,files/jobs/workflow,,,,0,,17515506675,2025-09-06T14:10:53Z
flux,Yes,No,Yes,No,,cargo,files/jobs,,,,0,,17626895247,2025-09-10T21:09:22Z
r9,No,No,Yes,No,,,jobs,,,,0,,15913175338,2025-06-26T21:46:49Z
isahc,Yes,Yes,No,Yes,codecov,cargo,files/workflow,,,,0,,17521281143,2025-09-07T00:14:00Z
compact_str,No,Yes,Yes,Yes,llvm-tools,cargo,jobs/logs/workflow,,,,0,,17153134713,2025-08-22T10:42:00Z
sapling,No,Yes,No,No,,cargo,workflow,,,,0,,13143647678,2025-02-04T19:49:40Z
tmux-rs,No,Yes,No,No,,cargo,workflow,,,,0,,17522927055,2025-09-07T02:56:15Z
actix-net,No,No,Yes,Yes,codecov/llvm-cov/llvm-tools,,files/jobs/workflow,,,,0,,17572413446,2025-09-09T05:09:33Z
smartdns-rs,Yes,Yes,Yes,Yes,upload-artifact,cargo,files/jobs/workflow,,,,0,,17633386102,2025-09-11T03:44:50Z
gauntlet,No,No,No,Yes,upload-artifact,,workflow,,,,0,,17475235910,2025-09-04T19:59:16Z
qsharp,No,Yes,Yes,Yes,upload-artifact,,jobs/workflow,,,,0,,17627743717,2025-09-10T21:50:43Z
foxtrot,No,Yes,Yes,Yes,upload-artifact,cargo,jobs/workflow,,,,0,,17067522064,2025-08-19T10:59:23Z
rmqtt,No,Yes,Yes,Yes,llvm-tools,cargo,jobs/workflow,,,,0,,17553049541,2025-09-08T13:48:57Z
obliteration,No,Yes,No,Yes,upload-artifact,cargo,workflow,,,,0,,17631433196,2025-09-11T01:39:26Z
elasticsearch-rs,No,No,No,No,,,,,,,0,,16836190788,2025-08-08T17:07:03Z
magnus,Yes,Yes,Yes,No,,cargo,files/jobs/workflow,,,,0,,17632892022,2025-09-11T03:12:59Z
magic-cli,Yes,Yes,No,Yes,upload-artifact,cargo,files/workflow,,,,0,,,
diesel_async,Yes,Yes,Yes,Yes,llvm-tools,cargo,files/jobs/workflow,,,,0,,16684065017,2025-08-01T20:01:23Z
oakc,Yes,Yes,No,No,,cargo,files/workflow,,,,0,,,
lightyear,Yes,Yes,Yes,Yes,codecov/report-file/tarpaulin/upload-artifact,cargo,files/jobs/workflow,58.93,58.85,58.97,12,artifacts:lcov,17615690649,2025-09-10T13:40:29Z
cargo-vet,Yes,Yes,Yes,Yes,upload-artifact,cargo,files/jobs/workflow,,,,0,,17637047062,2025-09-11T07:15:20Z
age-plugin-yubikey,Yes,Yes,Yes,Yes,cargo/codecov/tarpaulin,cargo,files/jobs/workflow,,,,0,,13068870686,2025-01-31T08:14:23Z
overskride,No,No,No,No,,,,,,,0,,16059345786,2025-07-03T19:51:08Z
rama,Yes,Yes,Yes,Yes,llvm-tools/upload-artifact,cargo,files/jobs/workflow,,,,0,,17622709077,2025-09-10T18:06:11Z
duckdb-rs,No,Yes,Yes,No,,cargo,jobs/workflow,,,,0,,17430186944,2025-09-03T10:09:40Z
Coerce-rs,No,Yes,No,Yes,cargo,cargo,workflow,,,,0,,,
gpt-aggregated-edition,No,No,No,No,,,,,,,0,,,
dotslash,Yes,Yes,Yes,No,,cargo,files/jobs/workflow,,,,0,,17630093393,2025-09-11T00:14:10Z
geopolars,No,Yes,No,Yes,upload-artifact,pytest,workflow,,,,0,,,
social-media-hacker-list,No,No,No,No,,,,,,,0,,17538205450,2025-09-08T02:52:30Z
ijc,Yes,Yes,No,No,,cargo,files/workflow,,,,0,,17527093037,2025-09-07T10:05:51Z
comfy,No,Yes,No,No,,cargo,workflow,,,,0,,,
zjstatus,Yes,Yes,Yes,No,,cargo,files/jobs/workflow,,,,0,,17587436896,2025-09-09T15:20:14Z
flatgeobuf,Yes,Yes,Yes,No,,cargo,files/jobs/workflow,,,,0,,17642703217,2025-09-11T11:12:06Z
igrep,No,Yes,Yes,Yes,cargo,cargo,jobs/workflow,,,,0,,17136968100,2025-08-21T19:28:14Z
rust-rosetta,Yes,Yes,No,Yes,cargo,cargo,files/workflow,,,,0,,14937211980,2025-05-09T20:30:51Z
typst.ts,Yes,Yes,Yes,Yes,llvm-tools/upload-artifact,cargo,files/jobs/workflow,,,,0,,17610081660,2025-09-10T09:55:54Z
shawl,Yes,Yes,Yes,Yes,upload-artifact,cargo,files/jobs/workflow,,,,0,,13581302142,2025-02-28T04:24:54Z
ttf-parser,Yes,Yes,Yes,No,,cargo,files/jobs/workflow,,,,0,,17627356152,2025-09-10T21:30:05Z
popsicle,Yes,No,No,Yes,upload-artifact,cargo,files/workflow,,,,0,,15074096180,2025-05-16T17:31:46Z
delicate,No,Yes,No,No,,,workflow,,,,0,,10818685899,2024-09-11T19:53:00Z
ordinals-collections,No,Yes,Yes,No,,cargo,jobs/workflow,,,,0,,16745694018,2025-08-05T09:07:44Z
g3,No,Yes,Yes,Yes,codecov/report-file,cargo,jobs/workflow,60.7,51.94,99.63,23,checks,17643505174,2025-09-11T11:46:52Z
bloom,No,Yes,Yes,No,,cargo,jobs/workflow,,,,0,,12640511563,2025-01-06T21:18:43Z
neovim-gtk,No,Yes,No,No,,cargo,workflow,,,,0,,,
valora,No,Yes,No,No,,cargo,workflow,,,,0,,,
martypc,Yes,No,No,Yes,upload-artifact,cargo,files/workflow,,,,0,,16883264181,2025-08-11T14:37:12Z
kellnr,Yes,Yes,Yes,Yes,llvm-tools,cargo,files/jobs/workflow,,,,0,,17628017275,2025-09-10T22:05:50Z
tectonicdb,Yes,Yes,No,No,,cargo,files/workflow,,,,0,,,
OctaSine,No,No,No,Yes,llvm-tools,,workflow,,,,0,,,
rnix-lsp,No,Yes,No,No,,,workflow,,,,0,,,
workflows,No,No,No,Yes,cargo,,workflow,,,,0,,,
askama,No,Yes,No,Yes,llvm-tools/upload-artifact,cargo,workflow,,,,0,,17625642183,2025-09-10T20:12:09Z
stu,No,Yes,Yes,Yes,upload-artifact,cargo,jobs/workflow,,,,0,,17629059915,2025-09-10T23:06:04Z
arbiter,No,Yes,No,Yes,llvm-tools,cargo,workflow,,,,0,,17333896890,2025-08-29T20:44:37Z
metaboss,Yes,Yes,No,Yes,cargo,cargo,files/workflow,,,,0,,17216337057,2025-08-25T17:42:34Z
csml-engine,No,Yes,No,Yes,cargo/upload-artifact,cargo,workflow,,,,0,,,
rfd,No,Yes,No,No,,cargo,workflow,,,,0,,17616789490,2025-09-10T14:19:16Z
apple-platform-rs,No,No,Yes,Yes,upload-artifact,,jobs/workflow,,,,0,,17618493034,2025-09-10T15:19:05Z
PackSquash,No,Yes,No,Yes,llvm-tools/upload-artifact,cargo,workflow,,,,0,,17519503606,2025-09-06T21:02:21Z
ratchet,No,Yes,No,No,,,workflow,,,,0,,15826173367,2025-06-23T13:52:45Z
topiary,No,Yes,Yes,Yes,upload-artifact,cargo,jobs/workflow,,,,0,,17633159042,2025-09-11T03:29:42Z
okapi,No,Yes,Yes,No,,cargo,jobs/workflow,,,,0,,15761369198,2025-06-19T15:25:22Z
KiwiTalk,No,No,No,No,,,,,,,0,,17639749986,2025-09-11T09:09:22Z
wrappers,No,Yes,Yes,Yes,coveralls/llvm-cov/llvm-tools/report-file,cargo,jobs/workflow,,,,0,,17579705300,2025-09-09T10:27:51Z
lune,Yes,Yes,Yes,Yes,upload-artifact,cargo,files/jobs/workflow,,,,0,,17617703302,2025-09-10T14:51:02Z
j4rs,No,Yes,Yes,No,,cargo,jobs/workflow,,,,0,,16361360139,2025-07-18T03:20:22Z
camilladsp,Yes,Yes,Yes,No,,cargo,files/jobs/workflow,,,,0,,16621087878,2025-07-30T11:18:51Z
tinyvec,Yes,Yes,Yes,No,,cargo,files/jobs/workflow,,,,0,,17054782534,2025-08-18T23:09:27Z
statix,No,No,No,No,,,,,,,0,,17642908375,2025-09-11T11:20:19Z
marmite,Yes,Yes,Yes,Yes,codecov/upload-artifact,cargo,files/jobs/logs/workflow,,,,0,,17544583886,2025-09-08T08:26:48Z
layout,Yes,Yes,Yes,Yes,cargo,cargo,files/jobs/workflow,,,,0,,15520823757,2025-06-08T17:20:15Z
cap-std,Yes,Yes,Yes,No,,cargo,files/jobs/workflow,,,,0,,15260426390,2025-05-26T18:59:06Z
nog,No,No,No,No,,,,,,,0,,,
grammers,No,Yes,No,No,,cargo,workflow,,,,0,,17531475111,2025-09-07T17:08:49Z
xmr-btc-swap,No,Yes,Yes,Yes,upload-artifact,cargo,jobs/logs/workflow,,,,0,,16443260091,2025-07-22T11:42:06Z
lux,No,Yes,Yes,Yes,llvm-tools/upload-artifact,,jobs/workflow,,,,0,,17639277119,2025-09-11T08:50:16Z
glyph-brush,Yes,Yes,Yes,No,,cargo,files/jobs/logs/workflow,,,,0,,16539197626,2025-07-26T11:09:40Z
physx-rs,No,Yes,Yes,No,,cargo,jobs/workflow,,,,0,,12970019101,2025-01-26T01:05:15Z
undermoon,Yes,Yes,No,Yes,cargo,cargo,files/workflow,,,,0,,,
selene,No,Yes,Yes,Yes,cargo/upload-artifact,cargo,jobs/workflow,,,,0,,17030621637,2025-08-18T04:01:52Z
Damn_Vulnerable_C_Program,No,No,No,No,,,,,,,0,,17519198876,2025-09-06T20:28:04Z
hot-lib-reloader-rs,Yes,Yes,Yes,No,,cargo,files/jobs/workflow,,,,0,,16879576168,2025-08-11T12:08:49Z
ext-php-rs,Yes,Yes,No,Yes,coveralls/tarpaulin,cargo,files/workflow,,,,0,,17632381480,2025-09-11T02:40:28Z
packages,No,Yes,Yes,No,,,jobs/workflow,,,,0,,17643396091,2025-09-11T11:41:31Z
self-replace,Yes,Yes,Yes,No,,cargo,files/jobs/workflow,,,,0,,16198815122,2025-07-10T15:06:42Z
crater,Yes,Yes,Yes,Yes,upload-artifact,cargo,files/jobs/workflow,,,,0,,17530931517,2025-09-07T16:15:33Z
zram-generator,Yes,No,Yes,No,,cargo,files/jobs,,,,0,,17633606939,2025-09-11T04:01:31Z
pcap,Yes,Yes,Yes,Yes,grcov/instrument-coverage,cargo,files/jobs/workflow,100.0,95.22,100.0,30,logs,17636032278,2025-09-11T06:27:09Z
gba,No,Yes,No,Yes,cargo,cargo,workflow,,,,0,,15015477057,2025-05-14T08:03:41Z
rquickjs,Yes,Yes,Yes,Yes,codecov/llvm-cov/llvm-tools/report-file/upload-artifact,cargo,files/jobs/workflow,,,,0,,17639769760,2025-09-11T09:10:09Z
EmbedAnything,Yes,No,No,Yes,upload-artifact,cargo,files/workflow,,,,0,,17374221891,2025-09-01T09:58:40Z
manga-tui,Yes,Yes,Yes,Yes,llvm-tools/upload-artifact,cargo,files/jobs/workflow,,,,0,,17564678208,2025-09-08T21:30:10Z
orion,Yes,Yes,Yes,Yes,codecov/grcov/instrument-coverage/report-file,cargo,files/jobs/workflow,99.09,99.1,99.1,14,checks,17641063221,2025-09-11T10:02:57Z
rspotify,Yes,Yes,No,Yes,cargo,cargo,files/workflow,,,,0,,17632424823,2025-09-11T02:43:19Z
rafx,No,Yes,No,No,,cargo,workflow,,,,0,,,
noosphere,No,Yes,No,Yes,upload-artifact,cargo,workflow,,,,0,,,
dvm,No,Yes,No,No,,cargo,workflow,,,,0,,15243797152,2025-05-26T00:49:18Z
conflux-rust,Yes,Yes,Yes,No,,cargo,files/jobs/workflow,,,,0,,17481489211,2025-09-05T01:59:47Z
qmetaobject-rs,No,Yes,No,No,,cargo,workflow,,,,0,,14640309762,2025-04-24T11:19:16Z
sonic-rs,No,No,No,No,,,,,,,0,,17582087783,2025-09-09T12:09:27Z
typstudio,No,No,No,No,,,,,,,0,,14411155263,2025-04-11T20:05:43Z
maelstrom,No,Yes,No,Yes,llvm-tools,cargo,workflow,,,,0,,17637132239,2025-09-11T07:18:57Z
IRust,Yes,Yes,Yes,No,,cargo,files/jobs/workflow,,,,0,,17515921281,2025-09-06T14:53:04Z
bril,Yes,Yes,Yes,Yes,upload-artifact,cargo,files/jobs/workflow,,,,0,,17618793164,2025-09-10T15:29:09Z
scroll-prover,No,Yes,Yes,No,,,jobs/workflow,,,,0,,14527872944,2025-04-18T01:30:37Z
rustc-perf,No,Yes,Yes,Yes,cargo,cargo,jobs/workflow,,,,0,,17645286438,2025-09-11T12:58:40Z
miden-vm,No,Yes,No,Yes,llvm-tools,,workflow,,,,0,,17643111698,2025-09-11T11:29:08Z
fang,No,Yes,Yes,No,,cargo,jobs/workflow,,,,0,,17601672247,2025-09-10T02:52:06Z
htmx-lsp,No,Yes,Yes,Yes,upload-artifact,cargo,jobs/workflow,,,,0,,17523756442,2025-09-07T04:21:46Z
metal-rs,No,Yes,Yes,No,,cargo,jobs/workflow,,,,0,,17536521413,2025-09-08T01:00:55Z
lambdaworks,Yes,Yes,No,Yes,codecov/llvm-cov/llvm-tools/report-file,cargo,files/workflow,,,,0,,17472815655,2025-09-04T18:10:07Z
tab-rs,No,Yes,No,Yes,cargo,cargo,workflow,,,,0,,,
rnet,Yes,Yes,Yes,Yes,upload-artifact,pytest,files/jobs/workflow,,,,0,,17580942650,2025-09-09T11:20:04Z
pingap,Yes,Yes,Yes,Yes,llvm-cov,cargo,files/jobs/workflow,,,,0,,17645550193,2025-09-11T13:08:37Z
valthrun-cs2,No,Yes,No,Yes,upload-artifact,cargo,workflow,,,,0,,17258815315,2025-08-27T06:11:03Z
Xline,No,Yes,No,Yes,codecov/llvm-cov/llvm-tools/upload-artifact,cargo,workflow,,,,0,,17630294850,2025-09-11T00:26:02Z
mev-bundle-generator,No,Yes,No,Yes,cargo,cargo,workflow,,,,0,,,
turbo.fish,No,No,No,Yes,cargo,,workflow,,,,0,,,
rusty-kaspa,Yes,Yes,Yes,Yes,cargo/upload-artifact,cargo,files/jobs/workflow,,,,0,,17633067049,2025-09-11T03:23:38Z
nokhwa,No,No,No,No,,,,,,,0,,17096141607,2025-08-20T10:47:00Z
objc2,No,Yes,Yes,Yes,llvm-tools,cargo,jobs/workflow,,,,0,,17626920546,2025-09-10T21:10:26Z
manuscript-core,No,No,No,No,,,,,,,0,,17357449082,2025-08-31T12:57:21Z
forest,Yes,Yes,Yes,Yes,llvm-tools/upload-artifact,cargo,files/jobs/workflow,,,,0,,17646826775,2025-09-11T13:54:05Z
rust-sfml,No,Yes,Yes,No,,cargo,jobs/workflow,,,,0,,16658449065,2025-07-31T19:44:11Z
bpfman,Yes,Yes,No,Yes,codecov/llvm-cov/llvm-tools/report-file/upload-artifact,cargo,files/workflow,8.04,8.05,8.08,6,artifacts:lcov,17598420180,2025-09-09T23:32:12Z
gameboy,Yes,Yes,Yes,No,,cargo,files/jobs/workflow,,,,0,,16731722287,2025-08-04T18:57:20Z
blade,Yes,Yes,Yes,Yes,cargo,cargo,files/jobs/workflow,,,,0,,17605966695,2025-09-10T07:05:08Z
slumber,No,Yes,Yes,Yes,upload-artifact,cargo,jobs/logs/workflow,,,,0,,17559443869,2025-09-08T17:47:42Z
indy-sdk,No,Yes,No,Yes,upload-artifact,cargo,workflow,,,,0,,,
handlr,Yes,Yes,No,No,,cargo,files/workflow,,,,0,,,
rip,No,Yes,No,No,,cargo,workflow,,,,0,,14968280027,2025-05-12T09:07:16Z
arceos,No,Yes,Yes,No,,,jobs/workflow,,,,0,,17542469859,2025-09-08T06:57:45Z
fontations,No,Yes,Yes,No,,cargo,jobs/workflow,,,,0,,17632460742,2025-09-11T02:45:34Z
oatmeal,Yes,Yes,No,Yes,coveralls/llvm-cov/llvm-tools/report-file/upload-artifact,cargo,files/workflow,,,,0,,,
rust-sitter,No,Yes,No,No,,cargo,workflow,,,,0,,17562650296,2025-09-08T20:04:12Z
ngrrram,No,No,No,Yes,upload-artifact,,workflow,,,,0,,,
sentry-rust,No,Yes,Yes,Yes,codecov/llvm-cov/llvm-tools/report-file,cargo,jobs/workflow,73.39,90.32,93.75,24,checks,17647830990,2025-09-11T14:29:29Z
pubgrub,Yes,Yes,Yes,No,,cargo,files/jobs/workflow,,,,0,,17635839279,2025-09-11T06:18:07Z
csview,No,Yes,No,Yes,llvm-tools/upload-artifact,cargo,workflow,,,,0,,14571131835,2025-04-21T09:31:02Z
moq,No,No,No,No,,,,,,,0,,17631642142,2025-09-11T01:53:25Z
jsonschema,No,Yes,No,Yes,codecov/llvm-cov/llvm-tools/report-file/upload-artifact,cargo,files/workflow,,,,0,,17633908494,2025-09-11T04:21:08Z
libcosmic,No,Yes,Yes,No,,cargo,jobs/workflow,,,,0,,17635724854,2025-09-11T06:12:32Z
nativeshell,No,Yes,No,Yes,cargo,cargo,workflow,,,,0,,14576206397,2025-04-21T15:31:33Z
tendermint-rs,Yes,Yes,No,Yes,codecov/grcov/instrument-coverage/llvm-tools/report-file,cargo,files/workflow,,,,0,,17629877702,2025-09-11T00:00:51Z
chess-tui,Yes,Yes,Yes,No,,cargo,files/jobs/workflow,,,,0,,17440115923,2025-09-03T16:41:37Z
mycelium,No,Yes,Yes,Yes,llvm-tools,cargo,files/jobs/logs/workflow,,,,0,,17630852294,2025-09-11T01:02:21Z
onagre,No,Yes,Yes,Yes,cargo/upload-artifact,cargo,jobs/workflow,,,,0,,14643640872,2025-04-24T14:04:01Z
menyoki,No,Yes,No,Yes,cargo/codecov/report-file/tarpaulin,cargo,files/workflow,,,,0,,17521370559,2025-09-07T00:22:30Z
sig,No,Yes,Yes,Yes,cargo/upload-artifact,cargo,jobs/workflow,,,,0,,17433194338,2025-09-03T12:19:00Z
nostr-rs-relay,Yes,Yes,No,No,,cargo,files/workflow,,,,0,,13485267443,2025-02-23T17:23:38Z
diplomat,No,Yes,Yes,Yes,llvm-tools,cargo,jobs/workflow,,,,0,,17471534498,2025-09-04T17:14:18Z
toipe,No,Yes,No,No,,cargo,workflow,,,,0,,,
donutbrowser,No,Yes,No,No,,cargo,workflow,,,,0,,17629586560,2025-09-10T23:38:20Z
muvm,No,No,No,No,,,,,,,0,,17470144868,2025-09-04T16:15:46Z
google-cloud-rust,No,Yes,Yes,Yes,codecov/tarpaulin,go,jobs/logs/workflow,58.2,58.2,58.2,5,logs,17629533608,2025-09-10T23:34:45Z
pathfinder,No,Yes,Yes,Yes,llvm-tools/upload-artifact,,jobs/workflow,,,,0,,17635506850,2025-09-11T06:02:04Z
cucumber,Yes,Yes,No,No,,cargo,files/workflow,,,,0,,17637279904,2025-09-11T07:25:14Z
avail-light,No,Yes,Yes,Yes,codecov/grcov/instrument-coverage/report-file/upload-artifact,cargo,jobs/workflow,,,,0,,17636327460,2025-09-11T06:41:52Z
boytacean,Yes,Yes,Yes,Yes,upload-artifact,cargo,files/jobs/workflow,,,,0,,17521398058,2025-09-07T00:25:08Z
wasmex,Yes,No,Yes,Yes,upload-artifact,cargo,files/jobs/workflow,,,,0,,17633620228,2025-09-11T04:02:18Z
frum,Yes,Yes,No,Yes,upload-artifact,cargo,files/workflow,,,,0,,,
wired-notify,No,No,No,No,,,,,,,0,,17364576135,2025-09-01T00:47:03Z
ai-gateway,No,Yes,Yes,No,,cargo,jobs/workflow,,,,0,,17550165730,2025-09-08T12:05:41Z
sherlock,No,Yes,Yes,No,,cargo,jobs/workflow,,,,0,,17529789818,2025-09-07T14:24:46Z
xcnotary,Yes,Yes,No,No,,cargo,files/workflow,,,,0,,,
retrowin32,No,Yes,No,No,,,workflow,,,,0,,17445680979,2025-09-03T20:46:05Z
CreuSAT,Yes,No,No,No,,cargo,files,,,,0,,14871139479,2025-05-06T22:42:57Z
sodiumoxide,No,Yes,No,Yes,cargo,cargo,workflow,,,,0,,,
kakoune-lsp,Yes,Yes,Yes,No,,cargo,files/jobs/logs/workflow,,,,0,,17547136770,2025-09-08T10:04:26Z
application-services,No,No,No,Yes,upload-artifact,,workflow,,,,0,,17646174605,2025-09-11T13:30:32Z
scylla-rust-driver,Yes,Yes,Yes,Yes,llvm-tools,cargo,files/jobs/workflow,,,,0,,17638353131,2025-09-11T08:13:03Z
stdarch,No,Yes,Yes,No,,cargo,jobs/workflow,,,,0,,17636718833,2025-09-11T07:01:31Z
aws-secretsmanager-agent,No,Yes,No,Yes,codecov/llvm-cov,cargo,workflow,100.0,99.31,100.0,3,checks,17597921815,2025-09-09T23:03:22Z
rust-hypervisor-firmware,No,No,Yes,No,,,jobs,,,,0,,17634368145,2025-09-11T04:51:23Z
nlprule,No,Yes,No,Yes,cargo/upload-artifact,pytest,workflow,,,,0,,,
netavark,Yes,No,No,Yes,upload-artifact,cargo,files/workflow,,,,0,,17633002018,2025-09-11T03:19:38Z
deadnix,No,Yes,No,Yes,upload-artifact,cargo,workflow,,,,0,,17561162014,2025-09-08T19:01:36Z
memory.lol,No,Yes,Yes,Yes,cargo/codecov,cargo,jobs/workflow,,,,0,,15518108081,2025-06-08T11:46:54Z
rdev,Yes,Yes,No,No,,cargo,files/workflow,,,,0,,16020479036,2025-07-02T08:47:15Z
rust-semverver,Yes,No,No,Yes,llvm-tools,cargo,files,,,,0,,,
cunzhi,No,Yes,Yes,Yes,llvm-tools/upload-artifact,,jobs/workflow,,,,0,,16341581906,2025-07-17T09:35:38Z
bili-shadowreplay,No,Yes,No,No,,cargo,workflow,,,,0,,17643856971,2025-09-11T12:03:03Z
cargo-call-stack,Yes,Yes,Yes,No,,cargo,files/jobs/workflow,,,,0,,11559376527,2024-10-28T17:28:59Z
pgwire,No,Yes,Yes,No,,cargo,jobs/logs/workflow,,,,0,,17646315480,2025-09-11T13:35:36Z
ab-av1,No,Yes,Yes,No,,cargo,jobs/logs/workflow,,,,0,,16877720755,2025-08-11T10:42:08Z
cargo-about,Yes,Yes,Yes,Yes,upload-artifact,cargo,files/jobs/workflow,,,,0,,17485900722,2025-09-05T06:46:54Z
libm,No,Yes,Yes,Yes,llvm-tools/upload-artifact,cargo,jobs/workflow,,,,0,,14556344625,2025-04-20T05:19:41Z
metaplex-program-library,No,Yes,Yes,No,,jest,jobs/workflow,,,,0,,16399489869,2025-07-20T11:40:05Z
vim-dogrun,No,Yes,Yes,Yes,cargo,cargo,jobs/workflow,,,,0,,15507671206,2025-06-07T12:09:57Z
code-minimap,No,Yes,No,Yes,llvm-tools/upload-artifact,cargo,workflow,,,,0,,12527087444,2024-12-28T13:40:39Z
ppfuzz,No,No,No,Yes,cargo,,workflow,,,,0,,17631615950,2025-09-11T01:51:41Z
flipperzero-rs,No,Yes,No,No,,cargo,workflow,,,,0,,17633715788,2025-09-11T04:08:09Z
fedimint,No,Yes,Yes,Yes,codecov/upload-artifact,,files/jobs/workflow,,,,0,,17648599971,2025-09-11T14:57:22Z
Rust-Flashcards,No,No,No,No,,,,,,,0,,,
dirble,No,Yes,Yes,Yes,cargo,cargo,jobs/workflow,,,,0,,14323510412,2025-04-08T02:08:18Z
stm32f4xx-hal,No,No,No,No,,,,,,,0,,16912426830,2025-08-12T14:47:32Z
rustboyadvance-ng,No,No,No,Yes,upload-artifact,,workflow,,,,0,,17526114597,2025-09-07T08:27:23Z
packed_simd,Yes,No,No,No,,cargo,files,,,,0,,,
vless,No,Yes,No,No,,,workflow,,,,0,,17647486397,2025-09-11T14:17:44Z
brontes,No,Yes,No,Yes,upload-artifact,cargo,workflow,,,,0,,17638036040,2025-09-11T08:00:35Z
symbolica,Yes,No,No,Yes,codecov/llvm-cov/llvm-tools/upload-artifact,cargo,files/workflow,,,,0,,17647767096,2025-09-11T14:27:16Z
typical,No,Yes,No,Yes,upload-artifact,cargo,workflow,,,,0,,17511194010,2025-09-06T06:34:20Z
crunchy-cli,No,No,No,Yes,upload-artifact,,workflow,,,,0,,,
tapo,No,Yes,No,Yes,upload-artifact,,workflow,,,,0,,17644089728,2025-09-11T12:12:10Z
vim-markdown-composer,Yes,Yes,No,Yes,cargo,cargo,files/workflow,,,,0,,,
rustybuzz,Yes,Yes,No,No,,cargo,files/workflow,,,,0,,15543976848,2025-06-09T20:29:32Z
reverie,Yes,Yes,Yes,No,,cargo,files/jobs/workflow,,,,0,,17506745917,2025-09-05T23:31:36Z
pikelet,Yes,Yes,No,Yes,cargo,cargo,files/workflow,,,,0,,,
system76-power,No,Yes,Yes,No,,cargo,jobs/workflow,,,,0,,17329485572,2025-08-29T16:46:26Z
hyperlight-wasm,No,Yes,No,Yes,upload-artifact,,workflow,,,,0,,17633693080,2025-09-11T04:06:45Z
percival,No,Yes,No,No,,cargo,workflow,,,,0,,,
cumulus,Yes,Yes,No,Yes,upload-artifact,cargo,files/workflow,,,,0,,,
hoard,No,Yes,No,No,,cargo,workflow,,,,0,,,
unicode-segmentation,Yes,Yes,Yes,No,,cargo,files/jobs/workflow,,,,0,,16562098772,2025-07-28T06:45:44Z
goldboot,No,Yes,Yes,Yes,cargo/codecov/upload-artifact,cargo,files/jobs/workflow,,,,0,,16209447445,2025-07-11T01:08:34Z
emacs-lsp-booster,Yes,Yes,Yes,No,,cargo,files/jobs/workflow,,,,0,,12654578406,2025-01-07T15:49:40Z
wastebin,No,Yes,No,No,,cargo,workflow,,,,0,,17526276199,2025-09-07T08:42:36Z
magicpak,No,Yes,No,Yes,upload-artifact,cargo,workflow,,,,0,,,
python-launcher,Yes,No,Yes,Yes,cargo,cargo,files/jobs/workflow,,,,0,,17601810892,2025-09-10T03:00:43Z
tlrc,Yes,Yes,Yes,No,,cargo,files/jobs/workflow,,,,0,,17622824597,2025-09-10T18:10:33Z
yourcontrols,No,No,No,Yes,cargo/upload-artifact,,workflow,,,,0,,13623451829,2025-03-03T04:32:03Z
typstyle,Yes,Yes,No,Yes,llvm-tools/upload-artifact,jest,files/workflow,,,,0,,17540951982,2025-09-08T05:41:15Z
atsamd,No,No,No,Yes,upload-artifact,,workflow,,,,0,,17562145067,2025-09-08T19:41:45Z
Kindelia,Yes,Yes,No,Yes,cargo,go,files/workflow,,,,0,,,
stm32f1xx-hal,No,Yes,No,Yes,cargo,cargo,workflow,,,,0,,17572022890,2025-09-09T04:44:20Z
tmux-sessionizer,Yes,No,Yes,Yes,upload-artifact,cargo,files/jobs/workflow,,,,0,,17100525505,2025-08-20T13:54:39Z
solo2,Yes,No,No,Yes,upload-artifact,cargo,files/workflow,,,,0,,,
stronghold.rs,Yes,Yes,No,Yes,cargo/coveralls/upload-artifact,cargo,files/workflow,,,,0,,17629922323,2025-09-11T00:03:38Z
sdk,No,Yes,Yes,No,,,jobs/workflow,,,,0,,17600812354,2025-09-10T02:01:57Z
huak,No,Yes,No,Yes,upload-artifact,cargo,workflow,,,,0,,,
parallel-disk-usage,Yes,Yes,Yes,Yes,upload-artifact,cargo,files/jobs/workflow,,,,0,,17566807694,2025-09-08T23:20:08Z
espflash,No,Yes,Yes,Yes,upload-artifact,cargo,jobs/workflow,,,,0,,17615475650,2025-09-10T13:32:38Z
godot-rapier-physics,No,Yes,Yes,Yes,upload-artifact,cargo,jobs/workflow,,,,0,,17641510522,2025-09-11T10:20:28Z
glyphon,Yes,Yes,Yes,No,,cargo,files/jobs/workflow,,,,0,,17285071618,2025-08-28T03:39:04Z
cosmic-comp,No,Yes,Yes,Yes,cargo,cargo,jobs/workflow,,,,0,,17628310680,2025-09-10T22:20:17Z
xbuild,No,Yes,No,Yes,upload-artifact,cargo,workflow,,,,0,,17574100681,2025-09-09T06:41:00Z
parquet-wasm,Yes,Yes,Yes,Yes,upload-artifact,jest,files/jobs/workflow,,,,0,,17564182840,2025-09-08T21:09:08Z
Ebou,No,Yes,No,No,,cargo,workflow,,,,0,,,
similarity,Yes,Yes,Yes,Yes,codecov/llvm-cov/llvm-tools/report-file,cargo,files/jobs/workflow,,,,0,,16971406607,2025-08-14T16:50:07Z
wiki-tui,No,Yes,Yes,Yes,cargo,cargo,jobs/workflow,,,,0,,17641519980,2025-09-11T10:20:52Z
httpmock,Yes,Yes,No,Yes,cargo/codecov,cargo,files/workflow,,,,0,,17547060914,2025-09-08T10:01:36Z
ripdrag,No,No,No,Yes,cargo,,workflow,,,,0,,,
tgt,No,Yes,Yes,Yes,upload-artifact,cargo,jobs/workflow,,,,0,,17551374444,2025-09-08T12:50:25Z
huff-rs,No,Yes,Yes,Yes,cargo,cargo,jobs/workflow,,,,0,,11430209677,2024-10-20T22:37:54Z
stgit,No,Yes,Yes,Yes,upload-artifact,,jobs/workflow,,,,0,,17544004873,2025-09-08T08:03:59Z
frontier,No,Yes,Yes,Yes,cargo,,jobs/workflow,,,,0,,17635882100,2025-09-11T06:20:08Z
b,Yes,No,No,No,,cargo,files,,,,0,,17220576955,2025-08-25T20:57:56Z
packet,No,No,No,No,,,,,,,0,,17400083686,2025-09-02T10:02:18Z
plonk,Yes,Yes,Yes,Yes,codecov,cargo,files/jobs/workflow,,,,0,,13178871683,2025-02-06T12:33:40Z
raft-engine,Yes,No,Yes,Yes,codecov/grcov/instrument-coverage/report-file,cargo,files/jobs/workflow,,,,0,,16236687192,2025-07-12T09:33:45Z
ammonia,Yes,Yes,Yes,No,,cargo,files/jobs/logs/workflow,,,,0,,17559837141,2025-09-08T18:05:26Z
aderyn,Yes,Yes,Yes,Yes,upload-artifact,cargo,files/jobs/workflow,,,,0,,17573065165,2025-09-09T05:47:41Z
rust-s3,No,Yes,No,No,,,workflow,,,,0,,14917754887,2025-05-08T23:03:09Z
jito-solana,No,Yes,Yes,Yes,upload-artifact,cargo,jobs/workflow,,,,0,,17650312016,2025-09-11T16:02:06Z
LibreQoS,No,Yes,Yes,Yes,upload-artifact,pytest,jobs/workflow,,,,0,,17651287422,2025-09-11T16:42:00Z
doctave,Yes,Yes,No,Yes,cargo/upload-artifact,cargo,files/workflow,,,,0,,,
intermodal,Yes,Yes,Yes,No,,cargo,files/jobs/workflow,,,,0,,15861757260,2025-06-24T21:20:48Z
smithy-rs,No,Yes,Yes,Yes,upload-artifact,,jobs/workflow,,,,0,,17650375238,2025-09-11T16:04:31Z
tui-journal,No,Yes,Yes,No,,cargo,jobs/workflow,,,,0,,17433475208,2025-09-03T12:30:02Z
aidoku-community-sources,No,Yes,Yes,Yes,upload-artifact,,jobs/workflow,,,,0,,17616124923,2025-09-10T13:56:30Z
serde-wasm-bindgen,Yes,No,Yes,No,,cargo,files/jobs,,,,0,,16499706079,2025-07-24T14:28:43Z
async-stripe,Yes,Yes,No,Yes,codecov/llvm-cov/llvm-tools/report-file/upload-artifact,cargo,files/workflow,,,,0,,17480178279,2025-09-05T00:31:00Z
nurl,Yes,Yes,Yes,No,,cargo,files/jobs/workflow,,,,0,,15365457363,2025-05-31T16:21:38Z
tex-fmt,Yes,Yes,No,Yes,upload-artifact,cargo,files/workflow,,,,0,,17426236342,2025-09-03T07:25:54Z
backtrace-rs,Yes,Yes,Yes,No,,cargo,files/jobs/workflow,,,,0,,17291882311,2025-08-28T09:35:14Z
parinfer-rust,Yes,Yes,Yes,No,,cargo,files/jobs/workflow,,,,0,,15469207202,2025-06-05T14:07:42Z
cushy,No,Yes,Yes,No,,cargo,jobs/workflow,,,,0,,17462166565,2025-09-04T11:19:18Z
webauthn-rs,No,Yes,Yes,Yes,upload-artifact,cargo,jobs/workflow,,,,0,,17508189292,2025-09-06T01:34:27Z
pinocchio,No,Yes,Yes,No,,jest,jobs/workflow,,,,0,,17651486242,2025-09-11T16:50:33Z
systemfd,No,Yes,Yes,Yes,upload-artifact,,jobs/workflow,,,,0,,12903237783,2025-01-22T07:23:15Z
teip,Yes,Yes,No,Yes,upload-artifact,cargo,files/workflow,,,,0,,,
quaint,No,Yes,No,No,,cargo,workflow,,,,0,,,
rust-tun,No,Yes,No,No,,,workflow,,,,0,,17627019922,2025-09-10T21:14:50Z
zsh-yarn-autocompletions,No,Yes,No,No,,cargo,workflow,,,,0,,,
teaching-material,No,No,No,Yes,upload-artifact,,workflow,,,,0,,,
git-stack,Yes,Yes,Yes,Yes,coveralls/llvm-tools/tarpaulin,cargo,files/jobs/workflow,,,,0,,17525502942,2025-09-07T07:22:55Z
zeronsd,Yes,Yes,Yes,No,,cargo,files/jobs/logs/workflow,,,,0,,16272011401,2025-07-14T16:11:01Z
ringrtc,No,Yes,Yes,Yes,upload-artifact,jest,jobs/workflow,,,,0,,17638872742,2025-09-11T08:33:38Z
sidecar,No,No,No,No,,,,,,,0,,15010311566,2025-05-14T01:36:58Z
Tran,No,No,No,No,,,,,,,0,,17644084780,2025-09-11T12:11:58Z
zstd-rs,Yes,Yes,No,No,,cargo,files/workflow,,,,0,,17643903992,2025-09-11T12:04:55Z
abscissa,No,Yes,No,Yes,cargo,cargo,workflow,,,,0,,17630122398,2025-09-11T00:15:58Z
egglog,Yes,No,Yes,Yes,llvm-tools/upload-artifact,cargo,files/jobs/workflow,,,,0,,17649130892,2025-09-11T15:16:02Z
pier,Yes,Yes,No,No,,cargo,files/workflow,,,,0,,11343457043,2024-10-15T09:41:44Z
GModPatchTool,No,No,No,No,,,,,,,0,,17334112197,2025-08-29T20:57:40Z
parity-signer,No,Yes,Yes,Yes,upload-artifact,cargo,jobs/workflow,,,,0,,17632293765,2025-09-11T02:34:58Z
node-bindgen,No,Yes,Yes,No,,,jobs/workflow,,,,0,,12830552904,2025-01-17T14:03:04Z
fastembed-rs,Yes,Yes,Yes,No,,cargo,files/jobs/workflow,,,,0,,17537925485,2025-09-08T02:32:45Z
optimization-engine,Yes,Yes,No,Yes,cargo,cargo,files/workflow,,,,0,,17562092665,2025-09-08T19:39:24Z
egui_graphs,No,Yes,Yes,No,,cargo,jobs/workflow,,,,0,,17178514601,2025-08-23T18:03:12Z
ad,Yes,Yes,Yes,Yes,llvm-tools,cargo,files/jobs/workflow,,,,0,,17636056016,2025-09-11T06:28:16Z
canvas,No,Yes,Yes,Yes,llvm-tools/upload-artifact,cargo,jobs/workflow,,,,0,,17632378619,2025-09-11T02:40:18Z
tinymist,Yes,Yes,Yes,Yes,llvm-tools/upload-artifact,jest,files/jobs/workflow,,,,0,,17651497177,2025-09-11T16:50:59Z
floneum,No,Yes,Yes,Yes,upload-artifact,cargo,jobs/workflow,,,,0,,17645867131,2025-09-11T13:19:28Z
facet,No,No,Yes,Yes,coveralls/llvm-cov/llvm-tools/report-file,,jobs/workflow,,,,0,,17652768969,2025-09-11T17:45:20Z
pixels,No,Yes,Yes,No,,cargo,jobs/workflow,,,,0,,17521126260,2025-09-07T00:00:03Z
sbtc-developer-release,No,Yes,Yes,Yes,codecov/report-file/upload-artifact,,jobs/workflow,,,,0,,12139281327,2024-12-03T12:06:25Z
doxx,Yes,Yes,No,No,,cargo,files/workflow,,,,0,,17574167319,2025-09-09T06:44:24Z
chalk,Yes,Yes,Yes,No,,cargo,files/jobs/workflow,,,,0,,17521452918,2025-09-07T00:30:12Z
plane,No,Yes,Yes,Yes,upload-artifact,cargo,jobs/workflow,,,,0,,17651467563,2025-09-11T16:49:40Z
fst,Yes,Yes,Yes,No,,cargo,files/jobs/workflow,,,,0,,17631322478,2025-09-11T01:32:07Z
rustc_codegen_clr,Yes,Yes,No,Yes,llvm-tools,cargo,files/workflow,,,,0,,15583427116,2025-06-11T11:18:00Z
sad,Yes,No,No,Yes,upload-artifact,cargo,files/workflow,,,,0,,17631686619,2025-09-11T01:56:19Z
wsl-distrod,No,Yes,No,Yes,upload-artifact,,workflow,,,,0,,,
fuso,No,No,No,Yes,cargo/upload-artifact,,workflow,,,,0,,14320173144,2025-04-07T21:49:04Z
pavex,No,Yes,No,Yes,llvm-tools/upload-artifact,cargo,workflow,,,,0,,17643971960,2025-09-11T12:07:35Z
StyLua,Yes,Yes,Yes,Yes,codecov/grcov/instrument-coverage/llvm-cov/llvm-tools/report-file/upload-artifact,cargo,files/jobs/workflow,,,,0,,17631709345,2025-09-11T01:57:54Z
steel,No,Yes,No,Yes,cargo/coveralls/report-file/tarpaulin/upload-artifact,cargo,workflow,,,,0,,17649925918,2025-09-11T15:45:46Z
blueboat,Yes,Yes,No,No,,cargo,files/workflow,,,,0,,,
prisma-client-rust,Yes,Yes,No,No,,cargo,files/workflow,,,,0,,13806705581,2025-03-12T08:19:14Z
rui,No,Yes,Yes,No,,cargo,jobs/workflow,,,,0,,17451855612,2025-09-04T02:52:14Z
vpncloud,Yes,Yes,No,Yes,cargo,cargo,files/workflow,,,,0,,17631430548,2025-09-11T01:39:15Z
spider,Yes,Yes,No,No,,cargo,files/workflow,,,,0,,17632424366,2025-09-11T02:43:18Z
static-web-server,Yes,Yes,Yes,Yes,upload-artifact,cargo,files/jobs/workflow,,,,0,,17632437566,2025-09-11T02:44:08Z
proptest,No,Yes,No,Yes,,cargo,workflow,,,,0,,17632344903,2025-09-11T02:38:13Z
inferno,Yes,Yes,No,Yes,codecov/llvm-cov/llvm-tools/report-file,cargo,files/workflow,,,,0,,17652349178,2025-09-11T17:27:29Z
taplo,No,Yes,Yes,Yes,upload-artifact,cargo,jobs/workflow,,,,0,,17337532128,2025-08-30T01:19:41Z
fantoccini,Yes,Yes,No,Yes,codecov/llvm-cov/llvm-tools/report-file,cargo,files/workflow,,,,0,,17642456144,2025-09-11T11:02:18Z
gloo,No,Yes,No,Yes,upload-artifact,cargo,workflow,,,,0,,17495347048,2025-09-05T14:00:52Z
MCHPRS,Yes,Yes,Yes,Yes,upload-artifact,cargo,files/jobs/workflow,,,,0,,17636259215,2025-09-11T06:38:26Z
open-tv,No,No,No,Yes,upload-artifact,,workflow,,,,0,,17542570465,2025-09-08T07:02:42Z
winapi-rs,Yes,Yes,No,No,,cargo,files/workflow,,,,0,,,
aurae,No,Yes,No,No,,,workflow,,,,0,,15487448149,2025-06-06T09:32:31Z
lucky-commit,No,Yes,No,No,,cargo,workflow,,,,0,,14787961551,2025-05-02T03:18:18Z
rumqtt,No,Yes,Yes,Yes,cargo/coveralls/llvm-cov/llvm-tools/report-file,,jobs/workflow,,,,0,,17651047708,2025-09-11T16:31:50Z
phira,No,Yes,Yes,No,,cargo,jobs/workflow,,,,0,,17353254835,2025-08-31T05:56:13Z
vagga,Yes,No,No,No,,cargo,files,,,,0,,,
uiua,Yes,Yes,No,No,,cargo,files/workflow,,,,0,,17538175967,2025-09-08T02:50:17Z
rCore-Tutorial-v3,No,No,Yes,No,,,jobs,,,,0,,14665797636,2025-04-25T13:30:00Z
cached,Yes,No,No,No,,cargo,files,,,,0,,17591586301,2025-09-09T18:07:03Z
bayard,No,Yes,Yes,Yes,cargo/upload-artifact,cargo,jobs/workflow,,,,0,,17521493452,2025-09-07T00:34:08Z
ZoKrates,No,No,No,No,,,,,,,0,,,
typed-html,No,Yes,Yes,No,,cargo,jobs/workflow,,,,0,,17364007487,2025-09-01T00:04:01Z
rustc_codegen_cranelift,No,Yes,Yes,Yes,upload-artifact,,jobs/workflow,,,,0,,17547027371,2025-09-08T10:00:24Z
vizia,No,Yes,No,Yes,cargo,,workflow,,,,0,,17497273232,2025-09-05T15:18:10Z
nh,Yes,Yes,Yes,No,,cargo,files/jobs/workflow,,,,0,,17650899026,2025-09-11T16:25:32Z
verus,No,Yes,Yes,Yes,upload-artifact,,jobs/workflow,,,,0,,17645171123,2025-09-11T12:54:15Z
rust-csv,Yes,Yes,Yes,No,,cargo,files/jobs/workflow,,,,0,,17631342120,2025-09-11T01:33:21Z
rust-quiz,No,No,No,No,,,,,,,0,,17631911781,2025-09-11T02:11:14Z
grpc-rs,No,Yes,Yes,No,,cargo,jobs/workflow,,,,0,,17627996000,2025-09-10T22:04:50Z
dfdx,No,Yes,No,Yes,cargo/llvm-tools,cargo,workflow,,,,0,,,
vigil,No,Yes,Yes,No,,cargo,jobs/workflow,,,,0,,12640521219,2025-01-06T21:19:22Z
miniquad,No,No,No,Yes,cargo,,workflow,,,,0,,17353909672,2025-08-31T07:07:40Z
adblock-rust,Yes,Yes,Yes,No,,cargo,files/jobs/workflow,,,,0,,17647948990,2025-09-11T14:33:36Z
rust-rdkafka,Yes,Yes,No,No,,cargo,files/workflow,,,,0,,17631019733,2025-09-11T01:12:48Z
datafusion-ballista,No,Yes,Yes,Yes,codecov/tarpaulin/upload-artifact,pytest,jobs/workflow,,,,0,,17654536305,2025-09-11T19:00:56Z
wasmi,No,Yes,No,Yes,codecov/report-file/tarpaulin/upload-artifact,cargo,files/workflow,68.74,68.74,68.75,5,artifacts:cobertura,17648801182,2025-09-11T15:04:39Z
rust-cpython,Yes,Yes,No,No,,cargo,files/workflow,,,,0,,13289176236,2025-02-12T15:40:35Z
folderify,Yes,Yes,Yes,No,,cargo,files/jobs/workflow,,,,0,,15796337390,2025-06-21T13:47:32Z
hermit-rs,Yes,No,No,No,,cargo,files,,,,0,,17614208104,2025-09-10T12:47:06Z
scaphandre,Yes,Yes,No,No,,cargo,files/workflow,,,,0,,17374205895,2025-09-01T09:57:54Z
xremap,No,Yes,Yes,Yes,upload-artifact,cargo,jobs/workflow,,,,0,,17649339511,2025-09-11T15:23:24Z
lol-html,Yes,Yes,No,No,,cargo,files/workflow,,,,0,,17650086120,2025-09-11T15:52:23Z
lapdev,No,Yes,No,Yes,upload-artifact,cargo,workflow,,,,0,,13619586780,2025-03-02T21:41:46Z
ractor,No,Yes,Yes,Yes,cargo/codecov/grcov/report-file,cargo,files/jobs/logs/workflow,82.48,87.14,88.89,11,checks,17642580908,2025-09-11T11:07:14Z
y-crdt,No,Yes,Yes,Yes,cargo/upload-artifact,cargo,jobs/workflow,,,,0,,17034922210,2025-08-18T08:12:03Z
texture-synthesis,No,Yes,No,No,,cargo,workflow,,,,0,,,
human-panic,Yes,Yes,Yes,Yes,coveralls/llvm-tools/tarpaulin,cargo,files/jobs/workflow,,,,0,,17544819469,2025-09-08T08:36:13Z
cairo,Yes,Yes,Yes,Yes,llvm-tools/upload-artifact,cargo,files/jobs/workflow,,,,0,,17652936214,2025-09-11T17:52:51Z
bon,No,Yes,Yes,Yes,llvm-tools,cargo,jobs/workflow,,,,0,,17643875002,2025-09-11T12:03:47Z
cargo-mobile2,No,Yes,Yes,No,,cargo,jobs/workflow,,,,0,,17476754659,2025-09-04T21:09:21Z
kalker,Yes,Yes,Yes,Yes,upload-artifact,cargo,files/jobs/workflow,,,,0,,17502667298,2025-09-05T19:30:10Z
risinglight,Yes,Yes,Yes,Yes,llvm-tools,cargo,files/jobs/workflow,,,,0,,16857344504,2025-08-10T04:37:33Z
taskwarrior-tui,No,Yes,Yes,Yes,coveralls/grcov/instrument-coverage/upload-artifact,,jobs/workflow,,,,0,,16820891639,2025-08-08T03:05:38Z
jumpy,No,No,No,Yes,cargo/upload-artifact,,workflow,,,,0,,16039678260,2025-07-03T01:47:16Z
zCore,Yes,Yes,No,Yes,cargo/coveralls/grcov/llvm-tools,cargo,files/workflow,,,,0,,,
bob,No,Yes,Yes,Yes,cargo/upload-artifact,cargo,jobs/logs/workflow,,,,0,,17585426928,2025-09-09T14:10:52Z
syncpack,No,Yes,Yes,Yes,cargo/upload-artifact,cargo,jobs/workflow,,,,0,,17652634126,2025-09-11T17:39:05Z
rustix,Yes,Yes,Yes,No,,cargo,files/jobs/logs/workflow,,,,0,,17617030740,2025-09-10T14:27:16Z
mainframer,Yes,No,No,Yes,upload-artifact,cargo,files/workflow,,,,0,,,
deploy-rs,No,No,No,No,,,,,,,0,,17561174265,2025-09-08T19:02:03Z
cargo-dist,No,Yes,Yes,Yes,upload-artifact,cargo,jobs/workflow,,,,0,,17641635499,2025-09-11T10:25:31Z
cfonts,No,Yes,Yes,Yes,cargo/coveralls/llvm-cov/llvm-tools/report-file,jest,jobs/logs/workflow,,,,0,,17506719355,2025-09-05T23:29:30Z
champ-r,No,No,No,Yes,upload-artifact,,workflow,,,,0,,17639191056,2025-09-11T08:46:43Z
GlobalProtect-openconnect,No,No,No,Yes,upload-artifact,,workflow,,,,0,,16365479726,2025-07-18T08:03:39Z
rust-bio,Yes,Yes,Yes,Yes,cargo/coveralls/report-file,cargo,files/jobs/workflow,,,,0,,17539270042,2025-09-08T04:02:14Z
wonnx,No,Yes,No,Yes,upload-artifact,pytest,workflow,,,,0,,,
OxiCloud,No,Yes,Yes,No,,,jobs/workflow,,,,0,,17589910410,2025-09-09T16:58:22Z
rustsec,No,Yes,No,Yes,cargo,cargo,workflow,,,,0,,17650283688,2025-09-11T16:01:00Z
redbpf,No,Yes,No,No,,,workflow,,,,0,,,
geo,No,Yes,Yes,No,,cargo,jobs/workflow,,,,0,,17640671345,2025-09-11T09:45:36Z
learn-wgpu,No,Yes,No,No,,cargo,workflow,,,,0,,17595711906,2025-09-09T21:08:35Z
OctoBase,No,Yes,Yes,Yes,codecov/llvm-cov/llvm-tools/report-file/upload-artifact,,jobs/workflow,,,,0,,17614152512,2025-09-10T12:45:01Z
kosmonaut,Yes,Yes,No,Yes,cargo,cargo,files/workflow,,,,0,,,
cnosdb,No,Yes,No,No,,cargo,workflow,,,,0,,17641068647,2025-09-11T10:03:10Z
oreboot,No,No,No,No,,,,,,,0,,17445200782,2025-09-03T20:24:03Z
ninja,No,No,No,No,,,,,,,0,,,
Relm4,No,Yes,Yes,No,,cargo,jobs/workflow,,,,0,,17648810279,2025-09-11T15:04:58Z
wechat-dump-rs,No,No,No,No,,,,,,,0,,14267381159,2025-04-04T14:16:17Z
stateright,No,Yes,Yes,No,,cargo,jobs/workflow,,,,0,,16556788764,2025-07-27T23:48:03Z
ferrumc,No,No,Yes,Yes,llvm-tools,,jobs/workflow,,,,0,,17193262334,2025-08-24T20:12:51Z
diamond-types,No,Yes,Yes,No,,cargo,jobs/workflow,,,,0,,11566376878,2024-10-29T02:49:18Z
git-interactive-rebase-tool,Yes,Yes,Yes,Yes,coveralls/report-file,cargo,files/jobs/workflow,,,,0,,16749434790,2025-08-05T12:01:32Z
legba,No,Yes,Yes,No,,cargo,jobs/workflow,,,,0,,17329408225,2025-08-29T16:42:23Z
wgpu-rs,Yes,Yes,No,Yes,cargo,cargo,files/workflow,,,,0,,,
fe,No,Yes,Yes,No,,cargo,jobs/workflow,,,,0,,17652109195,2025-09-11T17:17:25Z
colmena,No,Yes,Yes,No,,cargo,jobs/workflow,,,,0,,17591166548,2025-09-09T17:48:58Z
rp-hal,No,Yes,Yes,No,,,jobs/workflow,,,,0,,17519257950,2025-09-06T20:33:40Z
slog,No,Yes,Yes,No,,cargo,jobs/workflow,,,,0,,17274823345,2025-08-27T18:04:06Z
prusti-dev,No,Yes,No,Yes,codecov/grcov/instrument-coverage/llvm-tools/report-file/upload-artifact,,files/workflow,,,,0,,,
orange,No,Yes,No,No,,,workflow,,,,0,,,
openraft,Yes,Yes,Yes,Yes,cargo/coveralls/llvm-cov/llvm-tools/report-file/upload-artifact,cargo,files/jobs/logs/workflow,,,,0,,17631914418,2025-09-11T02:11:27Z
BoilR,No,Yes,No,No,,cargo,workflow,,,,0,,17518579819,2025-09-06T19:21:12Z
si,No,Yes,No,Yes,upload-artifact,,workflow,,,,0,,17655962806,2025-09-11T20:05:18Z
nil,No,Yes,Yes,No,,cargo,jobs/workflow,,,,0,,17523841273,2025-09-07T04:31:00Z
rpg-cli,No,Yes,Yes,No,,cargo,jobs/workflow,,,,0,,14805447504,2025-05-03T00:15:58Z
cubecl,No,No,No,No,,,,,,,0,,17655805614,2025-09-11T19:58:36Z
LocustDB,Yes,Yes,Yes,No,,cargo,files/jobs/workflow,,,,0,,16080794931,2025-07-04T20:53:12Z
openethereum,No,Yes,No,Yes,cargo/upload-artifact,cargo,workflow,,,,0,,,
iceoryx2,No,Yes,Yes,Yes,codecov/grcov/report-file/upload-artifact,cargo,files/jobs/workflow,,,,0,,17651728194,2025-09-11T17:01:41Z
backend,No,Yes,Yes,Yes,cargo,go,jobs/logs/workflow,,,,0,,17645869562,2025-09-11T13:19:33Z
below,No,Yes,Yes,No,,cargo,jobs/workflow,,,,0,,17447779108,2025-09-03T22:32:58Z
eyre,No,Yes,No,Yes,cargo,cargo,workflow,,,,0,,17547833945,2025-09-08T10:31:23Z
josh,Yes,Yes,No,Yes,upload-artifact,cargo,files/workflow,,,,0,,17558952987,2025-09-08T17:26:41Z
sniprun,Yes,Yes,No,No,,cargo,files/workflow,,,,0,,17476863593,2025-09-04T21:14:06Z
rust,No,Yes,No,No,,cargo,workflow,,,,0,,17596584917,2025-09-09T21:48:14Z
rust-skia,No,Yes,Yes,Yes,upload-artifact,cargo,jobs/workflow,,,,0,,17631638212,2025-09-11T01:53:10Z
Loungy,No,No,No,No,,,,,,,0,,,
AppFlowy-Cloud,Yes,Yes,No,Yes,llvm-tools/upload-artifact,cargo,files/workflow,,,,0,,17630191633,2025-09-11T00:20:06Z
ocrs,No,Yes,Yes,No,,,jobs/workflow,,,,0,,17652948321,2025-09-11T17:53:23Z
bracket-lib,No,Yes,No,No,,cargo,workflow,,,,0,,,
ic,No,Yes,Yes,Yes,upload-artifact,pytest,jobs/workflow,,,,0,,17656472533,2025-09-11T20:26:55Z
matano,No,No,No,Yes,upload-artifact,,workflow,,,,0,,17643863146,2025-09-11T12:03:20Z
zz,Yes,No,No,No,,cargo,files,,,,0,,,
sqlite-zstd,No,Yes,Yes,Yes,cargo/upload-artifact,cargo,jobs/workflow,,,,0,,15968638563,2025-06-30T09:04:23Z
AngryOxide,No,No,No,No,,,,,,,0,,17631501059,2025-09-11T01:43:58Z
code,No,Yes,No,Yes,llvm-tools/upload-artifact,,workflow,,,,0,,17656708993,2025-09-11T20:37:33Z
CADmium,No,Yes,Yes,Yes,upload-artifact,,jobs/workflow,,,,0,,17493827751,2025-09-05T12:57:58Z
toasty,Yes,Yes,No,No,,cargo,files/workflow,,,,0,,17649895373,2025-09-11T15:44:25Z
mdq,Yes,Yes,Yes,Yes,llvm-tools/tarpaulin/upload-artifact,cargo,files/jobs/workflow,,,,0,,17554035443,2025-09-08T14:23:00Z
videocall-rs,No,Yes,Yes,Yes,upload-artifact,cargo,jobs/workflow,,,,0,,17583260574,2025-09-09T12:54:06Z
toast,No,Yes,No,Yes,upload-artifact,cargo,workflow,,,,0,,16097361626,2025-07-06T09:02:10Z
matrix-rust-sdk,No,Yes,Yes,Yes,codecov/llvm-cov/llvm-tools/report-file/upload-artifact,cargo,files/jobs/workflow,88.56,88.56,88.95,25,checks,17656595141,2025-09-11T20:32:33Z
zee,No,No,No,No,,,,,,,0,,13185668987,2025-02-06T18:41:40Z
markdown-oxide,No,Yes,No,Yes,cargo,cargo,workflow,,,,0,,17629187713,2025-09-10T23:13:21Z
shadow,No,Yes,Yes,Yes,upload-artifact,cargo,jobs/workflow,,,,0,,17628990935,2025-09-10T23:02:20Z
create-rust-app,No,Yes,Yes,Yes,cargo,cargo,jobs/workflow,,,,0,,15802901531,2025-06-22T04:27:06Z
Egregoria,No,Yes,No,Yes,upload-artifact,cargo,workflow,,,,0,,15391674797,2025-06-02T12:00:16Z
sway-applications,No,Yes,No,No,,cargo,workflow,,,,0,,,
dum,No,Yes,No,Yes,upload-artifact,cargo,workflow,,,,0,,12854271482,2025-01-19T14:07:56Z
rezolus,No,No,No,No,,,,,,,0,,,
deno_lint,No,Yes,Yes,No,,cargo,jobs/workflow,,,,0,,17594930625,2025-09-09T20:33:15Z
discovery,No,No,No,No,,,,,,,0,,16152147633,2025-07-08T19:06:34Z
naga,Yes,Yes,No,Yes,codecov/llvm-cov/llvm-tools/report-file,cargo,files/workflow,,,,0,,,
moonfire-nvr,No,Yes,Yes,Yes,llvm-tools/upload-artifact,jest,jobs/logs/workflow,,,,0,,15754897225,2025-06-19T09:48:48Z
dozer,No,Yes,No,Yes,coveralls/grcov/instrument-coverage/report-file/upload-artifact,cargo,workflow,,,,0,,,
icu4x,No,Yes,Yes,Yes,codecov/coveralls/grcov/llvm-tools/upload-artifact,cargo,files/jobs/workflow,71.74,72.11,72.94,11,logs,17651732368,2025-09-11T17:01:52Z
egg,Yes,Yes,Yes,No,,cargo,files/jobs/workflow,,,,0,,17518578322,2025-09-06T19:21:05Z
zbox,Yes,Yes,No,No,,cargo,files/workflow,,,,0,,,
bootloader,Yes,Yes,Yes,Yes,llvm-tools,cargo,files/jobs/workflow,,,,0,,17635282281,2025-09-11T05:47:36Z
pyapp,No,Yes,No,Yes,llvm-tools/upload-artifact,,workflow,,,,0,,17180226712,2025-08-23T21:14:46Z
nova,Yes,Yes,Yes,Yes,llvm-tools/upload-artifact,cargo,files/jobs/workflow,,,,0,,17656858868,2025-09-11T20:44:48Z
wasm-tools,Yes,Yes,Yes,Yes,upload-artifact,cargo,files/jobs/logs/workflow,,,,0,,17589560730,2025-09-09T16:43:14Z
llm-chain,No,Yes,No,Yes,cargo,cargo,workflow,,,,0,,11615772620,2024-10-31T16:19:01Z
rudr,No,Yes,No,No,,cargo,workflow,,,,0,,,
rjvm,No,Yes,No,Yes,llvm-tools,,workflow,,,,0,,,
httm,No,No,No,Yes,upload-artifact,,workflow,,,,0,,17138505458,2025-08-21T20:39:34Z
auron,No,Yes,Yes,Yes,upload-artifact,cargo,jobs/workflow,,,,0,,17634112035,2025-09-11T04:34:36Z
shpool,No,Yes,Yes,Yes,upload-artifact,cargo,jobs/workflow,,,,0,,17634622083,2025-09-11T05:08:29Z
refinery,No,Yes,Yes,Yes,cargo,cargo,jobs/workflow,,,,0,,17155666004,2025-08-22T12:46:42Z
krunvm,No,No,No,No,,,,,,,0,,16644088954,2025-07-31T08:34:47Z
rust-openssl,No,Yes,Yes,No,,cargo,jobs/workflow,,,,0,,17648412014,2025-09-11T14:50:19Z
ort,Yes,Yes,Yes,Yes,codecov/tarpaulin,cargo,files/jobs/workflow,,,,0,,17593418718,2025-09-09T19:23:42Z
orogene,Yes,Yes,No,Yes,upload-artifact,cargo,files/workflow,,,,0,,17637282513,2025-09-11T07:25:20Z
three-d,No,No,No,Yes,cargo,,workflow,,,,0,,16401206790,2025-07-20T15:02:42Z
observer_ward,Yes,Yes,No,No,,cargo,files/workflow,,,,0,,17641084986,2025-09-11T10:03:45Z
celeste,No,No,Yes,No,,,jobs,,,,0,,15226716458,2025-05-24T11:43:49Z
feldera,No,Yes,No,Yes,llvm-tools/upload-artifact,cargo,workflow,,,,0,,17656193966,2025-09-11T20:14:58Z
mvsqlite,No,Yes,No,Yes,upload-artifact,,workflow,,,,0,,17656255446,2025-09-11T20:17:33Z
termusic,No,Yes,Yes,Yes,upload-artifact,cargo,jobs/workflow,,,,0,,17632110239,2025-09-11T02:23:36Z
stevenarella,Yes,No,No,Yes,upload-artifact,cargo,files/workflow,,,,0,,17474955175,2025-09-04T19:45:05Z
rust-web3,No,Yes,No,Yes,cargo,cargo,workflow,,,,0,,15521106216,2025-06-08T17:57:57Z
RustQuant,No,Yes,Yes,Yes,codecov/tarpaulin,cargo,jobs/logs/workflow,,,,0,,17488379195,2025-09-05T08:46:14Z
cobalt.rs,Yes,Yes,Yes,Yes,coveralls/llvm-tools/tarpaulin,cargo,files/jobs/workflow,,,,0,,17591699076,2025-09-09T18:11:19Z
mongo-rust-driver,Yes,No,No,No,,cargo,files,,,,0,,17631846456,2025-09-11T02:06:51Z
nym,No,Yes,No,Yes,cargo/upload-artifact,cargo,workflow,0.0,0.0,0.0,1,checks,17655975185,2025-09-11T20:05:51Z
avr-hal,No,Yes,No,No,,cargo,workflow,,,,0,,17362507393,2025-08-31T21:23:10Z
occlum,Yes,Yes,Yes,Yes,codecov,cargo,files/jobs/workflow,,,,0,,17653125508,2025-09-11T18:01:46Z
LlamaEdge,Yes,Yes,Yes,No,,cargo,files/jobs/workflow,,,,0,,17632473831,2025-09-11T02:46:23Z
blessed-rs,No,No,No,Yes,upload-artifact,,workflow,,,,0,,16802677038,2025-08-07T11:04:15Z
uefi-rs,No,Yes,No,Yes,codecov/llvm-cov/llvm-tools,cargo,files/workflow,,,,0,,17650097097,2025-09-11T15:52:50Z
cargo-release,Yes,Yes,Yes,Yes,coveralls/llvm-tools/tarpaulin,cargo,files/jobs/workflow,,,,0,,17656604420,2025-09-11T20:32:55Z
rust-crdt,Yes,Yes,No,Yes,cargo,cargo,files/workflow,,,,0,,,
amazon-q-developer-cli,No,Yes,No,Yes,llvm-cov/llvm-tools/upload-artifact,cargo,workflow,,,,0,,17657564601,2025-09-11T21:17:32Z
attic,No,No,Yes,No,,,jobs,,,,0,,17648409675,2025-09-11T14:50:13Z
rust-url,No,Yes,Yes,Yes,codecov/llvm-tools/report-file/tarpaulin/upload-artifact,cargo,jobs/workflow,82.52,77.42,82.69,16,artifacts:cobertura/checks,17629400834,2025-09-10T23:25:57Z
autocorrect,Yes,Yes,Yes,Yes,cargo/upload-artifact,maven,files/jobs/logs/workflow,,,,0,,17607367281,2025-09-10T08:07:19Z
socketioxide,No,Yes,Yes,Yes,llvm-tools/upload-artifact,cargo,jobs/workflow,,,,0,,17634633429,2025-09-11T05:09:05Z
tensorbase,No,Yes,No,No,,cargo,workflow,,,,0,,,
sp1,No,Yes,No,Yes,cargo,cargo,workflow,,,,0,,17632873126,2025-09-11T03:11:52Z
maplibre-rs,No,Yes,Yes,Yes,upload-artifact,,jobs/workflow,,,,0,,17482572560,2025-09-05T03:11:35Z
h2,Yes,Yes,No,Yes,llvm-tools,cargo,files/workflow,,,,0,,17477304120,2025-09-04T21:34:51Z
vortex,No,Yes,Yes,Yes,codecov/grcov/instrument-coverage/llvm-tools/report-file/upload-artifact,cargo,files/jobs/workflow,100.0,72.9,100.0,18,checks,17657046025,2025-09-11T20:54:00Z
redshirt,No,Yes,No,Yes,cargo/upload-artifact,cargo,workflow,,,,0,,17646996514,2025-09-11T14:00:47Z
foundations,No,Yes,Yes,Yes,llvm-tools,cargo,jobs/workflow,,,,0,,17647273325,2025-09-11T14:10:20Z
syncstorage-rs,No,No,No,No,,,,,,,0,,17642799387,2025-09-11T11:15:57Z
jni-rs,Yes,Yes,Yes,No,,cargo,files/jobs/workflow,,,,0,,17658897327,2025-09-11T22:27:10Z
synth,No,Yes,No,Yes,cargo/llvm-tools/upload-artifact,cargo,files/workflow,,,,0,,11073738293,2024-09-27T15:51:12Z
biliup-app,No,No,No,No,,,,,,,0,,16486024895,2025-07-24T02:05:02Z
ja4,No,Yes,Yes,Yes,llvm-tools/upload-artifact,pytest,jobs/logs/workflow,,,,0,,17462118283,2025-09-04T11:17:22Z
cryo,No,Yes,No,Yes,upload-artifact,cargo,workflow,,,,0,,17408632313,2025-09-02T15:38:29Z
bili-sync,No,Yes,No,Yes,upload-artifact,cargo,workflow,,,,0,,17453586330,2025-09-04T04:44:52Z
reference,No,Yes,Yes,Yes,upload-artifact,cargo,jobs/workflow,,,,0,,17605923948,2025-09-10T07:03:26Z
ink,No,Yes,No,Yes,codecov/upload-artifact,cargo,workflow,,,,0,,17648012700,2025-09-11T14:35:45Z
quilkin,Yes,Yes,Yes,No,,cargo,files/jobs/workflow,,,,0,,17644081196,2025-09-11T12:11:50Z
rustworkx,Yes,Yes,Yes,Yes,coveralls/grcov/instrument-coverage/report-file/upload-artifact,cargo,files/jobs/workflow,94.64,94.64,94.64,12,artifacts:lcov,17653824413,2025-09-11T18:29:34Z
r-nacos,No,Yes,Yes,Yes,upload-artifact,,jobs/workflow,,,,0,,17630736778,2025-09-11T00:54:38Z
walkdir,No,Yes,Yes,No,,cargo,jobs/workflow,,,,0,,17631323260,2025-09-11T01:32:11Z
watt,No,Yes,No,No,,cargo,workflow,,,,0,,,
rstest,No,Yes,Yes,Yes,cargo/llvm-tools,cargo,jobs/workflow,,,,0,,17531325637,2025-09-07T16:54:33Z
joystream,Yes,Yes,Yes,Yes,upload-artifact,cargo,files/jobs/workflow,,,,0,,15156996810,2025-05-21T08:11:38Z
handlebars-rust,Yes,Yes,Yes,Yes,coveralls/tarpaulin,cargo,files/jobs/workflow,,,,0,,17646053293,2025-09-11T13:26:08Z
geektime-rust,No,Yes,No,No,,cargo,workflow,,,,0,,,
sprite-dicing,No,Yes,Yes,Yes,codecov/tarpaulin,,jobs/workflow,100.0,100.0,100.0,11,checks,17633468936,2025-09-11T03:50:39Z
korvus,No,No,No,Yes,upload-artifact,,workflow,,,,0,,13063521659,2025-01-30T23:59:57Z
so,Yes,Yes,Yes,Yes,cargo,cargo,files/jobs/workflow,,,,0,,15978063886,2025-06-30T16:10:27Z
comrak,Yes,Yes,No,No,,cargo,files/workflow,,,,0,,17631989403,2025-09-11T02:16:03Z
tailcall,Yes,Yes,No,Yes,codecov/llvm-cov/llvm-tools/report-file/upload-artifact,jest,files/workflow,,,,0,,17658419126,2025-09-11T22:02:56Z
ferron,No,Yes,No,No,,cargo,workflow,,,,0,,17652408055,2025-09-11T17:29:50Z
enarx,Yes,Yes,Yes,Yes,codecov/llvm-cov/report-file/upload-artifact,cargo,files/jobs/logs/workflow,,,,0,,17641113170,2025-09-11T10:04:50Z
agg,No,Yes,No,Yes,cargo,cargo,workflow,,,,0,,13472683209,2025-02-22T12:02:57Z
kafka-rust,Yes,Yes,Yes,No,,cargo,files/jobs/workflow,,,,0,,16322328923,2025-07-16T14:30:03Z
tiny-skia,Yes,Yes,Yes,No,,cargo,files/jobs/workflow,,,,0,,17302699640,2025-08-28T17:00:51Z
atm-cli,No,Yes,No,No,,cargo,workflow,,,,0,,,
wifi-connect,No,No,No,No,,,,,,,0,,17578505643,2025-09-09T09:41:10Z
twiggy,No,Yes,Yes,Yes,cargo,cargo,jobs/logs/workflow,,,,0,,17638049053,2025-09-11T08:01:06Z
oak,No,No,No,Yes,codecov/upload-artifact,,files/workflow,,,,0,,17658745192,2025-09-11T22:18:46Z
cargo-update,Yes,No,No,No,,cargo,files,,,,0,,17241297737,2025-08-26T14:29:15Z
heimdall-rs,No,Yes,Yes,Yes,llvm-tools,cargo,jobs/workflow,,,,0,,17658447510,2025-09-11T22:04:15Z
plugins-workspace,No,Yes,Yes,Yes,llvm-tools,cargo,jobs/workflow,,,,0,,17630322434,2025-09-11T00:27:38Z
frunk,Yes,Yes,Yes,Yes,cargo,cargo,files/jobs/workflow,,,,0,,17405340363,2025-09-02T13:38:23Z
nativelink,No,Yes,Yes,Yes,upload-artifact,cargo,jobs/workflow,,,,0,,17648862058,2025-09-11T15:06:42Z
comma,No,Yes,Yes,No,,,jobs/workflow,,,,0,,17549119773,2025-09-08T11:22:59Z
grpc-rust,No,Yes,No,Yes,cargo,,workflow,,,,0,,,
lnx,No,Yes,No,Yes,cargo,cargo,workflow,,,,0,,15050902695,2025-05-15T17:01:49Z
nydus,Yes,Yes,Yes,Yes,codecov/llvm-cov/llvm-tools/upload-artifact,cargo,files/jobs/workflow,66.67,74.2,84.2,15,checks/logs,17658620220,2025-09-11T22:12:36Z
ferrocene,Yes,No,No,Yes,grcov/upload-artifact,cargo,files/workflow,,,,0,,17656767895,2025-09-11T20:40:09Z
