name,Runs Analyzed,Number of Broken Builds,First Quartile,Mean Duration,Third Quartile
01mf02/jaq,100,13,0,0.69,1
0b01/tectonicdb,0,,,,
0x676e67/ninja,0,,,,
0x676e67/rnet,100,10,0,0.0,0
0x727/FingerprintHub,100,6,0,0.17,0
0xAlcibiades/mev-bundle-generator,0,,,,
0xMiden/miden-vm,100,4,0,0.0,0
0xPlaygrounds/rig,100,12,0,0.0,0
0xPolygonZero/plonky2,100,12,0,0.17,0
0xlane/wechat-dump-rs,30,0,0,0,0
1595901624/gpt-aggregated-edition,0,,,,
17cupsofcoffee/tetra,15,1,0,0.0,0
1Password/typeshare,100,4,0,0.0,0
AFLplusplus/LibAFL,100,14,0,0.36,0
AcalaNetwork/Acala,100,17,0,2.94,0
AccessKit/accesskit,100,6,0,1.33,1
AlexEne/twiggy,100,0,0,0,0
AmbientRun/Ambient,2,0,0,0,0
AmmarAbouZor/tui-journal,100,4,0,5.25,0
AmrDeveloper/GQL,100,3,0,0.0,0
Andy-Python-Programmer/aero,27,1,0,0.0,0
Anush008/fastembed-rs,100,14,0,1.79,2
AppFlowy-IO/AppFlowy-Cloud,100,9,0,3.67,7
ArroyoSystems/arroyo,100,8,0,0.0,0
ArthurBrussee/brush,100,7,0,0.0,0
AsahiLinux/muvm,100,12,0,1.67,2
AstarNetwork/Astar,100,12,0,0.0,0
Atome-FE/llama-node,0,,,,
Auburn/FastNoiseLite,0,,,,
Automattic/harper,100,1,0,0.0,0
Azure/azure-sdk-for-rust,100,0,0,0,0
BVE-Reborn/rend3,1,1,250,250.0,250
Barre/privaxy,100,1,4,4.0,4
BinChengZhao/delicate,3,1,386,386.0,386
BloopAI/bloop,41,0,0,0,0
BloopAI/vibe-kanban,100,18,0,0.0,0
Borber/Tran,100,0,0,0,0
Borber/seam,59,0,0,0,0
BoundaryML/baml,100,11,0,0.0,0
BrainiumLLC/cargo-mobile,0,,,,
Brendonovich/prisma-client-rust,8,2,33,109.0,185
Brooooooklyn/canvas,100,17,0,0.53,0
Builditluc/wiki-tui,36,1,6,6.0,6
BurntSushi/fst,100,3,0,0.67,1
BurntSushi/jiff,100,5,1,4.0,1
BurntSushi/memchr,100,3,0,0.0,0
BurntSushi/quickcheck,100,2,0,0.5,1
BurntSushi/ripgrep,100,7,0,0.0,0
BurntSushi/rust-csv,100,3,0,3.33,9
BurntSushi/walkdir,100,2,0,2.5,5
Byron/dua-cli,77,12,0,7.75,12
CADmium-Co/CADmium,65,1,8,8.0,8
CSML-by-Clevy/csml-engine,0,,,,
Canop/broot,100,1,0,0.0,0
CensoredUsername/dynasm-rs,82,0,0,0,0
ChainSafe/forest,100,9,0,0.0,0
ChuckHend/pg_vectorize,100,15,0,0.0,0
ClementTsang/bottom,100,2,0,0.0,0
ComunidadAylas/PackSquash,100,16,0,2.25,0
Conflux-Chain/conflux-rust,100,7,0,0.0,0
CosmWasm/cosmwasm,8,0,0,0,0
Cubxity/typstudio,1,1,155,155.0,155
CyberTimon/RapidRAW,100,4,0,0.0,0
Cyfrin/aderyn,100,9,0,0.0,0
Cysharp/csbindgen,100,0,0,0,0
DataDog/glommio,53,10,0,6.7,0
David-OConnor/pyflow,4,1,388,388.0,388
DelSkayn/rquickjs,100,10,0,0.4,0
DeterminateSystems/nix-installer,100,5,0,0.2,0
Devolutions/IronRDP,100,14,0,0.07,0
DioCrafts/OxiCloud,38,1,59,59.0,59
DioxusLabs/blitz,100,11,0,0.0,0
DioxusLabs/dioxus,100,4,0,0.0,0
DioxusLabs/taffy,100,7,0,0.57,0
Doctave/doctave,0,,,,
DragonOS-Community/DragonOS,100,0,0,0,0
Dushistov/flapigen-rs,100,11,0,6.73,4
Dusk-Labs/dim,2,1,132,132.0,132
EFForg/rayhunter,100,8,0,0.0,0
EasyTier/EasyTier,100,6,0,0.0,0
EmbarkStudios/cargo-about,98,20,0,14.5,1
EmbarkStudios/kajiya,3,1,114,114.0,114
EmbarkStudios/physx-rs,1,0,0,0,0
EmbarkStudios/rust-gpu,20,2,38,200.0,362
EmbarkStudios/texture-synthesis,0,,,,
Enter-tainer/cxx2flow,0,,,,
Equim-chan/Mortal,11,0,0,0,0
Equim-chan/mjai-reviewer,2,1,0,0.0,0
EricLBuehler/mistral.rs,100,16,0,0.25,0
ErikReider/SwayOSD,100,16,0,3.5,5
Eventual-Inc/Daft,100,19,0,0.0,0
FedericoBruzzone/tgt,100,0,0,0,0
Feel-ix-343/markdown-oxide,100,4,0,0.0,0
FoxIO-LLC/ja4,100,13,0,0.0,0
FractalFir/rustc_codegen_clr,100,15,0,14.47,22
Fredolx/open-tv,100,6,0,0.83,0
FuelLabs/fuel-core,100,7,0,0.0,0
FuelLabs/fuels-rs,100,20,0,0.0,0
FuelLabs/sway,100,14,0,0.0,0
FuelLabs/sway-applications,9,1,368,368.0,368
FyroxEngine/Fyrox,100,20,0,0.45,1
GREsau/okapi,8,1,86,86.0,86
GREsau/schemars,100,4,0,1.5,0
GRVYDEV/Project-Lightspeed,0,,,,
Gekkio/mooneye-gb,0,,,,
GetFirefly/firefly,0,,,,
GitoxideLabs/gitoxide,100,2,0,0.0,0
GlareDB/glaredb,100,26,0,0.0,0
GoXLR-on-Linux/goxlr-utility,100,11,0,1.64,1
GraphiteEditor/Graphite,100,5,0,0.0,0
GreptimeTeam/greptimedb,100,8,0,0.0,0
GuillaumeGomez/sysinfo,100,9,0,2.67,0
GyulyVGC/sniffnet,100,7,0,0.0,0
H-M-H/Weylus,47,6,0,20.0,42
HEnquist/camilladsp,100,8,0,4.25,8
HFQR/xitca-web,100,21,0,3.52,0
HaoboGu/rmk,100,11,0,0.18,0
HelixDB/helix-db,100,11,0,0.0,0
HerringtonDarkholme/vue-compiler,100,30,0,0.0,0
Hyde46/hoard,56,12,0,0.33,0
ImageOptim/gifski,20,1,0,0.0,0
ImageOptim/libimagequant,25,2,0,0.5,1
InioX/matugen,100,3,0,2.33,7
Inlyne-Project/inlyne,100,3,0,1.67,5
IntQuant/noita_entangled_worlds,100,8,0,0.12,0
Isona/dirble,79,7,0,33.14,7
JakeStanger/ironbar,100,10,0,0.0,0
JamieMason/syncpack,100,4,0,0.25,0
JohnnyMorganz/StyLua,100,4,0,0.0,0
Jon-Becker/heimdall-rs,100,1,0,0.0,0
Joystream/joystream,100,7,0,3.14,0
JuliaLang/juliaup,100,10,0,0.0,0
KDAB/cxx-qt,100,7,0,0.0,0
KSXGitHub/parallel-disk-usage,100,4,0,0.0,0
Kampfkarren/selene,100,18,0,0.83,0
Keats/tera,100,1,98,98.0,98
KiwiTalk/KiwiTalk,100,0,0,0,0
KonghaYao/cn-font-split,100,6,0,0.5,0
LGFae/swww,100,10,0,5.2,11
LGUG2Z/komorebi,100,4,0,0.25,0
LGUG2Z/whkd,100,0,0,0,0
Lagrange-Labs/deep-prove,100,24,0,0.17,0
LaurentMazare/tch-rs,100,1,367,367.0,367
Lea-fish/Leafish,0,,,,
LeonHartley/Coerce-rs,0,,,,
LibreQoE/LibreQoS,100,38,0,0.0,0
Lissy93/AdGuardian-Term,100,2,0,0.0,0
LlamaEdge/LlamaEdge,100,7,0,0.0,0
Lodestone-Team/lodestone,6,1,9,9.0,9
Lokathor/tinyvec,27,1,0,0.0,0
Lonami/grammers,100,10,0,3.5,0
Losses/rune,100,17,0,11.47,4
LucasPickering/slumber,100,15,0,0.0,0
LukeMathWalker/pavex,100,12,0,0.0,0
LukeMathWalker/zero-to-production,100,1,99,99.0,99
Luminarys/synapse,0,,,,
MCHPR/MCHPRS,100,8,0,2.5,0
MaikKlein/unreal-rust,0,,,,
Marekkon5/onetagger,32,6,0,0.0,0
Martichou/rquickshare,100,16,0,2.56,2
MaterializeInc/materialize,100,1,0,0.0,0
MatthiasGrandl/Loungy,0,,,,
Mic92/cntr,100,0,0,0,0
MirrorX-Desktop/MirrorX,0,,,,
MitMaro/git-interactive-rebase-tool,100,6,0,17.5,8
MobileFirstLLC/social-media-hacker-list,100,17,0,0.41,0
MolotovCherry/virtual-display-rs,100,0,0,0,0
MordechaiHadad/bob,100,16,0,0.88,2
Morganamilo/paru,70,12,0,11.42,18
Myriad-Dreamin/tinymist,100,3,0,0.0,0
Myriad-Dreamin/typst.ts,100,13,0,0.15,0
MystenLabs/sui,100,7,0,0.0,0
Narsil/rdev,87,10,0,0.0,0
NiREvil/vless,100,0,0,0,0
NiklasEi/bevy_game_template,72,17,0,2.0,0
Nukesor/pueue,100,4,0,0.0,0
Ogeon/palette,100,13,0,6.77,0
OpenZeppelin/cairo-contracts,100,4,0,0.0,0
Orange-OpenSource/hurl,100,7,0,0.0,0
Oxen-AI/Oxen,100,15,0,0.33,0
PRQL/prql,100,7,0,0.0,0
PaddiM8/kalker,39,15,0,13.67,0
Pagefind/pagefind,100,6,0,0.0,0
ParkMyCar/compact_str,100,5,0,0.0,0
PhilipK/BoilR,100,11,0,0.45,0
PistonDevelopers/conrod,0,,,,
Plume-org/Plume,14,1,386,386.0,386
PoloDB/PoloDB,100,16,0,7.38,1
PolyMeilex/Neothesia,100,0,0,0,0
PolyMeilex/rfd,100,12,0,3.33,0
ProvableHQ/sdk,100,11,0,0.64,1
ProvableHQ/snarkOS,100,7,0,0.0,0
ProvableHQ/snarkVM,100,6,0,0.17,0
Pumpkin-MC/Pumpkin,100,18,0,0.0,0
PyO3/maturin,100,8,0,0.38,0
PyO3/pyo3,100,13,0,0.0,0
PyO3/rust-numpy,100,19,0,5.63,1
Qiskit/rustworkx,100,7,0,2.71,3
Qovery/Replibyte,46,1,41,41.0,41
RReverser/serde-wasm-bindgen,5,1,179,179.0,179
Ragnt/AngryOxide,100,0,0,0,0
Rahix/avr-hal,100,9,0,0.33,0
ReFirmLabs/binwalk,100,11,0,16.91,21
ReagentX/imessage-exporter,100,2,0,0.0,0
RedisJSON/RedisJSON,100,22,0,0.64,0
Relm4/Relm4,100,8,0,0.0,0
RibirX/Ribir,100,12,0,0.5,0
RiotGames/developer-relations,1,0,0,0,0
Rust-GPU/Rust-CUDA,100,11,0,0.09,0
Rust-GPU/rust-gpu,100,13,0,1.62,1
Rust-SDL2/rust-sdl2,100,16,0,0.0,0
RustAudio/cpal,100,22,0,0.36,0
RustPython/RustPython,100,10,0,0.2,0
Samyak2/toipe,0,,,,
Schniz/fnm,100,15,0,4.4,9
SeaDve/Kooha,89,5,7,33.4,70
SeaDve/Mousai,87,4,0,28.75,48
SeaQL/sea-orm,100,14,0,0.79,2
Sequal32/yourcontrols,16,0,0,0,0
SilasMarvin/lsp-ai,6,1,0,0.0,0
Sjj1024/PacBao,0,,,,
Skallwar/suckit,3,1,93,93.0,93
Skittyblock/aidoku-community-sources,100,8,0,0.38,0
Skxxtz/sherlock,100,6,0,0.17,0
Smithay/smithay,100,13,0,0.69,1
Smithay/wayland-rs,100,12,0,4.25,4
SoptikHa2/desed,13,2,0,0.0,0
SorellaLabs/brontes,100,1,95,95.0,95
Speykious/cve-rs,3,1,56,56.0,56
SpikeHD/Dorion,100,24,0,0.67,0
Spu7Nix/SPWN-language,0,,,,
StarArawn/bevy_ecs_tilemap,100,10,0,1.3,1
StarlightSearch/EmbedAnything,100,0,0,0,0
Start9Labs/start-os,100,18,0,0.0,0
StractOrg/stract,100,5,0,34.6,0
Stranger6667/jsonschema,100,16,0,0.0,0
Stremio/stremio-core,100,3,0,0.0,0
Svetlitski/fcp,0,,,,
TaKO8Ki/frum,0,,,,
TabbyML/tabby,100,15,0,0.0,0
TeamFlos/phira,100,6,0,4.17,3
Tencent/tquic,100,26,0,0.23,0
ThePrimeagen/htmx-lsp,24,6,0,2.33,5
TheWaWaR/simple-http-server,25,3,0,0.33,1
ThisSeanZhang/landscape,70,3,0,0.0,0
ThousandBirdsInc/chidori,32,1,408,408.0,408
TimUntersberger/nog,0,,,,
TimeToogo/tunshell,0,,,,
TimonPost/laminar,0,,,,
Toqozz/wired-notify,24,5,14,66.4,119
Totodore/socketioxide,100,12,0,0.25,0
TraceMachina/nativelink,100,13,0,0.0,0
Trow-Registry/trow,100,16,0,2.88,4
Umio-Yasuno/amdgpu_top,100,11,0,0.0,0
Universal-Debloater-Alliance/universal-android-debloater-next-generation,100,15,0,0.93,2
Uriopass/Egregoria,2,1,25,25.0,25
VOICEVOX/voicevox_core,100,17,0,0.24,0
Valthrun/valthrun-cs2,100,11,0,5.27,7
VirusTotal/yara-x,100,7,0,0.0,0
Vrtgs/thirtyfour,100,10,0,0.1,0
WGUNDERWOOD/tex-fmt,100,5,0,0.0,0
WINSDK/bite,3,0,0,0,0
Watfaq/clash-rs,100,10,0,0.0,0
WilliamVenner/gmpublisher,5,0,0,0,0
WithSecureLabs/chainsaw,20,2,0,0.0,0
Wulf/create-rust-app,48,10,0,14.7,0
XAMPPRocky/tokei,100,9,0,18.67,1
Xinrea/bili-shadowreplay,100,4,0,0.0,0
Xudong-Huang/may_minihttp,14,0,0,0,0
Y2Z/monolith,100,8,0,0.12,0
YaLTeR/niri,100,3,0,0.33,1
Yamato-Security/hayabusa,100,8,0,0.25,0
YukiCoco/ToMoon,21,0,0,0,0
ZacharyL2/KeyEcho,0,,,,
Zaplib/zaplib,0,,,,
Zokrates/ZoKrates,3,1,0,0.0,0
a-b-street/abstreet,20,1,59,59.0,59
a16z/helios,100,21,0,1.48,1
a16z/jolt,100,9,0,0.0,0
abba23/spotify-adblock,7,1,1,1.0,1
abenz1267/walker,100,0,0,0,0
achristmascarl/rainfrog,100,10,0,1.1,1
aclysma/rafx,13,3,0,135.0,405
actix/actix-net,100,6,0,0.0,0
actix/actix-web,100,12,0,0.42,1
actix/examples,100,7,0,0.43,1
ad-si/Rust-Flashcards,0,,,,
adam-mcdaniel/oakc,0,,,,
adnanademovic/rosrust,5,1,0,0.0,0
afnanenayet/diffsitter,100,1,0,0.0,0
agersant/polaris,100,9,0,0.0,0
agrinman/tunnelto,0,,,,
ai-dynamo/dynamo,100,12,0,0.0,0
ajeetdsouza/zoxide,100,10,0,0.0,0
ajour/ajour,50,7,0,52.14,1
akeru-inc/xcnotary,0,,,,
alacritty/alacritty,100,6,0,1.0,1
alexcrichton/curl-rust,100,10,0,1.5,2
alexhallam/tv,100,18,0,0.0,0
alexheretic/ab-av1,100,0,0,0,0
alexheretic/glyph-brush,13,0,0,0,0
alexliesenfeld/httpmock,100,17,0,0.29,0
alexpasmantier/television,100,12,0,0.92,1
alexpovel/srgn,100,0,0,0,0
allan2/dotenvy,87,10,0,0.5,0
alloy-rs/core,100,12,0,2.33,3
allthemusicllc/atm-cli,0,,,,
alphaville/optimization-engine,100,1,0,0.0,0
altsem/gitu,100,16,0,2.38,2
alvr-org/ALVR,100,8,0,0.0,0
amber-lang/amber,100,12,0,0.08,0
amethyst/amethyst,0,,,,
amethyst/bracket-lib,0,,,,
amethyst/rendy,0,,,,
amethyst/rustrogueliketutorial,0,,,,
amethyst/specs,0,,,,
amtoaer/bili-sync,100,3,0,0.0,0
analysis-tools-dev/static-analysis,100,27,0,0.0,0
andreabergia/rjvm,0,,,,
andrewchambers/bupstash,0,,,,
anordal/shellharden,2,0,0,0,0
anp/moxie,0,,,,
antinomyhq/forge,100,12,0,0.0,0
antoyo/relm,0,,,,
anyrun-org/anyrun,100,19,0,1.0,1
anza-xyz/pinocchio,100,14,0,0.43,0
aome510/spotify-player,100,9,0,0.56,0
apache/arrow-rs,100,0,0,0,0
apache/datafusion,100,1,0,0.0,0
apache/datafusion-ballista,100,2,0,0.0,0
apache/datafusion-comet,100,6,0,0.0,0
apache/datafusion-sqlparser-rs,100,0,0,0,0
apache/horaedb,100,1,0,0.0,0
apache/iceberg-rust,100,10,0,0.0,0
apache/iggy,100,14,0,0.0,0
apache/incubator-teaclave-sgx-sdk,5,0,0,0,0
apache/opendal,100,3,0,0.0,0
apognu/tuigreet,37,4,0,0.0,0
apollographql/router,100,1,0,0.0,0
appsinacup/godot-rapier-physics,100,5,0,2.0,2
aptos-labs/aptos-core,100,9,0,0.0,0
arceos-org/arceos,100,4,0,0.0,0
argmin-rs/argmin,100,16,0,0.0,0
arkflow-rs/arkflow,100,2,0,0.0,0
arkworks-rs/algebra,100,5,0,0.0,0
arkworks-rs/snark,79,13,0,12.38,10
arloor/nftables-nat-rust,45,1,0,0.0,0
arlyon/async-stripe,100,16,0,5.81,6
arrayfire/arrayfire-rust,0,,,,
artichoke/artichoke,100,2,0,0.0,0
arxanas/git-branchless,100,3,0,0.0,0
asciinema/agg,38,0,0,0,0
asciinema/asciinema,100,3,0,4.33,13
ash-rs/ash,100,8,0,0.12,0
askama-rs/askama,100,12,0,0.08,0
asny/three-d,100,13,0,10.54,9
ast-grep/ast-grep,100,9,0,0.0,0
asterinas/asterinas,100,15,0,0.0,0
astonbitecode/j4rs,25,0,0,0,0
astral-sh/ruff,100,3,0,0.0,0
astral-sh/rye,100,42,0,0.0,0
astral-sh/uv,100,22,0,0.0,0
astro/deadnix,100,1,0,0.0,0
async-graphql/async-graphql,100,19,0,6.89,2
atsamd-rs/atsamd,100,12,0,0.5,0
atuinsh/atuin,100,16,0,0.0,0
audulus/rui,100,2,0,0.0,0
aurae-runtime/aurae,100,2,0,0.0,0
austinjones/tab-rs,0,,,,
autopilot-rs/autopy,47,6,0,1.67,2
availproject/avail,100,4,0,0.0,0
availproject/avail-light,100,11,0,0.73,2
avhz/RustQuant,100,25,0,0.2,0
aws-cloudformation/cloudformation-guard,100,2,0,0.0,0
aws/amazon-q-developer-cli,100,23,0,0.0,0
aws/aws-secretsmanager-agent,100,11,0,1.36,2
aws/s2n-quic,100,25,0,0.0,0
awslabs/aws-lambda-rust-runtime,100,5,0,0.6,0
awslabs/aws-lambda-web-adapter,100,2,0,0.0,0
awslabs/llrt,100,12,0,0.08,0
awslabs/mountpoint-s3,100,1,0,0.0,0
awslabs/shuttle,100,17,0,0.35,0
axodotdev/cargo-dist,100,2,0,0.0,0
aya-rs/aya,100,6,0,0.0,0
ayrat555/fang,85,11,0,31.45,10
balena-os/wifi-connect,100,8,0,1.25,1
bbodi/notecalc3,0,,,,
bee-san/RustScan,100,17,0,0.29,0
benfred/py-spy,100,4,0,0.0,0
benruijl/symbolica,100,12,0,0.58,1
bensadeh/tailspin,100,2,0,0.0,0
bevy-cheatbook/bevy-cheatbook,6,0,0,0,0
bevyengine/bevy,100,1,0,0.0,0
bext-lang/b,100,9,0,0.0,0
bgreenwell/doxx,100,14,0,0.0,0
bgreenwell/lstr,100,11,0,0.55,0
bheisler/criterion.rs,61,5,0,27.0,20
biliup/biliup-app,1,0,0,0,0
biliup/biliup-rs,73,5,0,0.0,0
biomejs/biome,100,10,0,0.0,0
bionic-gpt/bionic-gpt,8,1,0,0.0,0
blacknon/hwatch,26,3,0,0.0,0
blahgeek/emacs-lsp-booster,4,1,17,17.0,17
blitzar-tech/egui_graphs,100,6,0,0.0,0
block/goose,100,5,0,0.0,0
bminixhofer/nlprule,0,,,,
boa-dev/boa,100,3,0,0.0,0
bodil/typed-html,27,1,409,409.0,409
bodo-run/yek,100,12,0,1.67,2
bootandy/dust,100,16,0,1.44,0
bootc-dev/bootc,100,11,0,0.0,0
borgo-lang/borgo,2,0,0,0,0
bottlerocket-os/bottlerocket,100,1,0,0.0,0
boxdot/gurk-rs,100,5,0,2.4,2
bpfman/bpfman,100,6,0,0.0,0
brandur/redis-cell,82,4,0,51.0,98
brave/adblock-rust,100,15,0,0.0,0
brettcannon/python-launcher,100,5,0,0.2,0
build-trust/ockam,100,23,0,0.0,0
buildfoundation/mainframer,0,,,,
buttplugio/buttplug,100,13,0,16.0,27
bvaisvil/zenith,67,18,0,6.89,0
bytebeamio/rumqtt,100,12,0,16.83,15
bytecodealliance/cap-std,100,13,0,3.23,0
bytecodealliance/javy,100,6,0,0.0,0
bytecodealliance/lucet,0,,,,
bytecodealliance/rustix,100,9,0,7.33,1
bytecodealliance/wasm-tools,100,9,0,0.33,0
bytecodealliance/wasmtime,100,2,0,0.0,0
bytecodealliance/wit-bindgen,100,9,0,0.33,0
bytecodealliance/wizer,100,13,0,1.62,0
bytedance/g3,100,2,0,0.0,0
bytestring-net/bevy_lunex,47,0,0,0,0
cBournhonesque/lightyear,100,8,0,2.75,4
cachix/devenv,100,4,0,0.0,0
cangzhang/champ-r,100,16,0,0.19,0
cantino/mcfly,100,8,0,0.25,0
capnproto/capnproto-rust,100,5,0,0.0,0
cargo-bins/cargo-binstall,100,1,0,0.0,0
cargo-generate/cargo-generate,100,5,0,0.0,0
cargo-lambda/cargo-lambda,100,0,0,0,0
casey/intermodal,54,10,0,0.0,0
casey/just,100,7,0,0.14,0
cberner/fuser,100,8,0,6.25,0
cberner/redb,100,7,0,0.71,2
cbiffle/lilos,81,6,3,12.0,18
cedar-policy/cedar,100,23,0,0.0,0
chainbase-labs/manuscript-core,100,11,0,0.0,0
chaosprint/glicol,4,1,0,0.0,0
chaqchase/lla,100,9,0,1.78,0
chase/awrit,100,0,0,0,0
chatmail/core,100,9,0,0.0,0
chinedufn/swift-bridge,100,5,0,19.0,0
chirpstack/chirpstack,100,12,0,1.17,0
chiselstrike/chiselstrike,3,0,0,0,0
chmln/handlr,0,,,,
chmln/sd,12,0,0,0,0
chroma-core/chroma,100,19,0,0.0,0
chvancooten/NimPlant,8,1,0,0.0,0
chyyuu/os_kernel_lab,1,1,171,171.0,171
cisagov/thorium,38,2,0,36.0,72
citybound/citybound,0,,,,
clap-rs/clap,100,14,0,0.07,0
clockworklabs/SpacetimeDB,100,13,0,0.0,0
clog-tool/clog-cli,0,,,,
clojure-rs/ClojureRS,0,,,,
cloud-hypervisor/cloud-hypervisor,100,6,0,0.0,0
cloud-hypervisor/rust-hypervisor-firmware,100,8,0,0.0,0
cloudflare/boringtun,100,1,0,0.0,0
cloudflare/foundations,100,22,0,0.0,0
cloudflare/lol-html,100,0,0,0,0
cloudflare/quiche,100,6,0,0.0,0
cloudflare/wirefilter,100,0,0,0,0
cloudflare/workers-rs,100,12,0,0.0,0
cloudflare/wrangler-legacy,0,,,,
cloudhead/rx,0,,,,
cloudwego/sonic-rs,100,13,0,0.46,0
cloudwego/volo,100,16,0,0.25,0
cncases/cases,100,9,0,0.33,0
cnosdb/cnosdb,100,3,0,0.0,0
cnpryer/huak,0,,,,
coastalwhite/lemurs,37,8,0,34.12,0
cobalt-org/cobalt.rs,100,23,0,0.7,0
cocogitto/cocogitto,100,19,0,4.84,6
cocoindex-io/cocoindex,100,4,0,0.0,0
codestoryai/sidecar,100,3,0,0.0,0
cognitive-engineering-lab/aquascope,100,13,0,1.92,3
cometbft/tendermint-rs,100,2,0,4.0,8
comit-network/xmr-btc-swap,100,26,0,9.19,1
compio-rs/compio,100,5,0,2.0,0
console-rs/console,100,6,0,0.83,2
containerd/runwasi,100,3,0,0.0,0
containers/krunvm,7,0,0,0,0
containers/libkrun,100,10,0,0.1,0
containers/netavark,100,1,0,0.0,0
containers/podlet,42,5,0,45.0,0
cooklang/cookcli,57,8,0,0.75,0
coord-e/magicpak,0,,,,
copper-project/copper-rs,100,13,0,0.92,1
cordx56/rustowl,100,5,0,0.0,0
coreylowman/cudarc,100,23,0,0.87,0
coreylowman/dfdx,0,,,,
cornucopia-rs/cornucopia,0,,,,
cortex/ripasso,70,11,0,11.45,11
cot-rs/cot,100,4,0,0.0,0
cozodb/cozo,13,1,0,0.0,0
crablang/crab,0,,,,
crate-ci/cargo-release,100,15,0,0.27,0
crate-ci/typos,100,6,0,0.0,0
creusot-rs/creusot,100,12,0,0.0,0
crev-dev/cargo-crev,100,1,0,0.0,0
cross-rs/cross,100,9,0,4.11,4
crossbeam-rs/crossbeam,100,11,6,5.91,6
crowdagger/crowbook,50,0,0,0,0
crunchy-labs/crunchy-cli,0,,,,
cswinter/LocustDB,100,12,0,6.33,1
cube-js/cube,100,12,0,0.0,0
cucumber-rs/cucumber,100,3,0,0.0,0
cunarist/rinf,100,0,0,0,0
curlpipe/ox,100,12,0,0.0,0
d0iasm/rvemu,0,,,,
daa84/neovim-gtk,0,,,,
dalance/amber,100,0,0,0,0
dalance/procs,100,5,0,0.2,0
dalek-cryptography/curve25519-dalek,100,4,0,0.0,0
dandavison/delta,100,6,0,0.0,0
dani-garcia/vaultwarden,100,6,0,0.0,0
danielpclark/rutie,5,1,208,208.0,208
danirod/cartero,100,13,0,0.0,0
darkrenaissance/darkfi,100,32,0,0.16,0
darthdeus/comfy,8,1,392,392.0,392
databendlabs/databend,100,5,0,0.0,0
databendlabs/openraft,100,3,0,0.0,0
datenlord/datenlord,100,10,0,0.0,0
dathere/qsv,100,1,0,0.0,0
davidcole1340/ext-php-rs,100,4,0,0.0,0
davidlattimore/wild,100,10,0,0.1,0
dbalsom/martypc,100,11,0,3.0,0
dduan/tre,2,1,375,375.0,375
deadpool-rs/deadpool,100,4,0,0.0,0
deislabs/wagi,0,,,,
delta-io/delta-rs,100,7,0,0.0,0
denisidoro/navi,100,12,0,5.67,5
denoland/deno,100,19,0,0.0,0
denoland/deno_lint,100,10,0,0.0,0
denoland/dnt,67,13,0,8.46,0
denoland/fastwebsockets,30,5,0,19.8,45
denoland/rusty_v8,100,13,0,0.0,0
devflowinc/trieve,100,4,0,11.0,0
deviceplug/btleplug,57,9,0,3.22,0
dfinity/ic,100,4,0,0.0,0
dgrunwald/rust-cpython,3,1,213,213.0,213
diem/diem,100,9,0,0.33,0
diesel-rs/diesel,100,18,0,0.0,0
dimforge/nalgebra,100,9,0,14.44,10
dj95/zjstatus,100,12,0,0.08,0
djeedai/bevy_hanabi,100,16,0,5.19,0
djkoloski/rust_serialization_benchmark,99,11,0,3.27,0
dmadisetti/steam-tui,4,1,167,167.0,167
dndx/phantun,100,2,0,0.0,0
dominikwilkowski/cfonts,17,3,0,53.33,160
dora-rs/dora,100,19,0,0.0,0
dotcypress/ula,9,1,0,0.0,0
doukutsu-rs/doukutsu-rs,71,8,0,16.62,15
doy/rbw,100,13,0,5.38,0
doyoubi/undermoon,0,,,,
dpc/rdedup,100,0,0,0,0
dphilla/boxer,12,1,287,287.0,287
dprint/dprint,100,3,1,14.0,26
drager/wasm-pack,100,14,0,0.0,0
dragonflyoss/nydus,100,31,0,0.0,0
drasi-project/drasi-platform,100,26,0,0.08,0
drl990114/MarkFlowy,100,6,0,0.17,0
dropbox/rust-brotli,100,0,0,0,0
dswd/vpncloud,100,0,0,0,0
dtolnay/cxx,100,0,0,0,0
dtolnay/linkme,100,2,0,0.0,0
dtolnay/rust-quiz,100,3,0,0.0,0
dtolnay/syn,100,8,0,0.0,0
dtolnay/watt,0,,,,
ducaale/xh,100,5,0,4.4,8
duckdb/duckdb-rs,100,3,0,3.0,9
dudykr/stc,0,,,,
durch/rust-s3,44,6,0,25.0,22
dusk-network/plonk,32,2,0,0.0,0
dustinblackman/oatmeal,0,,,,
dwisiswant0/ppfuzz,100,0,0,0,0
dwyl/book,3,0,0,0,0
eclipse-iceoryx/iceoryx2,100,2,0,0.0,0
eclipse-zenoh/zenoh,100,26,0,0.04,0
ecumene/rust-sloth,0,,,,
editso/fuso,1,0,0,0,0
egoist/dum,6,1,0,0.0,0
egraphs-good/egg,100,9,0,10.33,1
egraphs-good/egglog,100,18,0,0.11,0
ehsanmok/create-your-own-lang-with-rust,0,,,,
ejmahler/RustFFT,37,6,0,7.5,7
ekzhang/bore,42,2,0,0.0,0
ekzhang/percival,0,,,,
ekzhang/rustpad,23,2,0,0.0,0
ekzhang/sshx,93,14,0,5.64,1
elastic/elasticsearch-rs,81,2,0,0.0,0
elastio/bon,100,6,0,0.33,0
elfshaker/elfshaker,100,8,0,1.5,0
elkowar/eww,100,0,0,0,0
elringus/sprite-dicing,100,7,0,0.0,0
embassy-rs/embassy,100,15,0,0.0,0
embedded-graphics/embedded-graphics,100,13,0,10.38,2
emilk/eframe_template,100,11,0,0.0,0
emilk/egui,100,19,0,0.05,0
emmett-framework/granian,100,12,0,0.25,0
emo-crab/observer_ward,100,16,0,0.25,0
emoon/rust_minifb,100,6,0,0.33,1
enarx/enarx,100,7,0,0.14,0
envio-cli/envio,19,0,0,0,0
epi052/feroxbuster,100,7,0,2.43,5
eqlabs/pathfinder,100,10,0,0.0,0
eraserhd/parinfer-rust,28,2,0,0.0,0
erebe/wstunnel,100,2,0,0.0,0
erg-lang/erg,100,4,0,8.75,0
erikgrinaker/toydb,100,2,0,1.0,2
esp-rs/esp-hal,100,10,0,0.0,0
esp-rs/espflash,100,12,0,0.0,0
espanso/espanso,100,11,0,1.09,1
ethereum/fe,100,21,0,0.9,0
ethersync/ethersync,100,8,0,0.0,0
euclio/vim-markdown-composer,0,,,,
eunomia-bpf/eunomia-bpf,100,8,0,0.88,0
evcxr/evcxr,100,16,0,7.19,11
evilsocket/legba,100,12,0,0.0,0
evmar/retrowin32,100,14,0,0.79,0
exein-io/pulsar,100,18,0,0.11,0
exercism/rust,100,7,0,2.0,5
exonum/exonum,0,,,,
extism/extism,100,18,0,0.5,0
eycorsican/leaf,33,3,0,0.0,0
eyre-rs/color-eyre,2,1,408,408.0,408
eyre-rs/eyre,65,6,7,64.33,68
eythaann/Seelen-UI,100,15,0,0.0,0
eza-community/eza,100,9,0,0.0,0
fables-tales/rubyfmt,100,4,0,0.0,0
facebook/buck2,100,35,0,0.0,0
facebook/dotslash,100,7,0,0.29,0
facebook/pyrefly,100,16,0,0.0,0
facebook/relay,100,16,0,0.0,0
facebook/sapling,100,29,0,0.31,0
facebook/starlark-rust,100,1,38,38.0,38
facebook/winterfell,100,10,0,5.3,6
facebookexperimental/hermit,67,1,395,395.0,395
facebookexperimental/reverie,72,1,384,384.0,384
facebookincubator/below,100,9,0,7.67,4
facet-rs/facet,100,18,0,0.0,0
facundoolano/rpg-cli,14,1,89,89.0,89
farm-fe/farm,100,10,0,0.0,0
fastly/pushpin,100,4,0,0.75,1
fcsonline/drill,100,0,0,0,0
fcsonline/tmux-thumbs,0,,,,
feather-rs/feather,0,,,,
fede1024/rust-rdkafka,100,4,1,79.25,4
fedimint/fedimint,100,6,0,0.0,0
feldera/feldera,100,19,0,0.0,0
femtovg/femtovg,100,4,0,0.0,0
ferrocene/ferrocene,100,7,0,0.0,0
ferronweb/ferron,100,1,0,0.0,0
ferrous-systems/teaching-material,0,,,,
ferrumc-rs/ferrumc,100,12,0,2.17,0
feschber/lan-mouse,100,8,0,5.75,7
firecracker-microvm/firecracker,100,7,0,0.0,0
fish-shell/fish-shell,100,11,0,0.0,0
fishfolk/jumpy,100,1,0,0.0,0
fjall-rs/fjall,100,13,0,2.31,3
fkie-cad/cwe_checker,98,10,0,0.7,0
flaneur2020/pua-lang,2,0,0,0,0
flatgeobuf/flatgeobuf,100,8,0,0.25,0
flipperzero-rs/flipperzero-rs,100,5,0,0.0,0
floneum/floneum,100,7,0,1.57,2
flox/flox,100,10,0,0.0,0
fluencelabs/nox,100,9,0,0.0,0
flutter-rs/flutter-rs,0,,,,
flux-rs/flux,100,4,0,0.0,0
flxzt/rnote,100,4,0,0.0,0
foniod/redbpf,0,,,,
foresterre/cargo-msrv,100,7,0,0.0,0
fossable/goldboot,87,12,0,10.83,0
foundry-rs/foundry,100,12,0,0.0,0
framesurge/perseus,21,6,1,27.0,42
frectonz/sql-studio,100,9,0,0.0,0
freenet/freenet-core,100,11,0,0.0,0
fschutt/azul,100,4,0,38.25,0
fschutt/printpdf,100,10,0,14.8,6
fujiapple852/trippy,100,13,0,0.15,0
fussybeaver/bollard,100,0,0,0,0
fuzzland/ityfuzz,100,1,99,99.0,99
g-plane/zsh-yarn-autocompletions,0,,,,
gabm/Satty,100,9,0,0.0,0
gabotechs/MusicGPT,78,7,0,0.29,0
gakonst/ethers-rs,92,1,410,410.0,410
gauge-sh/tach,100,24,0,4.46,6
geofmureithi/apalis,100,8,0,0.0,0
geopolars/geopolars,13,1,391,391.0,391
georust/geo,100,14,0,0.0,0
geph-official/geph4-client,100,0,0,0,0
get-convex/convex-backend,100,1,0,0.0,0
getditto/safer_ffi,100,4,0,22.75,0
getdozer/dozer,0,,,,
getmetal/motorhead,36,12,7,32.83,39
getsentry/sentry-cli,100,11,0,0.0,0
getsentry/sentry-rust,100,5,0,0.2,0
getzola/zola,100,5,0,0.0,0
gfx-rs/gfx,0,,,,
gfx-rs/metal-rs,93,9,0,7.67,0
gfx-rs/naga,0,,,,
gfx-rs/wgpu,100,12,0,0.0,0
gfx-rs/wgpu-native,100,10,0,1.4,0
gfx-rs/wgpu-rs,0,,,,
ggez/ggez,66,9,0,10.22,9
gitbutlerapp/gitbutler,100,7,0,0.0,0
gitext-rs/git-stack,100,11,0,4.18,3
github/stack-graphs,100,18,0,2.56,5
gitui-org/gitui,100,20,0,0.0,0
gleam-lang/gleam,100,6,0,0.17,0
glium/glium,44,6,0,0.67,0
gluesql/gluesql,100,5,0,0.0,0
gluon-lang/gluon,5,2,0,1.0,2
glzr-io/glazewm,100,17,0,3.53,2
glzr-io/zebar,100,3,0,17.33,52
godot-rust/gdext,100,10,0,0.0,0
godot-rust/gdnative,11,3,0,0.33,1
godzie44/BugStalker,100,6,0,0.0,0
golemcloud/golem,100,8,0,0.12,0
google/OpenSK,100,0,0,0,0
google/autocxx,100,9,6,8.67,6
google/comprehensive-rust,100,7,0,0.14,0
google/forma,0,,,,
google/kati,81,5,0,1.2,2
google/tarpc,100,22,0,2.86,0
google/zerocopy,100,15,0,0.0,0
googleapis/google-cloud-rust,100,1,0,0.0,0
googlefonts/fontations,100,4,0,0.0,0
googleforgames/quilkin,100,10,0,0.0,0
gorules/zen,100,3,0,0.0,0
gosub-io/gosub-engine,100,27,0,2.41,5
gotham-rs/gotham,3,1,120,120.0,120
grafbase/grafbase,100,23,0,0.0,0
graphprotocol/graph-node,100,6,0,0.0,0
graphql-rust/juniper,100,7,0,0.14,0
greatest-ape/OctaSine,0,,,,
greenbone/openvas-scanner,100,12,0,0.0,0
greyblake/whatlang-rs,3,2,8,96.5,185
greymd/teip,0,,,,
grovesNL/glyphon,54,3,0,5.33,16
gtk-rs/gtk4-rs,100,14,0,0.0,0
guillaume-be/rust-bert,42,6,1,27.5,72
guywaldman/magic-cli,0,,,,
gyroflow/gyroflow,100,4,0,1.25,0
gyscos/cursive,53,4,0,1.75,0
gyscos/zstd-rs,100,0,0,0,0
habitat-sh/habitat,100,9,0,0.0,0
hadronized/luminance-rs,0,,,,
haimgel/display-switch,44,7,0,0.0,0
hannobraun/fornjot,100,5,0,1.2,1
hardik05/Damn_Vulnerable_C_Program,73,0,0,0,0
harfbuzz/rustybuzz,100,3,0,0.0,0
harfbuzz/ttf-parser,58,8,0,2.0,1
harlanc/xiu,26,3,0,0.0,0
harnesslabs/arbiter,100,1,105,105.0,105
hatoo/oha,100,5,0,0.0,0
hawkw/mycelium,100,11,1,5.82,9
hcavarsan/kftray,100,3,0,0.0,0
headcrab-rs/headcrab,0,,,,
headwaymaps/headway,78,4,0,0.0,0
hecrj/coffee,0,,,,
helix-editor/helix,100,2,0,0.0,0
hermit-os/hermit-rs,100,9,0,0.0,0
hermit-os/kernel,100,13,0,0.0,0
hickory-dns/hickory-dns,100,4,0,0.0,0
hlorenzi/customasm,94,29,0,2.97,0
holmgr/cargo-sweep,29,5,0,0.0,0
holochain/holochain,100,12,0,0.0,0
honeycombio/gritql,100,9,0,1.56,0
hrkfdn/ncspot,100,12,0,1.17,2
huacnlee/autocorrect,100,11,0,0.27,0
hubblo-org/scaphandre,47,7,0,0.57,2
hudikhq/hoodik,100,5,0,0.0,0
huff-language/huff-rs,42,1,410,410.0,410
huggingface/candle,100,13,0,0.15,0
huggingface/llm-ls,7,1,361,361.0,361
huggingface/ratchet,100,1,381,381.0,381
huggingface/safetensors,100,13,0,0.0,0
huggingface/text-embeddings-inference,100,11,0,0.82,2
huggingface/tokenizers,100,2,0,0.0,0
hwittenborn/celeste,19,1,392,392.0,392
hydro-project/hydro,100,1,0,0.0,0
hydro-project/rust-sitter,17,3,0,23.33,70
hyperion-mc/hyperion,100,19,0,0.42,0
hyperium/h2,100,16,0,1.88,0
hyperium/hyper,100,14,0,2.0,2
hyperium/tonic,100,10,0,0.3,0
hyperledger-indy/indy-sdk,0,,,,
hyperledger-solang/solang,100,24,0,1.38,2
hyperlight-dev/hyperlight,100,12,0,0.0,0
hyperlight-dev/hyperlight-wasm,100,4,0,0.0,0
iced-rs/iced,100,1,0,0.0,0
icedland/iced,100,2,0,0.0,0
iceiix/stevenarella,55,1,399,399.0,399
idootop/open-xiaoai,15,3,0,0.0,0
ifd3f/caligula,100,10,0,10.2,0
igor-petruk/scriptisto,2,0,0,0,0
ikatson/rqbit,100,6,0,0.0,0
ilya-zlobintsev/LACT,100,18,0,0.11,0
imazen/imageflow,100,17,0,11.06,16
imgui-rs/imgui-rs,66,17,0,18.71,3
imhuso/cunzhi,89,7,0,0.0,0
immunant/c2rust,100,15,0,0.33,0
indradb/indradb,14,4,0,27.5,28
indygreg/PyOxidizer,100,14,0,0.0,0
indygreg/apple-platform-rs,100,27,0,0.0,0
infinyon/fluvio,100,15,0,0.0,0
infinyon/node-bindgen,79,12,0,4.67,0
influxdata/influxdb,100,0,0,0,0
inko-lang/inko,100,6,0,1.83,3
intentee/paddler,100,1,0,0.0,0
io12/pwninit,1,0,0,0,0
iotaledger/stronghold.rs,100,0,0,0,0
iqlusioninc/abscissa,100,0,0,0,0
ironcalc/IronCalc,100,6,0,1.5,0
ivanceras/sauron,8,1,0,0.0,0
izderadicka/audioserve,100,5,0,0.0,0
jaemk/cached,43,3,0,14.33,43
jameslittle230/stork,0,,,,
jamesmcm/vopono,71,14,0,4.21,6
jamsocket/plane,100,7,0,0.29,0
jamsocket/y-sweet,100,6,0,0.0,0
janhohenheim/foxtrot,100,10,0,0.0,0
japaric/cargo-call-stack,4,1,0,0.0,0
jblindsay/whitebox-tools,0,,,,
jdx/mise,100,8,0,0.0,0
jeremyletang/rust-sfml,100,8,0,0.12,0
jfecher/ante,100,15,0,8.53,12
jhspetersson/fselect,100,1,0,0.0,0
jito-foundation/jito-solana,100,6,0,0.17,0
jj-vcs/jj,100,1,0,0.0,0
jmacdonald/amp,78,5,0,2.4,0
jni-rs/jni-rs,100,6,0,0.0,0
joamag/boytacean,100,10,0,0.7,0
joaoh82/rust_sqlite,0,,,,
jonhoo/fantoccini,100,32,0,0.41,0
jonhoo/inferno,100,3,0,0.0,0
jorgecarleitao/arrow2,0,,,,
josephg/diamond-types,9,2,41,180.0,319
josh-project/josh,100,9,0,0.11,0
josueBarretogit/manga-tui,100,9,0,1.22,1
jplatte/turbo.fish,0,,,,
jrmoulton/tmux-sessionizer,100,11,0,0.09,0
jsr-io/jsr,100,18,0,0.11,0
jtroo/kanata,100,14,0,0.14,0
junkdog/tachyonfx,100,7,0,0.0,0
juspay/hyperswitch,100,15,0,0.0,0
justjavac/dvm,100,17,0,9.24,1
kafka-rust/kafka-rust,10,1,330,330.0,330
kahing/catfs,0,,,,
kaii-lb/overskride,6,1,173,173.0,173
kakoune-lsp/kakoune-lsp,100,12,0,23.75,33
kaleidawave/ezno,100,25,0,3.92,2
kamiyaa/joshuto,100,14,0,1.21,0
kanidm/kanidm,100,2,0,0.0,0
kanidm/webauthn-rs,100,6,1,13.5,15
kaplanelad/shellfirm,69,21,0,0.0,0
kas-gui/kas,100,8,0,0.0,0
kaspanet/rusty-kaspa,100,9,0,1.78,0
kata-containers/kata-containers,100,8,0,0.0,0
katanemo/archgw,100,8,0,0.0,0
kcl-lang/kcl,100,5,0,0.0,0
kdash-rs/kdash,100,3,0,0.0,0
kdheepak/taskwarrior-tui,100,16,0,0.0,0
kellnr/kellnr,100,4,0,0.5,0
khonsulabs/bonsaidb,0,,,,
khonsulabs/cushy,100,1,265,265.0,265
killercup/cargo-edit,71,10,0,3.8,6
kimono-koans/httm,48,0,0,0,0
kindelia/Kindelia,0,,,,
kitao/pyxel,100,4,0,2.5,4
kivikakk/comrak,100,5,0,0.0,0
kixelated/moq,100,9,0,0.11,0
kkoomen/vim-doge,5,1,291,291.0,291
kneasle/sapling,3,0,0,0,0
knurling-rs/defmt,100,15,0,0.2,0
konradsz/igrep,39,6,0,9.83,7
koto-lang/koto,100,5,0,0.0,0
kpcyrd/sn0int,77,8,2,6.62,7
kpcyrd/sniffglue,33,1,0,0.0,0
krustlet/krustlet,100,0,0,0,0
kuasar-io/kuasar,100,13,0,0.0,0
kunai-project/kunai,100,1,20,20.0,20
kvark/blade,100,7,0,3.57,11
kwai/auron,100,0,0,0,0
kylebarron/parquet-wasm,100,8,0,0.75,0
kyutai-labs/hibiki,13,0,0,0,0
l1npengtul/nokhwa,82,4,0,82.75,56
la10736/rstest,100,7,0,3.43,8
lakehq/sail,100,5,0,0.0,0
lakekeeper/lakekeeper,100,4,0,0.0,0
lalrpop/lalrpop,100,9,0,0.0,0
lambda-fairy/maud,100,1,7,7.0,7
lambdaclass/lambdaworks,100,16,0,0.31,0
lancedb/lance,100,12,0,0.0,0
langdb/ai-gateway,100,9,0,0.56,0
lanterndata/lantern,100,28,0,0.54,0
lanyeeee/jmcomic-downloader,31,0,0,0,0
lapce/lapce,100,7,0,0.29,1
lapce/lapdev,43,3,0,22.33,67
larksuite/rsmpeg,100,11,0,0.09,0
launchbadge/realworld-axum-sqlx,0,,,,
launchbadge/sqlx,100,10,0,0.0,0
leftwm/leftwm,100,8,0,4.38,1
leptos-rs/leptos,100,8,0,0.0,0
lettre/lettre,100,10,0,1.6,1
leudz/shipyard,60,7,0,0.0,0
levkk/rwf,100,3,0,0.67,2
lgarron/folderify,42,3,0,0.0,0
libbpf/libbpf-rs,100,1,0,0.0,0
libnyanpasu/clash-nyanpasu,100,14,0,0.0,0
libp2p/rust-libp2p,100,17,0,0.0,0
libpnet/libpnet,100,9,0,7.0,0
libreddit/libreddit,1,1,210,210.0,210
librespot-org/librespot,100,3,0,0.0,0
lightningdevkit/rust-lightning,100,12,0,0.0,0
linebender/druid,27,2,4,103.0,202
linebender/piet,100,8,0,10.38,0
linebender/resvg,100,12,0,0.92,0
linebender/tiny-skia,66,5,0,5.6,0
linebender/vello,100,14,0,0.07,0
linebender/xilem,100,14,0,0.0,0
linera-io/linera-protocol,100,8,0,0.0,0
liuchengxu/vim-clap,100,9,0,0.78,2
lldap/lldap,100,10,0,0.0,0
lloydmeta/frunk,83,13,0,8.15,11
lnx-search/lnx,100,5,10,28.6,44
loco-rs/loco,100,23,0,0.04,0
longbridge/gpui-component,100,8,0,0.12,0
loro-dev/loro,100,1,1,1.0,1
losfair/blueboat,0,,,,
losfair/mvsqlite,100,0,0,0,0
louis-e/arnis,100,6,0,0.0,0
lovasoa/dezoomify-rs,74,11,0,25.55,56
lsd-rs/lsd,66,1,410,410.0,410
lumina-ai-inc/chunkr,100,10,0,0.0,0
luminal-ai/luminal,100,13,0,0.31,0
lunatic-solutions/lunatic,2,1,169,169.0,169
lune-org/lune,100,15,0,1.67,1
lusingander/stu,100,4,0,0.0,0
luxtorpeda-dev/luxtorpeda,100,10,0,1.4,0
lvgl/lv_binding_rust,49,4,0,6.75,3
lycheeverse/lychee,100,6,0,0.0,0
m4b/goblin,100,15,0,0.73,2
mCaptcha/mCaptcha,100,1,99,99.0,99
maciejhirsz/logos,100,5,0,0.0,0
madsim-rs/madsim,61,8,0,15.75,0
madsmtm/objc2,100,15,0,1.0,0
maelstrom-software/maelstrom,100,4,0,0.0,0
maestro-os/maestro,100,8,0,2.25,0
maplibre/maplibre-rs,100,12,0,19.17,3
maplibre/martin,100,14,0,0.0,0
marc2332/freya,100,17,0,0.0,0
marhkb/pods,100,5,0,0.0,0
massalabs/massa,100,13,0,0.31,0
matanolabs/matano,100,1,99,99.0,99
matrix-org/matrix-rust-sdk,100,2,0,0.0,0
matsadler/magnus,100,8,0,12.38,0
matter-labs/zksync,0,,,,
matter-labs/zksync-era,100,6,0,0.0,0
mattwparas/steel,100,5,0,0.0,0
matze/wastebin,100,3,0,0.0,0
maxcountryman/axum-login,100,8,0,0.0,0
maximbaz/wluma,95,9,0,0.33,0
mbround18/valheim-docker,100,0,0,0,0
medialab/xan,100,1,0,0.0,0
mediar-ai/terminator,100,18,0,0.0,0
meh/rust-tun,100,3,0,0.0,0
memflow/memflow,47,6,0,37.67,40
messense/aliyundrive-fuse,0,,,,
messense/aliyundrive-webdav,46,9,24,38.56,30
metalbear-co/mirrord,100,8,0,0.0,0
metaplex-foundation/metaplex-program-library,93,12,0,0.0,0
meteroid-oss/meteroid,100,4,0,0.0,0
metrics-rs/metrics,100,16,0,2.5,3
mfontanini/presenterm,100,0,0,0,0
mgdm/htmlq,0,,,,
michaelb/sniprun,100,9,0,0.0,0
michelhe/rustboyadvance-ng,22,2,71,190.5,310
microsandbox/microsandbox,100,23,0,0.3,0
microsoft/aici,88,12,0,1.83,3
microsoft/demikernel,100,3,0,18.0,53
microsoft/openvmm,100,23,0,0.0,0
microsoft/qsharp,100,2,0,0.0,0
microsoft/sudo,8,1,393,393.0,393
microsoft/windows-rs,100,0,0,0,0
mierak/rmpc,100,15,0,0.13,0
mihai-dinculescu/tapo,100,0,0,0,0
mike-engel/jwt-cli,100,1,0,0.0,0
mikedilger/gossip,91,2,0,0.5,1
mimblewimble/grin,32,3,0,0.0,0
minirust/minirust,100,7,0,0.0,0
misprit7/computerraria,7,2,6,16.0,26
mistricky/codesnap.nvim,47,6,0,17.17,20
mitnk/cicada,44,3,0,7.0,21
mitsuhiko/insta,100,17,0,0.0,0
mitsuhiko/minijinja,100,3,0,0.0,0
mitsuhiko/self-replace,33,5,0,0.0,0
mitsuhiko/similar,42,1,0,0.0,0
mitsuhiko/systemfd,92,1,0,0.0,0
mizchi/similarity,100,15,0,4.93,0
mkniewallner/migrate-to-uv,100,0,0,0,0
mlua-rs/mlua,100,2,0,1.0,2
mobilecoinfoundation/mobilecoin,100,4,0,0.0,0
model-checking/kani,100,8,0,0.0,0
modelcontextprotocol/rust-sdk,100,13,0,0.0,0
modrinth/code,100,1,0,0.0,0
mokeyish/smartdns-rs,100,5,0,0.0,0
mongodb/mongo-rust-driver,100,9,0,0.0,0
monosans/proxy-scraper-checker,100,3,0,0.0,0
moonrepo/moon,100,12,0,0.0,0
moonrepo/proto,100,5,0,0.2,0
mosuka/bayard,59,1,406,406.0,406
mouseless0x/rusty-sando,0,,,,
move-language/move,0,,,,
mozilla-services/syncstorage-rs,100,6,0,0.0,0
mozilla/application-services,100,6,0,0.0,0
mozilla/cargo-vet,100,9,0,7.67,8
mozilla/cbindgen,100,12,0,1.33,1
mozilla/grcov,100,3,0,2.0,6
mozilla/neqo,100,14,0,0.0,0
mozilla/sccache,100,4,0,1.25,2
mre/idiomatic-rust,67,6,0,47.0,16
ms-jpq/sad,100,0,0,0,0
mstange/samply,100,3,0,1.0,3
mthom/scryer-prolog,100,10,0,0.2,0
mtkennerly/ludusavi,100,3,0,0.0,0
mtkennerly/shawl,17,1,49,49.0,49
mtshiba/pylyzer,100,0,0,0,0
mttaggart/OffensiveNotion,0,,,,
mufeedvh/binserve,5,0,0,0,0
mullvad/mullvadvpn-app,100,13,0,0.0,0
mun-lang/mun,91,11,0,23.27,18
murarth/ketos,0,,,,
mxsm/rocketmq-rust,100,7,0,0.0,0
mycelial/mycelite,0,,,,
mystor/rust-cpp,3,1,297,297.0,297
naaive/orange,0,,,,
nabijaczleweli/cargo-update,42,2,0,0.0,0
nacos-group/r-nacos,100,2,0,0.0,0
nadavrot/layout,70,10,0,0.0,0
naia-lib/naia,0,,,,
naim94a/lumen,33,4,0,0.0,0
namada-net/namada,100,19,0,0.05,0
nannou-org/nannou,100,10,0,20.5,59
napi-rs/napi-rs,100,5,0,0.0,0
napi-rs/node-rs,100,3,0,17.0,28
nascentxyz/pyrometer,11,0,0,0,0
nativeshell/nativeshell,68,12,0,13.08,0
nautechsystems/nautilus_trader,100,5,0,0.0,0
near/nearcore,100,12,0,0.0,0
neon-bindings/neon,100,8,0,6.5,9
neon-mmd/websurfx,100,0,0,0,0
neondatabase/neon,100,15,0,0.0,0
neovide/neovide,100,13,0,0.92,1
nervosnetwork/ckb,100,4,0,0.0,0
next-hat/nanocl,100,11,0,0.0,0
nextest-rs/nextest,100,7,0,0.0,0
nexus-xyz/nexus-cli,100,16,0,0.06,0
nexus-xyz/nexus-zkvm,100,3,0,0.0,0
nginx/ngx-rust,100,3,0,0.0,0
nical/lyon,36,1,372,372.0,372
nicholassm/disruptor-rs,70,3,0,0.0,0
nicoburns/blessed-rs,100,2,0,2.5,5
nik012003/ripdrag,2,0,0,0,0
nikolassv/bartib,19,2,0,7.0,14
nix-community/comma,100,6,0,0.67,0
nix-community/lorri,93,2,0,104.5,209
nix-community/nh,100,16,0,0.0,0
nix-community/nix-index,28,3,0,0.0,0
nix-community/nix-init,100,9,0,0.78,2
nix-community/nix-ld,100,0,0,0,0
nix-community/nurl,100,35,0,4.43,0
nix-community/rnix-lsp,0,,,,
nix-rust/nix,100,20,0,0.4,0
nkaz001/hftbacktest,100,1,0,0.0,0
noib3/nvim-oxi,100,8,0,2.38,1
noir-lang/noir,100,8,0,0.0,0
nokyan/resources,100,2,0,0.0,0
not-an-aardvark/lucky-commit,13,1,0,0.0,0
not-fl3/macroquad,100,9,0,5.89,10
not-fl3/miniquad,100,9,0,1.22,0
notify-rs/notify,100,11,0,4.36,0
novasamatech/parity-signer,100,6,0,0.33,0
nozwock/packet,100,3,0,0.0,0
nullpo-head/WSL-Hello-sudo,0,,,,
nullpo-head/wsl-distrod,0,,,,
numaproj/numaflow,100,18,0,0.0,0
numtide/system-manager,58,0,0,0,0
nushell/nushell,100,2,0,0.0,0
nuta/kerla,7,0,0,0,0
nuta/nsh,0,,,,
nvarner/typst-lsp,2,1,402,402.0,402
nvim-neorocks/lux,100,13,0,0.08,0
nymtech/nym,100,10,0,0.0,0
o2sh/onefetch,100,10,0,0.4,0
oam-dev/rudr,0,,,,
obhq/obliteration,100,5,0,0.0,0
obi1kenobi/trustfall,100,11,0,0.82,0
occlum/occlum,100,21,0,0.05,0
ofek/pyapp,100,2,0,0.5,1
ogham/exa,0,,,,
omerbenamram/evtx,100,4,0,0.0,0
onagre-launcher/onagre,25,3,0,24.67,74
open-telemetry/opentelemetry-rust,100,1,0,0.0,0
openai/codex,100,13,0,0.0,0
openai/harmony,71,9,0,0.0,0
openebs/mayastor,100,11,0,0.0,0
openethereum/openethereum,0,,,,
openmls/openmls,100,6,0,0.0,0
openobserve/openobserve,100,11,0,0.0,0
oppiliappan/dijo,0,,,,
oppiliappan/eva,100,0,0,0,0
oppiliappan/statix,100,14,0,0.14,0
orbitinghail/graft,100,2,0,0.0,0
orbitinghail/sqlsync,28,2,6,7.5,9
ordinals-wallet/ordinals-collections,30,3,0,60.67,182
ordinals/ord,100,12,0,2.42,2
oreboot/oreboot,100,18,0,0.78,0
org-rs/org-rs,0,,,,
orhun/binsider,100,29,3,4.55,6
orhun/daktilo,100,24,0,0.33,0
orhun/git-cliff,100,9,0,0.0,0
orhun/kmon,100,31,6,5.45,6
orhun/menyoki,100,11,0,0.0,0
orion-rs/orion,100,0,0,0,0
orogene/orogene,100,8,0,0.25,0
osohq/oso,100,0,0,0,0
ouch-org/ouch,100,12,0,2.58,5
oxalica/nil,100,12,0,14.0,1
oxc-project/oxc,100,0,0,0,0
oxidecomputer/hubris,100,8,0,0.0,0
oxigraph/oxigraph,100,9,0,0.0,0
pamburus/hl,100,6,0,0.0,0
paper-plane-developers/paper-plane,13,1,391,391.0,391
paperclip-rs/paperclip,100,13,0,0.0,0
paradedb/paradedb,100,16,0,0.0,0
paradigmxyz/artemis,0,,,,
paradigmxyz/cryo,43,7,0,0.0,0
paradigmxyz/reth,100,6,0,0.0,0
parasyte/pixels,100,10,0,2.4,3
parcel-bundler/lightningcss,100,7,0,2.86,0
paritytech/cumulus,0,,,,
paritytech/polkadot,0,,,,
paritytech/polkadot-sdk,100,6,0,0.0,0
paritytech/substrate,0,,,,
parseablehq/parseable,100,2,0,0.0,0
pdeljanov/Symphonia,100,14,0,10.07,1
pemistahl/grex,100,11,0,0.09,0
pemistahl/lingua-rs,100,14,0,0.0,0
pepperoni21/ollama-rs,100,7,0,2.0,6
pest-parser/pest,100,17,0,3.06,0
pgcentralfoundation/pgrx,100,7,0,1.86,1
pgdogdev/pgdog,100,13,0,0.0,0
phiresky/ripgrep-all,64,10,0,6.0,1
phiresky/sqlite-zstd,10,1,240,240.0,240
picahq/pica,100,3,0,3.0,9
pier-cli/pier,4,0,0,0,0
pikelet-lang/pikelet,0,,,,
pimalaya/himalaya,100,7,0,1.14,0
pipeless-ai/pipeless,0,,,,
pkgxdev/pkgx,100,5,0,3.6,6
plabayo/rama,100,7,0,0.0,0
plotly/plotly.rs,100,19,0,0.05,0
pls-rs/pls,100,16,0,15.62,11
pnpm/pacquet,6,0,0,0,0
poem-web/poem,100,15,0,1.53,2
pola-rs/polars,100,21,0,0.0,0
polkadot-evm/frontier,100,8,0,0.0,0
pomsky-lang/pomsky,40,7,0,0.0,0
pop-os/cosmic-comp,100,9,0,0.0,0
pop-os/libcosmic,100,3,0,0.0,0
pop-os/popsicle,29,2,2,71.0,140
pop-os/system76-power,50,3,0,4.67,14
postgresml/korvus,8,2,0,0.0,0
postgresml/pgcat,100,12,0,19.58,1
postgresml/postgresml,100,23,0,4.35,1
praetorian-inc/noseyparker,100,4,0,0.0,0
prefix-dev/pixi,100,7,0,0.0,0
prefix-dev/rip,100,8,0,0.38,1
printfn/fend,100,6,0,0.0,0
prisma/prisma-engines,100,7,0,0.0,0
prisma/quaint,0,,,,
privacy-scaling-explorations/zkevm-circuits,0,,,,
probe-rs/probe-rs,100,6,0,0.17,0
project-akri/akri,100,9,0,0.0,0
project-gauntlet/gauntlet,100,6,0,0.67,0
project-oak/oak,100,3,0,0.0,0
projectfluent/fluent-rs,100,15,0,2.4,0
proptest-rs/proptest,100,2,0,0.0,0
pubgrub-rs/pubgrub,100,3,0,0.33,1
pulldown-cmark/pulldown-cmark,100,9,0,0.11,0
pykeio/ort,100,10,0,1.9,0
pythonspeed/filprofiler,35,4,0,25.75,0
pythops/bluetui,62,4,0,4.25,0
pythops/impala,65,5,0,4.2,2
qarmin/czkawka,100,10,0,0.0,0
qarmin/szyszka,100,1,173,173.0,173
qdrant/qdrant,100,1,0,0.0,0
qltysh/qlty,100,3,0,0.0,0
qmonnet/rbpf,55,8,0,9.88,6
quadratichq/quadratic,100,15,0,0.0,0
quarylabs/quary,100,17,0,1.18,0
quarylabs/sqruff,100,3,0,0.0,0
quickwit-oss/quickwit,100,14,0,0.0,0
quickwit-oss/tantivy,100,23,0,0.52,0
quietvoid/dovi_tool,82,3,0,0.0,0
r-darwish/topgrade,0,,,,
r-lib/rig,100,11,0,0.09,0
r9os/r9,72,5,0,2.8,3
railwayapp/nixpacks,100,11,0,0.0,0
ramsayleung/rspotify,100,1,0,0.0,0
ranile/gloo,89,21,0,13.38,3
raphamorim/gameboy,79,7,0,0.43,0
raphamorim/rio,100,23,0,0.0,0
ratatui/ratatui,100,3,0,0.0,0
rbatis/rbatis,100,2,0,0.0,0
rbspy/rbspy,100,25,0,2.84,6
rcoh/angle-grinder,51,3,0,68.67,206
rcore-os/rCore,0,,,,
rcore-os/rCore-Tutorial-v3,97,5,0,0.0,0
rcore-os/zCore,0,,,,
reacherhq/check-if-email-exists,100,14,0,3.57,6
redbadger/crux,100,8,0,0.38,0
redis-rs/redis-rs,100,10,0,0.5,0
redlib-org/redlib,100,16,0,3.25,0
release-plz/release-plz,100,8,0,0.0,0
rerun-io/rerun,100,11,0,0.0,0
restatedev/restate,100,9,0,0.11,0
retep998/winapi-rs,0,,,,
reubeno/brush,100,4,0,0.0,0
revoltchat/backend,100,12,0,0.08,0
richardscollin/tmux-rs,100,5,0,0.0,0
richox/orz,100,6,0,0.5,1
rien/reStream,2,1,183,183.0,183
risinglightdb/risinglight,100,16,0,0.0,0
risingwavelabs/risingwave,100,2,0,0.0,0
rivet-gg/rivet,100,10,0,0.0,0
rksm/hot-lib-reloader-rs,26,4,0,0.0,0
rmqtt/rmqtt,100,5,0,1.4,2
rnd-ash/OpenVehicleDiag,33,1,50,50.0,50
roapi/roapi,100,4,0,0.0,0
robbert-vdh/nih-plug,100,13,0,5.15,0
robertknight/ocrs,100,10,0,4.7,3
robustmq/robustmq,100,12,0,0.0,0
roc-lang/roc,100,10,0,0.0,0
rochacbruno/marmite,100,11,0,0.0,0
rolldown/rolldown,100,6,0,0.0,0
romanz/electrs,100,11,0,0.0,0
rome/tools,0,,,,
ros2-rust/ros2_rust,100,14,0,0.93,2
rosenpass/rosenpass,100,7,0,0.0,0
rossmacarthur/sheldon,74,10,0,4.2,0
rp-rs/rp-hal,100,1,0,0.0,0
rpcpool/yellowstone-grpc,100,9,0,0.0,0
rpgp/rpgp,100,12,0,0.08,0
rs-ipfs/rust-ipfs,0,,,,
rslint/rslint,0,,,,
rtic-rs/rtic,100,21,0,1.05,2
ruffle-rs/ruffle,100,2,0,0.0,0
rune-rs/rune,100,3,0,0.0,0
rusoto/rusoto,0,,,,
rusqlite/rusqlite,100,2,0,1.0,2
rust-ammonia/ammonia,35,5,0,5.0,7
rust-bio/rust-bio,100,14,0,0.5,0
rust-bitcoin/rust-bitcoin,100,7,0,0.0,0
rust-cli/book,100,0,0,0,0
rust-cli/config-rs,100,16,0,0.0,0
rust-cli/env_logger,100,3,0,0.0,0
rust-cli/human-panic,100,4,0,0.0,0
rust-console/gba,79,4,0,1.0,1
rust-crdt/rust-crdt,0,,,,
rust-cross/cargo-zigbuild,100,27,0,1.19,0
rust-db/refinery,100,14,0,1.07,0
rust-diplomat/diplomat,100,23,0,0.0,0
rust-embedded/cortex-m,100,13,0,0.0,0
rust-embedded/discovery,70,2,0,0.0,0
rust-embedded/riscv,100,0,0,0,0
rust-embedded/rust-raspberrypi-OS-tutorials,100,1,19,19.0,19
rust-ethereum/evm,100,9,0,0.33,0
rust-headless-chrome/rust-headless-chrome,48,7,0,22.29,32
rust-lang-cn/book-cn,14,1,4,4.0,4
rust-lang-nursery/rust-cookbook,65,10,0,2.7,0
rust-lang/backtrace-rs,100,28,0,1.11,0
rust-lang/book,100,9,0,2.0,3
rust-lang/cargo,100,3,0,0.0,0
rust-lang/cc-rs,100,2,0,0.0,0
rust-lang/chalk,99,11,1,17.0,36
rust-lang/crater,100,16,0,0.0,0
rust-lang/crates.io,100,16,0,0.0,0
rust-lang/docs.rs,100,3,0,0.0,0
rust-lang/libc,100,20,0,0.1,0
rust-lang/libm,100,9,0,0.44,0
rust-lang/mdBook,100,8,0,0.0,0
rust-lang/miri,100,10,0,0.0,0
rust-lang/packed_simd,0,,,,
rust-lang/reference,100,8,0,0.25,0
rust-lang/regex,100,6,0,1.0,0
rust-lang/rust,100,18,0,0.0,0
rust-lang/rust-analyzer,100,7,0,0.0,0
rust-lang/rust-bindgen,100,29,0,0.28,0
rust-lang/rust-clippy,100,2,0,0.0,0
rust-lang/rust-playground,100,4,0,0.0,0
rust-lang/rust-semverver,0,,,,
rust-lang/rustc-perf,100,12,0,0.0,0
rust-lang/rustc_codegen_cranelift,100,6,0,0.67,0
rust-lang/rustc_codegen_gcc,100,4,0,0.0,0
rust-lang/rustfmt,100,8,0,0.12,0
rust-lang/rustlings,100,14,0,1.14,2
rust-lang/rustup,100,17,0,0.0,0
rust-lang/socket2,100,16,0,0.0,0
rust-lang/stdarch,100,15,0,0.13,0
rust-ml/linfa,100,11,0,0.0,0
rust-mobile/ndk,100,17,0,5.65,2
rust-mobile/xbuild,100,12,0,16.67,1
rust-osdev/bootloader,100,11,0,3.91,8
rust-osdev/uefi-rs,100,6,0,0.0,0
rust-osdev/x86_64,100,11,1,3.73,6
rust-pcap/pcap,100,0,0,0,0
rust-pretty-assertions/rust-pretty-assertions,19,2,0,1.0,2
rust-rocksdb/rust-rocksdb,100,9,0,2.11,3
rust-rosetta/rust-rosetta,7,1,222,222.0,222
rust-sailfish/sailfish,61,11,0,16.55,8
rust-skia/rust-skia,100,0,0,0,0
rust-windowing/winit,100,13,0,0.0,0
rustdesk/rustdesk,100,8,0,0.12,0
rustdesk/rustdesk-server,100,5,4,65.2,101
rusterlium/rustler,100,22,0,0.0,0
rustfinity/rustfinity,100,7,0,0.14,0
rustformers/llm,0,,,,
rustfs/rustfs,100,1,0,0.0,0
rustls/rustls,100,8,0,0.0,0
rustsbi/rustsbi,100,4,0,0.0,0
rustsec/rustsec,100,3,0,0.0,0
rusty-celery/rusty-celery,4,1,268,268.0,268
rwf2/Rocket,100,17,0,5.53,0
ryangjchandler/pxp,100,4,0,0.0,0
ryanisaacg/quicksilver,0,,,,
sachaos/viddy,100,15,0,2.53,0
sagebind/isahc,19,4,1,81.0,30
sagiegurari/cargo-make,100,2,0,3.0,6
salsa-rs/salsa,100,6,0,0.5,0
salvo-rs/salvo,100,2,0,0.0,0
samizdatco/skia-canvas,100,8,0,0.0,0
sampsyo/bril,100,8,0,0.12,0
samtay/so,17,3,0,0.0,0
samuela/rustybox,0,,,,
samuelvanderwaal/metaboss,69,8,0,1.75,0
sandydoo/flux,11,1,0,0.0,0
sarah-quinones/faer-rs,100,0,0,0,0
sarsko/CreuSAT,5,1,0,0.0,0
saschagrunert/indextree,100,2,0,0.0,0
sassman/t-rec-rs,100,22,0,3.55,6
sayanarijit/xplr,56,7,0,0.57,0
sbstp/kubie,100,1,0,0.0,0
scottlamb/moonfire-nvr,94,13,0,0.0,0
scroll-tech/scroll-prover,100,2,0,0.0,0
scsibug/nostr-rs-relay,9,0,0,0,0
scylladb/scylla-rust-driver,100,2,0,0.0,0
seanmonstar/reqwest,100,16,0,0.31,0
security-union/videocall-rs,100,1,0,0.0,0
seed-rs/seed,1,1,245,245.0,245
serenity-rs/poise,100,11,1,15.64,37
serenity-rs/serenity,100,22,0,0.14,0
sergi0g/cup,100,4,0,2.75,0
serokell/deploy-rs,73,10,2,31.9,84
servo/html5ever,100,11,0,0.36,0
servo/pathfinder,20,0,0,0,0
servo/rust-cssparser,48,9,0,1.33,0
servo/rust-url,100,11,0,2.18,2
servo/webrender,100,8,1,10.88,4
sfackler/rust-openssl,100,15,0,0.0,0
sfu-db/connector-x,100,11,0,1.82,1
shadow/shadow,100,8,0,0.0,0
shadow3aaa/fas-rs,100,5,0,0.2,0
shadowsocks/shadowsocks-rust,100,0,0,0,0
sharkdp/bat,100,12,0,0.0,0
sharkdp/fd,100,5,0,0.6,0
sharkdp/hyperfine,100,5,0,0.0,0
sharkdp/numbat,100,16,0,1.94,0
shell-pool/shpool,100,16,0,2.62,5
shuttle-hq/synth,93,15,0,0.47,0
sigmaSd/IRust,76,8,0,0.0,0
signalapp/libsignal,100,0,0,0,0
signalapp/ringrtc,100,0,0,0,0
sigoden/aichat,100,6,0,0.67,1
sigoden/argc,58,3,0,0.0,0
sigoden/dufs,100,5,0,2.8,0
sigoden/window-switcher,65,2,0,0.0,0
sigp/lighthouse,100,9,0,0.0,0
silvia-odwyer/photon,64,12,0,7.75,0
simd-lite/simd-json,100,9,0,0.22,0
simeg/eureka,0,,,,
sirupsen/napkin-math,6,0,0,0,0
sirwart/ripsecrets,63,17,0,18.47,27
skim-rs/skim,100,7,0,0.71,1
skytable/skytable,75,8,0,2.5,1
skyzh/mini-lsm,83,10,0,1.8,3
slatedb/slatedb,100,11,0,0.0,0
slawlor/ractor,100,5,0,0.0,0
slint-ui/slint,100,8,0,0.0,0
slog-rs/slog,100,9,0,0.0,0
smallcloudai/refact,100,13,0,0.23,0
sminez/ad,100,8,0,0.0,0
sminez/penrose,100,9,0,3.22,0
smithy-lang/smithy-rs,100,6,0,0.0,0
smoltcp-rs/smoltcp,100,15,0,0.0,0
smparsons/retroboy,100,8,0,0.0,0
sobelio/llm-chain,4,1,0,0.0,0
sodiumoxide/sodiumoxide,0,,,,
softprops/envy,100,2,0,0.5,1
solana-foundation/anchor,100,19,0,0.16,0
solana-labs/solana,100,0,0,0,0
solana-labs/solana-program-library,100,23,0,8.09,0
solana-playground/solana-playground,100,5,0,2.6,0
solokeys/solo2,0,,,,
solsticegamestudios/GModPatchTool,4,1,336,336.0,336
sonos/tract,100,5,0,0.0,0
sophiajt/june,0,,,,
sotrh/learn-wgpu,100,9,0,4.11,3
sozu-proxy/sozu,100,13,0,14.08,0
spaceandtimefdn/sxt-proof-of-sql,100,6,0,0.5,0
spacejam/sled,10,1,260,260.0,260
spiceai/spiceai,100,7,0,0.0,0
spider-rs/spider,100,1,0,0.0,0
spinframework/spin,100,18,0,0.0,0
spring-rs/spring-rs,100,18,0,0.11,0
spyglass-search/spyglass,100,8,0,0.25,0
sqlpage/SQLPage,100,7,0,0.0,0
square/sudo_pair,100,1,1,1.0,1
squidowl/halloy,100,3,0,0.33,1
srush/llama2.rs,0,,,,
sslab-gatech/Rudra,0,,,,
stacked-git/stgit,100,8,0,0.25,0
stacks-archive/sbtc-developer-release,90,1,409,409.0,409
stacks-network/stacks-core,100,22,0,0.0,0
stalwartlabs/stalwart,100,0,0,0,0
starcoinorg/starcoin,100,21,0,0.0,0
starkware-libs/cairo,100,14,0,0.0,0
starship/starship,100,4,0,0.0,0
stateright/stateright,19,2,0,132.5,265
static-web-server/static-web-server,100,1,0,0.0,0
stellar/soroban-example-dapp,65,7,0,48.14,4
stepancheg/grpc-rust,0,,,,
stepancheg/rust-protobuf,82,15,0,2.53,0
stepchowfun/toast,50,8,0,19.38,36
stepchowfun/typical,46,4,0,0.0,0
stm32-rs/stm32f1xx-hal,100,1,0,0.0,0
stm32-rs/stm32f4xx-hal,100,11,0,0.09,0
str4d/age-plugin-yubikey,100,14,0,0.36,1
str4d/rage,100,2,26,34.0,42
stratis-storage/stratisd,100,7,0,0.0,0
subconsciousnetwork/noosphere,0,,,,
succinctlabs/sp1,100,10,0,0.0,0
sunface/rust-course,56,1,81,81.0,81
sunfishcode/eyra,40,4,0,0.25,0
sunfishcode/mustang,29,5,0,0.0,0
sunng87/handlebars-rust,100,5,0,0.2,0
sunng87/pgwire,100,8,0,0.12,0
supabase-community/postgres-language-server,100,19,0,0.16,0
supabase/edge-runtime,100,6,0,0.0,0
supabase/etl,100,11,0,0.0,0
supabase/pg_graphql,100,6,0,1.5,0
supabase/wrappers,100,5,0,0.0,0
superfly/corrosion,100,7,0,0.0,0
surrealdb/surrealdb,100,8,0,0.0,0
svenstaro/genact,100,13,0,7.69,12
svenstaro/miniserve,100,11,0,0.64,0
svix/svix-webhooks,100,5,0,0.0,0
swc-project/swc,100,10,0,0.0,0
swsnr/mdcat,100,12,0,0.33,0
sxyazi/yazi,100,0,0,0,0
sycamore-rs/sycamore,100,21,0,1.57,0
systemd/zram-generator,100,0,0,0,0
systeminit/si,100,0,0,0,0
szabodanika/microbin,97,0,0,0,0
tag1consulting/goose,100,2,0,0.0,0
taiki-e/cargo-llvm-cov,100,9,0,0.33,0
tailcallhq/tailcall,100,2,0,0.0,0
tailhook/vagga,0,,,,
tamasfe/taplo,100,5,0,0.0,0
target/lorri,0,,,,
tarka/xcp,87,8,0,0.62,0
tauri-apps/cargo-mobile2,100,11,0,0.91,0
tauri-apps/create-tauri-app,100,4,0,0.0,0
tauri-apps/plugins-workspace,100,11,0,0.09,0
tauri-apps/tauri,100,9,0,0.0,0
tauri-apps/wry,100,12,0,0.0,0
tazz4843/whisper-rs,100,10,0,6.5,1
tbillington/kondo,100,10,0,2.4,6
tcdi/plrust,100,1,99,99.0,99
tellerops/teller,0,,,,
teloxide/teloxide,100,5,0,0.0,0
tensorbase/tensorbase,0,,,,
tensorchord/VectorChord,100,3,0,0.0,0
tensorchord/pgvecto.rs,100,0,0,0,0
tensorflow/rust,50,4,0,45.75,6
tensorlakeai/indexify,100,16,0,0.19,0
tensorzero/tensorzero,100,5,0,0.0,0
terhechte/Ebou,0,,,,
tessi/wasmex,100,11,0,0.0,0
testcontainers/testcontainers-rs,100,12,0,1.5,2
tfpk/macrokata,0,,,,
theopfr/somo,100,11,0,0.27,0
thepowersgang/rust_os,99,10,0,10.7,11
theryangeary/choose,32,9,0,0.0,0
theseus-os/Theseus,100,13,0,0.15,0
thirtythreeforty/neolink,100,1,358,358.0,358
thomas-mauran/chess-tui,100,11,0,0.0,0
thomasschafer/scooter,100,9,0,0.33,0
threathunters-io/laurel,100,7,0,0.0,0
tikv/agatedb,0,,,,
tikv/grpc-rs,100,1,98,98.0,98
tikv/raft-engine,99,13,0,8.92,5
tikv/rust-prometheus,100,6,0,0.17,0
timescale/pgvectorscale,100,5,0,12.4,11
tiny-http/tiny-http,1,0,0,0,0
tinysearch/tinysearch,100,10,0,24.9,2
tkaitchuck/aHash,50,5,0,15.0,16
tkellogg/dura,58,0,0,0,0
tldr-pages/tlrc,100,7,0,2.71,7
tock/tock,100,8,0,0.0,0
toeverything/OctoBase,93,18,0,0.44,0
tokio-rs/axum,100,11,0,0.73,0
tokio-rs/console,100,2,0,0.0,0
tokio-rs/mio,100,10,0,22.3,36
tokio-rs/prost,100,15,0,0.07,0
tokio-rs/toasty,100,19,0,1.0,0
tokio-rs/tracing,100,10,0,0.0,0
tomaka/redshirt,100,1,0,0.0,0
tomaka/rouille,16,2,0,1.0,2
toml-rs/toml,100,9,0,4.11,0
tomusdrw/rust-web3,100,6,0,6.83,0
tonarino/innernet,100,5,0,3.4,0
tonbo-io/tonbo,100,17,0,0.24,0
topgrade-rs/topgrade,100,1,0,0.0,0
toshi-search/Toshi,0,,,,
touchHLE/touchHLE,100,7,0,0.0,0
tracel-ai/burn,100,21,0,0.0,0
tracel-ai/cubecl,100,8,0,0.0,0
trailbaseio/trailbase,100,10,0,0.4,1
tramhao/termusic,100,8,0,0.38,0
trane-project/trane,100,7,0,0.0,0
travisbrown/memory.lol,4,1,248,248.0,248
tree-sitter/tree-sitter,100,2,0,0.0,0
tremor-rs/tremor-runtime,100,50,0,0.0,0
trifectatechfoundation/sudo-rs,100,7,0,0.0,0
trifectatechfoundation/teach-rs,1,0,0,0,0
trishume/syntect,83,10,0,5.8,5
trunk-rs/trunk,100,12,0,3.33,1
trynova/nova,100,12,0,0.08,0
tsukinaha/tsukimi,100,10,0,1.4,0
tuananh/hyper-mcp,100,4,0,0.25,0
tummychow/git-absorb,100,9,0,2.78,0
tun2proxy/tun2proxy,100,1,0,0.0,0
tuna-f1sh/cyme,100,15,0,0.67,0
tuono-labs/tuono,100,23,0,0.0,0
turnage/valora,0,,,,
tursodatabase/turso,100,9,0,0.0,0
tweag/nickel,100,4,0,0.0,0
tweag/topiary,100,13,0,0.0,0
tweedegolf/mailcrab,49,10,0,5.3,0
twilco/kosmonaut,0,,,,
twistedfall/opencv-rust,100,6,0,0.0,0
twitter/rezolus,0,,,,
typst/packages,100,3,0,0.0,0
typst/typst,100,9,0,0.0,0
typstyle-rs/typstyle,100,0,0,0,0
tyrchen/geektime-rust,0,,,,
uber/piranha,100,7,0,0.0,0
uiua-lang/uiua,100,2,0,0.0,0
ulyssa/iamb,100,2,0,0.5,1
umijs/mako,100,6,0,0.0,0
unicode-org/icu4x,100,25,0,0.04,0
unicode-rs/unicode-segmentation,5,0,0,0,0
unionlabs/union,100,23,0,0.0,0
unlimitedbacon/stl-thumb,20,1,5,5.0,5
usagi-flow/evil-helix,100,6,0,1.5,1
use-ink/ink,100,8,0,0.0,0
uutils/coreutils,100,4,0,0.0,0
vadimcn/codelldb,74,3,5,66.33,187
valadaptive/ntsc-rs,100,4,0,5.25,0
valence-rs/valence,100,29,0,0.07,0
valeriansaliou/bloom,1,0,0,0,0
valeriansaliou/sonic,1,0,0,0,0
valeriansaliou/vigil,6,0,0,0,0
vectordotdev/vector,100,10,0,0.0,0
veeso/termscp,100,0,0,0,0
veloren/veloren,100,0,0,0,0
vercel/turborepo,100,8,0,0.0,0
versotile-org/verso,100,13,0,7.23,7
verus-lang/verus,100,6,0,0.0,0
veryl-lang/veryl,100,3,0,0.0,0
vicanso/pingap,100,5,0,0.0,0
vinc/moros,100,4,0,0.0,0
viperproject/prusti-dev,0,,,,
visioncortex/vtracer,3,0,0,0,0
vivoblueos/kernel,54,6,0,1.33,2
vizia/vizia,100,12,0,0.42,0
vladbat00/bevy_egui,100,16,0,2.31,5
vladkens/macmon,41,4,0,45.25,78
vlcn-io/cr-sqlite,10,2,0,0.0,0
volta-cli/volta,100,9,6,11.0,13
vorner/signal-hook,100,8,1,3.75,5
vortex-data/vortex,100,6,0,0.0,0
vosen/ZLUDA,100,18,0,0.0,0
vulkano-rs/vulkano,100,11,0,0.82,1
wadackel/vim-dogrun,11,0,0,0,0
warp-tech/warpgate,100,20,0,0.0,0
warpdotdev/workflows,0,,,,
wasm-bindgen/wasm-bindgen,100,9,0,0.0,0
wasmCloud/wasmCloud,100,6,0,0.0,0
wasmerio/wasmer,100,27,0,0.0,0
wasmerio/wasmer-js,100,9,0,39.22,0
wasmerio/wasmer-python,7,1,4,4.0,4
wasmi-labs/wasmi,100,19,0,0.16,0
watchexec/cargo-watch,100,6,0,0.33,0
watchexec/watchexec,100,1,0,0.0,0
waycrate/swhkd,100,1,1,1.0,1
web-infra-dev/rspack,100,11,0,0.0,0
webonnx/wonnx,0,,,,
weggli-rs/weggli,0,,,,
weiznich/diesel_async,100,13,0,2.31,5
wez/govee2mqtt,100,2,0,0.0,0
wezterm/wezterm,100,0,0,0,0
wfxr/code-minimap,41,1,259,259.0,259
wfxr/csview,100,1,0,0.0,0
willcrichton/flowistry,14,1,0,0.0,0
wilsonzlin/minify-html,37,11,0,1.73,0
winnow-rs/winnow,100,14,0,0.14,0
wintermute-cell/ngrrram,0,,,,
witnessmenow/ESP32-Cheap-Yellow-Display,100,4,0,0.0,0
woboq/qmetaobject-rs,21,2,79,111.5,144
woelper/oculante,100,3,0,3.0,6
wormtql/genshin_artifact,65,10,0,7.5,2
x2bool/xlite,6,2,0,0.0,0
xd009642/tarpaulin,100,20,0,0.5,0
xline-kv/Xline,100,15,0,0.0,0
xou816/spot,100,17,0,6.76,1
xremap/xremap,100,3,0,0.0,0
y-crdt/y-crdt,100,8,0,1.12,1
yeslogic/allsorts,24,3,0,13.67,40
yewstack/yew,100,6,0,0.0,0
yisar/ijc,60,2,0,0.0,0
ynqa/sig,36,3,0,0.0,0
yoav-lavi/melody,31,1,0,0.0,0
yobix-ai/extractous,100,15,0,9.6,1
yshavit/mdq,100,5,0,0.0,0
yuankunzhang/charming,100,3,0,15.0,45
yuezk/GlobalProtect-openconnect,100,2,0,35.5,71
yujqiao/catproc,0,,,,
zaghaghi/openapi-tui,13,3,0,34.33,89
zama-ai/fhevm,100,1,0,0.0,0
zama-ai/tfhe-rs,100,3,0,0.0,0
zboxfs/zbox,0,,,,
zdz/ServerStatus-Rust,53,3,13,42.0,99
zed-industries/zed,100,3,0,0.0,0
zee-editor/zee,2,1,219,219.0,219
zellij-org/zellij,100,2,0,0.5,1
zeromq/zmq.rs,30,4,0,0.0,0
zerotier/zeronsd,41,4,0,15.5,5
zesterer/chumsky,100,11,0,6.27,4
zetzit/zz,0,,,,
zhaofengli/attic,100,29,0,0.03,0
zhaofengli/colmena,100,5,0,0.0,0
zhboner/realm,96,5,0,0.2,0
zhom/donutbrowser,100,11,0,0.0,0
zhuowei/nft_ptr,0,,,,
ziesha-network/bazuka,0,,,,
zineland/zine,0,,,,
zino-rs/zino,100,2,0,0.0,0
zizmorcore/zizmor,100,2,0,0.0,0
zkonduit/ezkl,100,18,0,0.56,1
zoni/obsidian-export,100,8,0,0.0,0
zu1k/Good-MITM,1,1,14,14.0,14
zurawiki/gptcommit,100,1,86,86.0,86
